<?xml version="1.0" encoding="UTF-8"?>
<gpx xmlns:gpxdata="http://www.cluetrust.com/XML/GPXDATA/1/0" xmlns:xsi="http://www.w3.org/2001/XMLSchema-instance" xmlns="http://www.topografix.com/GPX/1/1" version="1.1" creator="http://ridewithgps.com/" xsi:schemaLocation="http://www.topografix.com/GPX/1/1 http://www.topografix.com/GPX/1/1/gpx.xsd http://www.cluetrust.com/XML/GPXDATA/1/0 http://www.cluetrust.com/Schemas/gpxdata10.xsd">
  <metadata>
    <name>Al FaB Tucuman</name>
    <link href="https://ridewithgps.com/trips/319157315">
      <text>Al FaB Tucuman</text>
    </link>
    <time>2025-08-12T11:09:34Z</time>
  </metadata>
  <wpt lat="-34.4620640721302" lon="-59.57164816869634">
    <name>Información</name>
    <cmt>generic</cmt>
    <sym>Dot</sym>
    <type>generic</type>
  </wpt>
  <wpt lat="-34.46206067021783" lon="-59.57164159637218">
    <name>Monumento a la identidad nacional</name>
    <cmt>generic</cmt>
    <sym>Dot</sym>
    <type>generic</type>
  </wpt>
  <wpt lat="-34.29656059133202" lon="-60.41430200091619">
    <name>Crees que soy sexy?</name>
    <cmt>control</cmt>
    <sym>Dot</sym>
    <type>checkpoint</type>
  </wpt>
  <wpt lat="-34.197599314777214" lon="-60.72415390620906">
    <name>Hospitalidad</name>
    <cmt>bikeshare</cmt>
    <desc>: Diego Polli. Recibimiento, apoyo y desayuno genial.</desc>
    <sym>Dot</sym>
    <type>service</type>
  </wpt>
  <wpt lat="-34.108681339598206" lon="-60.80795928623715">
    <name>Steve ray</name>
    <cmt>stop</cmt>
    <desc>Fin del disco In step</desc>
    <sym>Dot</sym>
    <type>generic</type>
  </wpt>
  <wpt lat="-33.92568804788078" lon="-61.05099095398978">
    <name>Aero club</name>
    <cmt>caution</cmt>
    <desc>Tiro a la hélice</desc>
    <sym>Dot</sym>
    <type>danger</type>
  </wpt>
  <wpt lat="-33.664052711806946" lon="-61.45826007216781">
    <name>Mangruyo</name>
    <cmt>generic</cmt>
    <desc>Fortin Melincue</desc>
    <sym>Dot</sym>
    <type>generic</type>
  </wpt>
  <wpt lat="-33.65468829031535" lon="-61.454487916993315">
    <name>Antiguo camino real a Cuyo</name>
    <cmt>trailhead</cmt>
    <desc>1663</desc>
    <sym>Dot</sym>
    <type>info</type>
  </wpt>
  <wpt lat="-33.129941731487094" lon="-62.093388319714514">
    <name>URQUIZA SANDWICHERIA</name>
    <cmt>food</cmt>
    <sym>Dot</sym>
    <type>food</type>
  </wpt>
  <wpt lat="-33.12396922114681" lon="-62.09691907212504">
    <name>Al paso</name>
    <cmt>food</cmt>
    <desc> empanaditas</desc>
    <sym>Dot</sym>
    <type>food</type>
  </wpt>
  <wpt lat="-33.11815296879224" lon="-62.09242009167051">
    <name>Fm 97.3</name>
    <cmt>stop</cmt>
    <desc>Se le voló el palomo a Martita</desc>
    <sym>Dot</sym>
    <type>generic</type>
  </wpt>
  <wpt lat="-33.105159714269725" lon="-62.089082701435075">
    <name>Fm 92.1</name>
    <cmt>stop</cmt>
    <sym>Dot</sym>
    <type>generic</type>
  </wpt>
  <wpt lat="-33.03951158078068" lon="-62.07248007222624">
    <name>Bici homenaje</name>
    <cmt>bikeshare</cmt>
    <desc>Peteco</desc>
    <sym>Dot</sym>
    <type>service</type>
  </wpt>
  <wpt lat="-32.97364822793986" lon="-62.06417200540801">
    <name>Camino Real</name>
    <cmt>control</cmt>
    <desc>Monte de los papagayos, sitio del fusilamiento del ex virrey, Santiago Liniers</desc>
    <sym>Dot</sym>
    <type>checkpoint</type>
  </wpt>
  <wpt lat="-32.94388724746398" lon="-62.2313771515698">
    <name>Fm 103.5</name>
    <cmt>stop</cmt>
    <desc>Entrevista</desc>
    <sym>Dot</sym>
    <type>generic</type>
  </wpt>
  <wpt lat="-32.942407986202824" lon="-62.24135431869941">
    <name>El aire libre (luis Franco)</name>
    <cmt>generic</cmt>
    <desc>Siento que el oire que nte rozo es se celes duro de sogandia viene después de haberse serod ono besado los juras, de haba concisado cor ruir. los Rojos y romos del bosque, de Roberseenti aliado en los vides, de hober colaborado
eleo vilos y silbidos de los pajaros
Le iCóno no ho de ser o más inspiro dor de
los nineses?
construcción de uno eto. El copataz del equapo habro taido uno empreso que se
desa
٥٠
- el
dedicala al reflex. También conão
como JuanPAblo al Envi. En locena Al</desc>
    <sym>Dot</sym>
    <type>generic</type>
  </wpt>
  <wpt lat="-32.872267979755826" lon="-62.72921591766716">
    <name>Policía policía</name>
    <cmt>caution</cmt>
    <desc>Bajaron de la ruta?</desc>
    <sym>Dot</sym>
    <type>danger</type>
  </wpt>
  <wpt lat="-32.878720899337736" lon="-62.68587031804445">
    <name>Complejo polideportivo Teniente Origone Justiniano Posse</name>
    <cmt>lodging</cmt>
    <sym>Dot</sym>
    <type>shelter</type>
  </wpt>
  <wpt lat="-32.53824298799977" lon="-62.9820119114827">
    <name>Sanysec Bicicleteria</name>
    <cmt>bikeshare</cmt>
    <desc>Service al paso!</desc>
    <sym>Dot</sym>
    <type>service</type>
  </wpt>
  <wpt lat="-31.511652525423884" lon="-64.05499346189505">
    <name> Radio nacional Córdoba</name>
    <cmt>generic</cmt>
    <sym>Dot</sym>
    <type>generic</type>
  </wpt>
  <wpt lat="-31.42328875495823" lon="-64.17646775937399">
    <name>Nudo loco, debí 60, elevado, pasarela peatonal</name>
    <cmt>bikeshare</cmt>
    <sym>Dot</sym>
    <type>service</type>
  </wpt>
  <wpt lat="-31.415791257932455" lon="-64.19252645008194">
    <name>Sobremonte</name>
    <cmt>generic</cmt>
    <desc>Paseo del Marquez S.</desc>
    <sym>Dot</sym>
    <type>generic</type>
  </wpt>
  <wpt lat="-30.98826055870543" lon="-64.1057278866669">
    <name>Estancia Caroya</name>
    <cmt>generic</cmt>
    <desc>Lugar de asilo de primeros inmigrantres italianos de c, caroya</desc>
    <sym>Dot</sym>
    <type>generic</type>
  </wpt>
  <wpt lat="-30.970651337638696" lon="-64.09701007525967">
    <name>Estancia Jesuitica Jesus Maria</name>
    <cmt>generic</cmt>
    <desc>Hoy Museo jesuitico</desc>
    <sym>Dot</sym>
    <type>generic</type>
  </wpt>
  <wpt lat="-30.701980762935264" lon="-64.0481631471302">
    <name>Epiref</name>
    <cmt>generic</cmt>
    <sym>Dot</sym>
    <type>generic</type>
  </wpt>
  <wpt lat="-30.562542377349647" lon="-64.00272929790374">
    <name>Don Rafa</name>
    <cmt>winery</cmt>
    <desc>Gran despensa generosa</desc>
    <sym>Dot</sym>
    <type>food</type>
  </wpt>
  <wpt lat="-30.073084847118704" lon="-63.823910636490645">
    <name>Sanguchito en ALMACOR</name>
    <cmt>winery</cmt>
    <sym>Dot</sym>
    <type>food</type>
  </wpt>
  <wpt lat="-29.53672499365012" lon="-63.710088970937264">
    <name>UNICAM</name>
    <cmt>stop</cmt>
    <desc>Universidad campesina</desc>
    <sym>Dot</sym>
    <type>generic</type>
  </wpt>
  <trk>
    <name>Al FaB Tucuman</name>
    <trkseg>
      <trkpt lat="-34.559529" lon="-59.122974">
        <ele>19.9</ele>
        <time>2025-08-12T14:09:34Z</time>
      </trkpt>
      <trkpt lat="-34.559449" lon="-59.122884">
        <ele>19.9</ele>
        <time>2025-08-12T14:20:33Z</time>
      </trkpt>
      <trkpt lat="-34.559497" lon="-59.123015">
        <ele>20.0</ele>
        <time>2025-08-12T14:21:19Z</time>
      </trkpt>
      <trkpt lat="-34.559738" lon="-59.122905">
        <ele>20.0</ele>
        <time>2025-08-12T14:22:25Z</time>
      </trkpt>
      <trkpt lat="-34.559094" lon="-59.12345">
        <ele>18.6</ele>
        <time>2025-08-12T14:34:22Z</time>
      </trkpt>
      <trkpt lat="-34.558779" lon="-59.123376">
        <ele>18.6</ele>
        <time>2025-08-12T14:35:02Z</time>
      </trkpt>
      <trkpt lat="-34.558629" lon="-59.123063">
        <ele>19.5</ele>
        <time>2025-08-12T14:43:16Z</time>
      </trkpt>
      <trkpt lat="-34.555387" lon="-59.125689">
        <ele>21.5</ele>
        <time>2025-08-12T14:50:30Z</time>
      </trkpt>
      <trkpt lat="-34.554779" lon="-59.125691">
        <ele>20.7</ele>
        <time>2025-08-12T14:54:52Z</time>
      </trkpt>
      <trkpt lat="-34.55473" lon="-59.125835">
        <ele>21.7</ele>
        <time>2025-08-12T14:55:37Z</time>
      </trkpt>
      <trkpt lat="-34.552824" lon="-59.125479">
        <ele>22.7</ele>
        <time>2025-08-12T14:56:54Z</time>
      </trkpt>
      <trkpt lat="-34.551383" lon="-59.125451">
        <ele>25.1</ele>
        <time>2025-08-12T14:57:52Z</time>
      </trkpt>
      <trkpt lat="-34.550907" lon="-59.125294">
        <ele>25.7</ele>
        <time>2025-08-12T14:58:06Z</time>
      </trkpt>
      <trkpt lat="-34.550557" lon="-59.124921">
        <ele>26.1</ele>
        <time>2025-08-12T14:58:20Z</time>
      </trkpt>
      <trkpt lat="-34.550238" lon="-59.125264">
        <ele>26.3</ele>
        <time>2025-08-12T14:58:32Z</time>
      </trkpt>
      <trkpt lat="-34.550579" lon="-59.1259">
        <ele>26.4</ele>
        <time>2025-08-12T14:58:48Z</time>
      </trkpt>
      <trkpt lat="-34.550739" lon="-59.126891">
        <ele>27.0</ele>
        <time>2025-08-12T14:59:20Z</time>
      </trkpt>
      <trkpt lat="-34.549006" lon="-59.13926">
        <ele>34.4</ele>
        <time>2025-08-12T15:04:40Z</time>
      </trkpt>
      <trkpt lat="-34.548726" lon="-59.148314">
        <ele>35.2</ele>
        <time>2025-08-12T15:07:30Z</time>
      </trkpt>
      <trkpt lat="-34.546717" lon="-59.160171">
        <ele>37.8</ele>
        <time>2025-08-12T15:11:48Z</time>
      </trkpt>
      <trkpt lat="-34.5467" lon="-59.161979">
        <ele>37.9</ele>
        <time>2025-08-12T15:12:28Z</time>
      </trkpt>
      <trkpt lat="-34.54565" lon="-59.163591">
        <ele>38.7</ele>
        <time>2025-08-12T15:13:12Z</time>
      </trkpt>
      <trkpt lat="-34.545418" lon="-59.1645">
        <ele>38.8</ele>
        <time>2025-08-12T15:13:32Z</time>
      </trkpt>
      <trkpt lat="-34.545579" lon="-59.165287">
        <ele>39.1</ele>
        <time>2025-08-12T15:13:48Z</time>
      </trkpt>
      <trkpt lat="-34.546911" lon="-59.167586">
        <ele>38.6</ele>
        <time>2025-08-12T15:14:44Z</time>
      </trkpt>
      <trkpt lat="-34.547338" lon="-59.168862">
        <ele>39.0</ele>
        <time>2025-08-12T15:15:10Z</time>
      </trkpt>
      <trkpt lat="-34.549775" lon="-59.189961">
        <ele>38.5</ele>
        <time>2025-08-12T15:28:50Z</time>
      </trkpt>
      <trkpt lat="-34.549948" lon="-59.192375">
        <ele>41.8</ele>
        <time>2025-08-12T15:29:56Z</time>
      </trkpt>
      <trkpt lat="-34.549861" lon="-59.193645">
        <ele>42.4</ele>
        <time>2025-08-12T15:30:32Z</time>
      </trkpt>
      <trkpt lat="-34.549249" lon="-59.196007">
        <ele>43.7</ele>
        <time>2025-08-12T15:31:28Z</time>
      </trkpt>
      <trkpt lat="-34.547697" lon="-59.199288">
        <ele>41.3</ele>
        <time>2025-08-12T15:32:34Z</time>
      </trkpt>
      <trkpt lat="-34.547102" lon="-59.201298">
        <ele>40.1</ele>
        <time>2025-08-12T15:33:12Z</time>
      </trkpt>
      <trkpt lat="-34.542728" lon="-59.239901">
        <ele>40.3</ele>
        <time>2025-08-12T15:47:20Z</time>
      </trkpt>
      <trkpt lat="-34.537859" lon="-59.257175">
        <ele>43.8</ele>
        <time>2025-08-12T15:53:42Z</time>
      </trkpt>
      <trkpt lat="-34.536801" lon="-59.262575">
        <ele>44.5</ele>
        <time>2025-08-12T15:55:46Z</time>
      </trkpt>
      <trkpt lat="-34.53049" lon="-59.283073">
        <ele>48.2</ele>
        <time>2025-08-12T16:06:20Z</time>
      </trkpt>
      <trkpt lat="-34.526281" lon="-59.295495">
        <ele>50.5</ele>
        <time>2025-08-12T16:12:04Z</time>
      </trkpt>
      <trkpt lat="-34.524406" lon="-59.299563">
        <ele>50.9</ele>
        <time>2025-08-12T16:13:52Z</time>
      </trkpt>
      <trkpt lat="-34.519242" lon="-59.30958">
        <ele>51.4</ele>
        <time>2025-08-12T16:18:54Z</time>
      </trkpt>
      <trkpt lat="-34.519122" lon="-59.309617">
        <ele>51.4</ele>
        <time>2025-08-12T16:20:12Z</time>
      </trkpt>
      <trkpt lat="-34.519246" lon="-59.309189">
        <ele>51.2</ele>
        <time>2025-08-12T16:20:32Z</time>
      </trkpt>
      <trkpt lat="-34.518993" lon="-59.310116">
        <ele>57.0</ele>
        <time>2025-08-12T16:49:24Z</time>
      </trkpt>
      <trkpt lat="-34.50657" lon="-59.333931">
        <ele>66.4</ele>
        <time>2025-08-12T17:01:48Z</time>
      </trkpt>
      <trkpt lat="-34.504535" lon="-59.336912">
        <ele>65.3</ele>
        <time>2025-08-12T17:03:18Z</time>
      </trkpt>
      <trkpt lat="-34.496709" lon="-59.346249">
        <ele>64.7</ele>
        <time>2025-08-12T17:09:38Z</time>
      </trkpt>
      <trkpt lat="-34.495509" lon="-59.348139">
        <ele>65.7</ele>
        <time>2025-08-12T17:10:38Z</time>
      </trkpt>
      <trkpt lat="-34.491345" lon="-59.357504">
        <ele>47.2</ele>
        <time>2025-08-12T17:42:32Z</time>
      </trkpt>
      <trkpt lat="-34.48622" lon="-59.372007">
        <ele>49.1</ele>
        <time>2025-08-12T17:49:16Z</time>
      </trkpt>
      <trkpt lat="-34.483081" lon="-59.378347">
        <ele>50.1</ele>
        <time>2025-08-12T17:52:30Z</time>
      </trkpt>
      <trkpt lat="-34.482147" lon="-59.37978">
        <ele>50.2</ele>
        <time>2025-08-12T17:53:14Z</time>
      </trkpt>
      <trkpt lat="-34.480714" lon="-59.381232">
        <ele>49.8</ele>
        <time>2025-08-12T17:54:06Z</time>
      </trkpt>
      <trkpt lat="-34.469625" lon="-59.38963">
        <ele>52.7</ele>
        <time>2025-08-12T18:00:20Z</time>
      </trkpt>
      <trkpt lat="-34.468447" lon="-59.390359">
        <ele>52.5</ele>
        <time>2025-08-12T18:02:28Z</time>
      </trkpt>
      <trkpt lat="-34.466521" lon="-59.39206">
        <ele>53.8</ele>
        <time>2025-08-12T18:04:54Z</time>
      </trkpt>
      <trkpt lat="-34.465493" lon="-59.393583">
        <ele>54.4</ele>
        <time>2025-08-12T18:05:40Z</time>
      </trkpt>
      <trkpt lat="-34.464659" lon="-59.395341">
        <ele>54.1</ele>
        <time>2025-08-12T18:06:32Z</time>
      </trkpt>
      <trkpt lat="-34.462137" lon="-59.405501">
        <ele>54.9</ele>
        <time>2025-08-12T18:10:42Z</time>
      </trkpt>
      <trkpt lat="-34.461912" lon="-59.406771">
        <ele>55.1</ele>
        <time>2025-08-12T18:12:52Z</time>
      </trkpt>
      <trkpt lat="-34.461045" lon="-59.426177">
        <ele>57.3</ele>
        <time>2025-08-12T18:21:40Z</time>
      </trkpt>
      <trkpt lat="-34.461522" lon="-59.428777">
        <ele>57.9</ele>
        <time>2025-08-12T18:22:48Z</time>
      </trkpt>
      <trkpt lat="-34.463889" lon="-59.433674">
        <ele>57.1</ele>
        <time>2025-08-12T18:25:06Z</time>
      </trkpt>
      <trkpt lat="-34.464598" lon="-59.436364">
        <ele>56.4</ele>
        <time>2025-08-12T18:26:22Z</time>
      </trkpt>
      <trkpt lat="-34.468143" lon="-59.474826">
        <ele>53.3</ele>
        <time>2025-08-12T18:47:28Z</time>
      </trkpt>
      <trkpt lat="-34.467853" lon="-59.476951">
        <ele>54.1</ele>
        <time>2025-08-12T18:48:24Z</time>
      </trkpt>
      <trkpt lat="-34.46715" lon="-59.479057">
        <ele>54.5</ele>
        <time>2025-08-12T18:49:22Z</time>
      </trkpt>
      <trkpt lat="-34.466495" lon="-59.480254">
        <ele>54.9</ele>
        <time>2025-08-12T18:49:58Z</time>
      </trkpt>
      <trkpt lat="-34.464068" lon="-59.483735">
        <ele>55.8</ele>
        <time>2025-08-12T18:52:08Z</time>
      </trkpt>
      <trkpt lat="-34.463334" lon="-59.48526">
        <ele>55.3</ele>
        <time>2025-08-12T18:53:58Z</time>
      </trkpt>
      <trkpt lat="-34.462817" lon="-59.487003">
        <ele>56.5</ele>
        <time>2025-08-12T18:55:00Z</time>
      </trkpt>
      <trkpt lat="-34.462504" lon="-59.488988">
        <ele>56.0</ele>
        <time>2025-08-12T18:55:44Z</time>
      </trkpt>
      <trkpt lat="-34.461372" lon="-59.504095">
        <ele>60.5</ele>
        <time>2025-08-12T19:02:40Z</time>
      </trkpt>
      <trkpt lat="-34.461881" lon="-59.541799">
        <ele>62.1</ele>
        <time>2025-08-12T19:17:54Z</time>
      </trkpt>
      <trkpt lat="-34.461421" lon="-59.541843">
        <ele>62.1</ele>
        <time>2025-08-12T19:29:46Z</time>
      </trkpt>
      <trkpt lat="-34.461889" lon="-59.541907">
        <ele>65.1</ele>
        <time>2025-08-12T19:43:09Z</time>
      </trkpt>
      <trkpt lat="-34.462435" lon="-59.57005">
        <ele>64.0</ele>
        <time>2025-08-12T19:56:21Z</time>
      </trkpt>
      <trkpt lat="-34.462421" lon="-59.570467">
        <ele>63.9</ele>
        <time>2025-08-12T19:56:35Z</time>
      </trkpt>
      <trkpt lat="-34.461992" lon="-59.571098">
        <ele>62.2</ele>
        <time>2025-08-12T19:56:59Z</time>
      </trkpt>
      <trkpt lat="-34.461998" lon="-59.571903">
        <ele>60.8</ele>
        <time>2025-08-12T19:59:11Z</time>
      </trkpt>
      <trkpt lat="-34.462001" lon="-59.571054">
        <ele>61.7</ele>
        <time>2025-08-12T20:03:45Z</time>
      </trkpt>
      <trkpt lat="-34.462448" lon="-59.570603">
        <ele>62.7</ele>
        <time>2025-08-12T20:05:17Z</time>
      </trkpt>
      <trkpt lat="-34.463178" lon="-59.609893">
        <ele>65.1</ele>
        <time>2025-08-12T20:21:57Z</time>
      </trkpt>
      <trkpt lat="-34.457335" lon="-59.661521">
        <ele>62.3</ele>
        <time>2025-08-12T20:41:33Z</time>
      </trkpt>
      <trkpt lat="-34.45716" lon="-59.661572">
        <ele>60.0</ele>
        <time>2025-08-12T20:47:29Z</time>
      </trkpt>
      <trkpt lat="-34.425557" lon="-59.753049">
        <ele>57.0</ele>
        <time>2025-08-12T21:37:41Z</time>
      </trkpt>
      <trkpt lat="-34.411234" lon="-59.790401">
        <ele>47.4</ele>
        <time>2025-08-12T21:48:10Z</time>
      </trkpt>
      <trkpt lat="-34.40703" lon="-59.807768">
        <ele>45.2</ele>
        <time>2025-08-12T21:52:50Z</time>
      </trkpt>
      <trkpt lat="-34.405386" lon="-59.818707">
        <ele>45.9</ele>
        <time>2025-08-12T21:56:08Z</time>
      </trkpt>
      <trkpt lat="-34.405266" lon="-59.820793">
        <ele>45.8</ele>
        <time>2025-08-12T21:56:52Z</time>
      </trkpt>
      <trkpt lat="-34.404515" lon="-59.825946">
        <ele>46.2</ele>
        <time>2025-08-12T21:58:46Z</time>
      </trkpt>
      <trkpt lat="-34.403922" lon="-59.827613">
        <ele>46.0</ele>
        <time>2025-08-12T21:59:22Z</time>
      </trkpt>
      <trkpt lat="-34.403574" lon="-59.828126">
        <ele>45.4</ele>
        <time>2025-08-12T21:59:40Z</time>
      </trkpt>
      <trkpt lat="-34.402587" lon="-59.828107">
        <ele>44.1</ele>
        <time>2025-08-12T22:03:56Z</time>
      </trkpt>
      <trkpt lat="-34.383892" lon="-59.823832">
        <ele>41.4</ele>
        <time>2025-08-12T22:16:56Z</time>
      </trkpt>
      <trkpt lat="-34.382827" lon="-59.827775">
        <ele>41.2</ele>
        <time>2025-08-12T22:19:10Z</time>
      </trkpt>
      <trkpt lat="-34.378634" lon="-59.826457">
        <ele>39.6</ele>
        <time>2025-08-12T22:24:20Z</time>
      </trkpt>
      <trkpt lat="-34.378242" lon="-59.828792">
        <ele>39.8</ele>
        <time>2025-08-12T22:25:24Z</time>
      </trkpt>
      <trkpt lat="-34.377142" lon="-59.828676">
        <ele>39.1</ele>
        <time>2025-08-12T22:26:42Z</time>
      </trkpt>
      <trkpt lat="-34.376897" lon="-59.829862">
        <ele>38.9</ele>
        <time>2025-08-12T22:27:14Z</time>
      </trkpt>
      <trkpt lat="-34.375096" lon="-59.829728">
        <ele>38.8</ele>
        <time>2025-08-12T22:28:12Z</time>
      </trkpt>
      <trkpt lat="-34.374968" lon="-59.830336">
        <ele>38.0</ele>
        <time>2025-08-12T22:31:28Z</time>
      </trkpt>
      <trkpt lat="-34.37547" lon="-59.830342">
        <ele>38.0</ele>
        <time>2025-08-12T22:48:20Z</time>
      </trkpt>
      <trkpt lat="-34.375526" lon="-59.830496">
        <ele>37.9</ele>
        <time>2025-08-12T22:50:20Z</time>
      </trkpt>
      <trkpt lat="-34.37551" lon="-59.830335">
        <ele>37.0</ele>
        <time>2025-08-12T22:51:22Z</time>
      </trkpt>
      <trkpt lat="-34.375483" lon="-59.830538">
        <ele>37.0</ele>
        <time>2025-08-12T22:51:46Z</time>
      </trkpt>
      <trkpt lat="-34.375528" lon="-59.830178">
        <ele>49.0</ele>
        <time>2025-08-12T23:38:11Z</time>
      </trkpt>
      <trkpt lat="-34.375592" lon="-59.830357">
        <ele>46.2</ele>
        <time>2025-08-12T23:40:09Z</time>
      </trkpt>
      <trkpt lat="-34.375069" lon="-59.830211">
        <ele>48.2</ele>
        <time>2025-08-13T11:56:25Z</time>
      </trkpt>
      <trkpt lat="-34.374969" lon="-59.830368">
        <ele>48.7</ele>
        <time>2025-08-13T11:56:40Z</time>
      </trkpt>
      <trkpt lat="-34.375054" lon="-59.830174">
        <ele>48.5</ele>
        <time>2025-08-13T12:19:34Z</time>
      </trkpt>
      <trkpt lat="-34.375188" lon="-59.830357">
        <ele>49.3</ele>
        <time>2025-08-13T12:20:16Z</time>
      </trkpt>
      <trkpt lat="-34.375489" lon="-59.830326">
        <ele>48.5</ele>
        <time>2025-08-13T12:20:36Z</time>
      </trkpt>
      <trkpt lat="-34.375422" lon="-59.830205">
        <ele>50.8</ele>
        <time>2025-08-13T12:20:56Z</time>
      </trkpt>
      <trkpt lat="-34.375367" lon="-59.830417">
        <ele>48.4</ele>
        <time>2025-08-13T12:21:20Z</time>
      </trkpt>
      <trkpt lat="-34.375536" lon="-59.830223">
        <ele>50.7</ele>
        <time>2025-08-13T12:25:28Z</time>
      </trkpt>
      <trkpt lat="-34.375539" lon="-59.830441">
        <ele>46.0</ele>
        <time>2025-08-13T12:29:38Z</time>
      </trkpt>
      <trkpt lat="-34.375538" lon="-59.830168">
        <ele>46.3</ele>
        <time>2025-08-13T12:45:30Z</time>
      </trkpt>
      <trkpt lat="-34.37564" lon="-59.830362">
        <ele>41.1</ele>
        <time>2025-08-13T13:02:30Z</time>
      </trkpt>
      <trkpt lat="-34.375526" lon="-59.830236">
        <ele>40.9</ele>
        <time>2025-08-13T13:03:34Z</time>
      </trkpt>
      <trkpt lat="-34.375578" lon="-59.83039">
        <ele>39.8</ele>
        <time>2025-08-13T13:06:18Z</time>
      </trkpt>
      <trkpt lat="-34.375543" lon="-59.830258">
        <ele>39.4</ele>
        <time>2025-08-13T13:06:50Z</time>
      </trkpt>
      <trkpt lat="-34.375339" lon="-59.8304">
        <ele>38.9</ele>
        <time>2025-08-13T13:07:36Z</time>
      </trkpt>
      <trkpt lat="-34.375511" lon="-59.830336">
        <ele>39.3</ele>
        <time>2025-08-13T13:07:56Z</time>
      </trkpt>
      <trkpt lat="-34.375075" lon="-59.830381">
        <ele>38.8</ele>
        <time>2025-08-13T13:09:00Z</time>
      </trkpt>
      <trkpt lat="-34.374942" lon="-59.830135">
        <ele>38.7</ele>
        <time>2025-08-13T13:10:40Z</time>
      </trkpt>
      <trkpt lat="-34.374727" lon="-59.831861">
        <ele>47.9</ele>
        <time>2025-08-13T13:34:12Z</time>
      </trkpt>
      <trkpt lat="-34.37661" lon="-59.831964">
        <ele>48.2</ele>
        <time>2025-08-13T13:35:30Z</time>
      </trkpt>
      <trkpt lat="-34.3765" lon="-59.833584">
        <ele>47.7</ele>
        <time>2025-08-13T13:38:28Z</time>
      </trkpt>
      <trkpt lat="-34.377995" lon="-59.833876">
        <ele>48.2</ele>
        <time>2025-08-13T13:39:36Z</time>
      </trkpt>
      <trkpt lat="-34.378291" lon="-59.832103">
        <ele>48.3</ele>
        <time>2025-08-13T13:40:14Z</time>
      </trkpt>
      <trkpt lat="-34.376808" lon="-59.831893">
        <ele>47.4</ele>
        <time>2025-08-13T13:40:52Z</time>
      </trkpt>
      <trkpt lat="-34.377125" lon="-59.82992">
        <ele>48.2</ele>
        <time>2025-08-13T13:41:32Z</time>
      </trkpt>
      <trkpt lat="-34.377973" lon="-59.82998">
        <ele>48.5</ele>
        <time>2025-08-13T13:42:04Z</time>
      </trkpt>
      <trkpt lat="-34.378131" lon="-59.829713">
        <ele>48.5</ele>
        <time>2025-08-13T13:42:14Z</time>
      </trkpt>
      <trkpt lat="-34.378074" lon="-59.829992">
        <ele>47.9</ele>
        <time>2025-08-13T13:42:24Z</time>
      </trkpt>
      <trkpt lat="-34.377132" lon="-59.829838">
        <ele>47.9</ele>
        <time>2025-08-13T13:42:48Z</time>
      </trkpt>
      <trkpt lat="-34.37722" lon="-59.828605">
        <ele>47.8</ele>
        <time>2025-08-13T13:43:16Z</time>
      </trkpt>
      <trkpt lat="-34.376974" lon="-59.829831">
        <ele>47.7</ele>
        <time>2025-08-13T13:43:46Z</time>
      </trkpt>
      <trkpt lat="-34.376653" lon="-59.829985">
        <ele>47.8</ele>
        <time>2025-08-13T13:43:58Z</time>
      </trkpt>
      <trkpt lat="-34.376791" lon="-59.830999">
        <ele>47.4</ele>
        <time>2025-08-13T13:44:26Z</time>
      </trkpt>
      <trkpt lat="-34.37641" lon="-59.83299">
        <ele>47.4</ele>
        <time>2025-08-13T13:46:20Z</time>
      </trkpt>
      <trkpt lat="-34.376442" lon="-59.833919">
        <ele>46.1</ele>
        <time>2025-08-13T14:01:58Z</time>
      </trkpt>
      <trkpt lat="-34.374195" lon="-59.848565">
        <ele>45.4</ele>
        <time>2025-08-13T14:08:26Z</time>
      </trkpt>
      <trkpt lat="-34.374385" lon="-59.848554">
        <ele>44.7</ele>
        <time>2025-08-13T14:11:52Z</time>
      </trkpt>
      <trkpt lat="-34.374215" lon="-59.848597">
        <ele>44.3</ele>
        <time>2025-08-13T14:14:42Z</time>
      </trkpt>
      <trkpt lat="-34.374189" lon="-59.849102">
        <ele>44.7</ele>
        <time>2025-08-13T14:14:58Z</time>
      </trkpt>
      <trkpt lat="-34.388154" lon="-59.852098">
        <ele>46.5</ele>
        <time>2025-08-13T14:22:10Z</time>
      </trkpt>
      <trkpt lat="-34.412282" lon="-59.856544">
        <ele>48.0</ele>
        <time>2025-08-13T14:35:02Z</time>
      </trkpt>
      <trkpt lat="-34.416168" lon="-59.857531">
        <ele>50.0</ele>
        <time>2025-08-13T14:37:00Z</time>
      </trkpt>
      <trkpt lat="-34.416947" lon="-59.860232">
        <ele>50.7</ele>
        <time>2025-08-13T14:37:54Z</time>
      </trkpt>
      <trkpt lat="-34.42195" lon="-59.88195">
        <ele>47.7</ele>
        <time>2025-08-13T14:47:06Z</time>
      </trkpt>
      <trkpt lat="-34.435747" lon="-59.912776">
        <ele>49.9</ele>
        <time>2025-08-13T15:02:30Z</time>
      </trkpt>
      <trkpt lat="-34.43535" lon="-59.914906">
        <ele>50.7</ele>
        <time>2025-08-13T15:03:32Z</time>
      </trkpt>
      <trkpt lat="-34.425374" lon="-59.927835">
        <ele>49.4</ele>
        <time>2025-08-13T15:11:44Z</time>
      </trkpt>
      <trkpt lat="-34.423109" lon="-59.931177">
        <ele>49.5</ele>
        <time>2025-08-13T15:12:46Z</time>
      </trkpt>
      <trkpt lat="-34.409988" lon="-59.971962">
        <ele>44.5</ele>
        <time>2025-08-13T15:22:20Z</time>
      </trkpt>
      <trkpt lat="-34.409026" lon="-59.97422">
        <ele>44.1</ele>
        <time>2025-08-13T15:22:56Z</time>
      </trkpt>
      <trkpt lat="-34.381767" lon="-60.010875">
        <ele>46.0</ele>
        <time>2025-08-13T15:46:56Z</time>
      </trkpt>
      <trkpt lat="-34.380605" lon="-60.013196">
        <ele>46.1</ele>
        <time>2025-08-13T15:47:32Z</time>
      </trkpt>
      <trkpt lat="-34.375621" lon="-60.026332">
        <ele>48.9</ele>
        <time>2025-08-13T15:50:54Z</time>
      </trkpt>
      <trkpt lat="-34.375146" lon="-60.029282">
        <ele>49.0</ele>
        <time>2025-08-13T15:51:36Z</time>
      </trkpt>
      <trkpt lat="-34.375063" lon="-60.035421">
        <ele>48.6</ele>
        <time>2025-08-13T15:53:04Z</time>
      </trkpt>
      <trkpt lat="-34.369984" lon="-60.074185">
        <ele>55.3</ele>
        <time>2025-08-13T16:04:06Z</time>
      </trkpt>
      <trkpt lat="-34.358016" lon="-60.122551">
        <ele>61.3</ele>
        <time>2025-08-13T16:19:58Z</time>
      </trkpt>
      <trkpt lat="-34.351934" lon="-60.174145">
        <ele>68.0</ele>
        <time>2025-08-13T16:34:50Z</time>
      </trkpt>
      <trkpt lat="-34.350606" lon="-60.187707">
        <ele>66.6</ele>
        <time>2025-08-13T16:38:20Z</time>
      </trkpt>
      <trkpt lat="-34.349841" lon="-60.190448">
        <ele>65.0</ele>
        <time>2025-08-13T16:39:00Z</time>
      </trkpt>
      <trkpt lat="-34.339814" lon="-60.20785">
        <ele>62.3</ele>
        <time>2025-08-13T16:45:30Z</time>
      </trkpt>
      <trkpt lat="-34.339584" lon="-60.20787">
        <ele>61.3</ele>
        <time>2025-08-13T16:52:10Z</time>
      </trkpt>
      <trkpt lat="-34.339705" lon="-60.207727">
        <ele>61.9</ele>
        <time>2025-08-13T16:58:48Z</time>
      </trkpt>
      <trkpt lat="-34.33974" lon="-60.207989">
        <ele>63.9</ele>
        <time>2025-08-13T17:05:52Z</time>
      </trkpt>
      <trkpt lat="-34.326653" lon="-60.230586">
        <ele>57.9</ele>
        <time>2025-08-13T17:14:20Z</time>
      </trkpt>
      <trkpt lat="-34.3216" lon="-60.237358">
        <ele>57.3</ele>
        <time>2025-08-13T17:17:06Z</time>
      </trkpt>
      <trkpt lat="-34.320836" lon="-60.237802">
        <ele>57.2</ele>
        <time>2025-08-13T17:17:28Z</time>
      </trkpt>
      <trkpt lat="-34.32051" lon="-60.238677">
        <ele>56.6</ele>
        <time>2025-08-13T17:17:46Z</time>
      </trkpt>
      <trkpt lat="-34.316209" lon="-60.244431">
        <ele>57.6</ele>
        <time>2025-08-13T17:20:12Z</time>
      </trkpt>
      <trkpt lat="-34.31573" lon="-60.245296">
        <ele>56.7</ele>
        <time>2025-08-13T17:20:34Z</time>
      </trkpt>
      <trkpt lat="-34.314216" lon="-60.245515">
        <ele>55.5</ele>
        <time>2025-08-13T17:21:22Z</time>
      </trkpt>
      <trkpt lat="-34.314591" lon="-60.245647">
        <ele>55.2</ele>
        <time>2025-08-13T17:21:44Z</time>
      </trkpt>
      <trkpt lat="-34.31471" lon="-60.245925">
        <ele>54.3</ele>
        <time>2025-08-13T17:23:04Z</time>
      </trkpt>
      <trkpt lat="-34.314567" lon="-60.245498">
        <ele>56.2</ele>
        <time>2025-08-13T17:47:00Z</time>
      </trkpt>
      <trkpt lat="-34.314283" lon="-60.245317">
        <ele>55.9</ele>
        <time>2025-08-13T17:47:56Z</time>
      </trkpt>
      <trkpt lat="-34.314315" lon="-60.245425">
        <ele>56.2</ele>
        <time>2025-08-13T17:49:46Z</time>
      </trkpt>
      <trkpt lat="-34.312421" lon="-60.245494">
        <ele>56.3</ele>
        <time>2025-08-13T17:50:56Z</time>
      </trkpt>
      <trkpt lat="-34.310223" lon="-60.245201">
        <ele>56.8</ele>
        <time>2025-08-13T17:52:16Z</time>
      </trkpt>
      <trkpt lat="-34.295734" lon="-60.241342">
        <ele>51.8</ele>
        <time>2025-08-13T18:02:04Z</time>
      </trkpt>
      <trkpt lat="-34.294629" lon="-60.240821">
        <ele>51.2</ele>
        <time>2025-08-13T18:02:38Z</time>
      </trkpt>
      <trkpt lat="-34.294478" lon="-60.241075">
        <ele>51.3</ele>
        <time>2025-08-13T18:02:46Z</time>
      </trkpt>
      <trkpt lat="-34.29455" lon="-60.241977">
        <ele>51.1</ele>
        <time>2025-08-13T18:03:08Z</time>
      </trkpt>
      <trkpt lat="-34.292218" lon="-60.254125">
        <ele>51.3</ele>
        <time>2025-08-13T18:08:58Z</time>
      </trkpt>
      <trkpt lat="-34.29201" lon="-60.254359">
        <ele>51.4</ele>
        <time>2025-08-13T18:09:10Z</time>
      </trkpt>
      <trkpt lat="-34.291634" lon="-60.254235">
        <ele>51.2</ele>
        <time>2025-08-13T18:09:26Z</time>
      </trkpt>
      <trkpt lat="-34.29151" lon="-60.254409">
        <ele>51.0</ele>
        <time>2025-08-13T18:09:34Z</time>
      </trkpt>
      <trkpt lat="-34.292007" lon="-60.254606">
        <ele>50.7</ele>
        <time>2025-08-13T18:09:56Z</time>
      </trkpt>
      <trkpt lat="-34.291853" lon="-60.254857">
        <ele>50.4</ele>
        <time>2025-08-13T18:10:10Z</time>
      </trkpt>
      <trkpt lat="-34.291618" lon="-60.254817">
        <ele>50.0</ele>
        <time>2025-08-13T18:10:20Z</time>
      </trkpt>
      <trkpt lat="-34.291707" lon="-60.254212">
        <ele>50.9</ele>
        <time>2025-08-13T18:10:44Z</time>
      </trkpt>
      <trkpt lat="-34.291788" lon="-60.254685">
        <ele>50.8</ele>
        <time>2025-08-13T18:11:12Z</time>
      </trkpt>
      <trkpt lat="-34.292044" lon="-60.254375">
        <ele>50.9</ele>
        <time>2025-08-13T18:11:34Z</time>
      </trkpt>
      <trkpt lat="-34.291964" lon="-60.254888">
        <ele>50.4</ele>
        <time>2025-08-13T18:12:52Z</time>
      </trkpt>
      <trkpt lat="-34.29152" lon="-60.254817">
        <ele>50.2</ele>
        <time>2025-08-13T18:13:10Z</time>
      </trkpt>
      <trkpt lat="-34.291618" lon="-60.254174">
        <ele>50.7</ele>
        <time>2025-08-13T18:13:30Z</time>
      </trkpt>
      <trkpt lat="-34.292108" lon="-60.2543">
        <ele>50.9</ele>
        <time>2025-08-13T18:13:48Z</time>
      </trkpt>
      <trkpt lat="-34.292027" lon="-60.25482">
        <ele>50.6</ele>
        <time>2025-08-13T18:14:06Z</time>
      </trkpt>
      <trkpt lat="-34.291391" lon="-60.254875">
        <ele>50.0</ele>
        <time>2025-08-13T18:15:34Z</time>
      </trkpt>
      <trkpt lat="-34.291904" lon="-60.254976">
        <ele>50.1</ele>
        <time>2025-08-13T18:15:54Z</time>
      </trkpt>
      <trkpt lat="-34.291966" lon="-60.255174">
        <ele>50.2</ele>
        <time>2025-08-13T18:16:00Z</time>
      </trkpt>
      <trkpt lat="-34.290916" lon="-60.26061">
        <ele>44.0</ele>
        <time>2025-08-13T18:18:00Z</time>
      </trkpt>
      <trkpt lat="-34.286621" lon="-60.259488">
        <ele>42.3</ele>
        <time>2025-08-13T18:19:44Z</time>
      </trkpt>
      <trkpt lat="-34.283753" lon="-60.259066">
        <ele>42.1</ele>
        <time>2025-08-13T18:21:20Z</time>
      </trkpt>
      <trkpt lat="-34.283585" lon="-60.258779">
        <ele>42.7</ele>
        <time>2025-08-13T18:22:04Z</time>
      </trkpt>
      <trkpt lat="-34.282565" lon="-60.25874">
        <ele>42.0</ele>
        <time>2025-08-13T18:23:46Z</time>
      </trkpt>
      <trkpt lat="-34.283606" lon="-60.25888">
        <ele>41.6</ele>
        <time>2025-08-13T18:24:26Z</time>
      </trkpt>
      <trkpt lat="-34.283334" lon="-60.258595">
        <ele>42.3</ele>
        <time>2025-08-13T18:27:44Z</time>
      </trkpt>
      <trkpt lat="-34.283225" lon="-60.258771">
        <ele>41.0</ele>
        <time>2025-08-13T18:34:36Z</time>
      </trkpt>
      <trkpt lat="-34.283369" lon="-60.258734">
        <ele>40.4</ele>
        <time>2025-08-13T18:36:32Z</time>
      </trkpt>
      <trkpt lat="-34.282865" lon="-60.258198">
        <ele>40.2</ele>
        <time>2025-08-13T18:41:56Z</time>
      </trkpt>
      <trkpt lat="-34.283025" lon="-60.258627">
        <ele>40.3</ele>
        <time>2025-08-13T18:42:38Z</time>
      </trkpt>
      <trkpt lat="-34.28345" lon="-60.258719">
        <ele>39.9</ele>
        <time>2025-08-13T18:46:12Z</time>
      </trkpt>
      <trkpt lat="-34.283702" lon="-60.259204">
        <ele>40.1</ele>
        <time>2025-08-13T18:46:52Z</time>
      </trkpt>
      <trkpt lat="-34.288032" lon="-60.259782">
        <ele>39.3</ele>
        <time>2025-08-13T18:50:26Z</time>
      </trkpt>
      <trkpt lat="-34.288697" lon="-60.260033">
        <ele>40.1</ele>
        <time>2025-08-13T18:50:50Z</time>
      </trkpt>
      <trkpt lat="-34.28899" lon="-60.25915">
        <ele>40.8</ele>
        <time>2025-08-13T18:52:06Z</time>
      </trkpt>
      <trkpt lat="-34.291739" lon="-60.259919">
        <ele>40.5</ele>
        <time>2025-08-13T18:53:34Z</time>
      </trkpt>
      <trkpt lat="-34.292011" lon="-60.259247">
        <ele>41.3</ele>
        <time>2025-08-13T18:54:12Z</time>
      </trkpt>
      <trkpt lat="-34.292417" lon="-60.256952">
        <ele>44.9</ele>
        <time>2025-08-13T18:55:56Z</time>
      </trkpt>
      <trkpt lat="-34.293242" lon="-60.257024">
        <ele>44.9</ele>
        <time>2025-08-13T18:56:44Z</time>
      </trkpt>
      <trkpt lat="-34.293988" lon="-60.253202">
        <ele>48.5</ele>
        <time>2025-08-13T19:01:04Z</time>
      </trkpt>
      <trkpt lat="-34.293867" lon="-60.25295">
        <ele>48.4</ele>
        <time>2025-08-13T19:01:12Z</time>
      </trkpt>
      <trkpt lat="-34.292558" lon="-60.252599">
        <ele>48.3</ele>
        <time>2025-08-13T19:04:20Z</time>
      </trkpt>
      <trkpt lat="-34.292714" lon="-60.252534">
        <ele>48.8</ele>
        <time>2025-08-13T19:04:46Z</time>
      </trkpt>
      <trkpt lat="-34.292615" lon="-60.252626">
        <ele>48.0</ele>
        <time>2025-08-13T19:11:51Z</time>
      </trkpt>
      <trkpt lat="-34.292621" lon="-60.252509">
        <ele>47.9</ele>
        <time>2025-08-13T19:24:33Z</time>
      </trkpt>
      <trkpt lat="-34.292582" lon="-60.252625">
        <ele>48.0</ele>
        <time>2025-08-13T19:26:55Z</time>
      </trkpt>
      <trkpt lat="-34.292621" lon="-60.252485">
        <ele>47.5</ele>
        <time>2025-08-13T19:31:31Z</time>
      </trkpt>
      <trkpt lat="-34.292688" lon="-60.252886">
        <ele>47.7</ele>
        <time>2025-08-13T19:41:30Z</time>
      </trkpt>
      <trkpt lat="-34.292629" lon="-60.252565">
        <ele>46.7</ele>
        <time>2025-08-13T19:44:37Z</time>
      </trkpt>
      <trkpt lat="-34.294504" lon="-60.253968">
        <ele>53.0</ele>
        <time>2025-08-13T20:08:55Z</time>
      </trkpt>
      <trkpt lat="-34.297527" lon="-60.254852">
        <ele>49.4</ele>
        <time>2025-08-13T20:12:33Z</time>
      </trkpt>
      <trkpt lat="-34.297272" lon="-60.256372">
        <ele>49.2</ele>
        <time>2025-08-13T20:13:11Z</time>
      </trkpt>
      <trkpt lat="-34.29832" lon="-60.256665">
        <ele>50.6</ele>
        <time>2025-08-13T20:13:51Z</time>
      </trkpt>
      <trkpt lat="-34.298332" lon="-60.25758">
        <ele>51.1</ele>
        <time>2025-08-13T20:14:43Z</time>
      </trkpt>
      <trkpt lat="-34.303369" lon="-60.258942">
        <ele>50.2</ele>
        <time>2025-08-13T20:17:13Z</time>
      </trkpt>
      <trkpt lat="-34.303251" lon="-60.26019">
        <ele>49.7</ele>
        <time>2025-08-13T20:17:49Z</time>
      </trkpt>
      <trkpt lat="-34.309001" lon="-60.261705">
        <ele>53.6</ele>
        <time>2025-08-13T20:20:41Z</time>
      </trkpt>
      <trkpt lat="-34.309824" lon="-60.262116">
        <ele>53.1</ele>
        <time>2025-08-13T20:21:11Z</time>
      </trkpt>
      <trkpt lat="-34.309835" lon="-60.264434">
        <ele>53.4</ele>
        <time>2025-08-13T20:22:05Z</time>
      </trkpt>
      <trkpt lat="-34.312686" lon="-60.295234">
        <ele>48.6</ele>
        <time>2025-08-13T20:31:50Z</time>
      </trkpt>
      <trkpt lat="-34.312818" lon="-60.297337">
        <ele>49.3</ele>
        <time>2025-08-13T20:32:26Z</time>
      </trkpt>
      <trkpt lat="-34.312696" lon="-60.299289">
        <ele>49.8</ele>
        <time>2025-08-13T20:33:00Z</time>
      </trkpt>
      <trkpt lat="-34.293426" lon="-60.376888">
        <ele>57.0</ele>
        <time>2025-08-13T20:53:50Z</time>
      </trkpt>
      <trkpt lat="-34.293074" lon="-60.379152">
        <ele>55.6</ele>
        <time>2025-08-13T20:54:20Z</time>
      </trkpt>
      <trkpt lat="-34.293266" lon="-60.382704">
        <ele>54.7</ele>
        <time>2025-08-13T20:55:16Z</time>
      </trkpt>
      <trkpt lat="-34.296505" lon="-60.414101">
        <ele>66.2</ele>
        <time>2025-08-13T21:05:46Z</time>
      </trkpt>
      <trkpt lat="-34.29649" lon="-60.414231">
        <ele>65.9</ele>
        <time>2025-08-13T21:05:52Z</time>
      </trkpt>
      <trkpt lat="-34.296193" lon="-60.414223">
        <ele>65.2</ele>
        <time>2025-08-13T21:06:58Z</time>
      </trkpt>
      <trkpt lat="-34.296571" lon="-60.414318">
        <ele>64.9</ele>
        <time>2025-08-13T21:20:20Z</time>
      </trkpt>
      <trkpt lat="-34.299702" lon="-60.444843">
        <ele>63.6</ele>
        <time>2025-08-13T21:33:14Z</time>
      </trkpt>
      <trkpt lat="-34.300036" lon="-60.448769">
        <ele>62.7</ele>
        <time>2025-08-13T21:34:20Z</time>
      </trkpt>
      <trkpt lat="-34.299872" lon="-60.451192">
        <ele>62.0</ele>
        <time>2025-08-13T21:35:04Z</time>
      </trkpt>
      <trkpt lat="-34.299423" lon="-60.452993">
        <ele>61.9</ele>
        <time>2025-08-13T21:35:46Z</time>
      </trkpt>
      <trkpt lat="-34.298617" lon="-60.455122">
        <ele>62.1</ele>
        <time>2025-08-13T21:36:32Z</time>
      </trkpt>
      <trkpt lat="-34.283535" lon="-60.493214">
        <ele>60.6</ele>
        <time>2025-08-13T21:48:38Z</time>
      </trkpt>
      <trkpt lat="-34.266917" lon="-60.520416">
        <ele>55.8</ele>
        <time>2025-08-13T21:56:36Z</time>
      </trkpt>
      <trkpt lat="-34.260614" lon="-60.527857">
        <ele>50.7</ele>
        <time>2025-08-13T21:59:04Z</time>
      </trkpt>
      <trkpt lat="-34.259262" lon="-60.52975">
        <ele>44.8</ele>
        <time>2025-08-13T21:59:34Z</time>
      </trkpt>
      <trkpt lat="-34.251221" lon="-60.548526">
        <ele>52.1</ele>
        <time>2025-08-13T22:05:02Z</time>
      </trkpt>
      <trkpt lat="-34.249634" lon="-60.550609">
        <ele>53.4</ele>
        <time>2025-08-13T22:06:06Z</time>
      </trkpt>
      <trkpt lat="-34.248653" lon="-60.551476">
        <ele>54.2</ele>
        <time>2025-08-13T22:06:34Z</time>
      </trkpt>
      <trkpt lat="-34.247456" lon="-60.552226">
        <ele>55.1</ele>
        <time>2025-08-13T22:07:04Z</time>
      </trkpt>
      <trkpt lat="-34.238057" lon="-60.555522">
        <ele>56.4</ele>
        <time>2025-08-13T22:10:44Z</time>
      </trkpt>
      <trkpt lat="-34.23689" lon="-60.556111">
        <ele>57.9</ele>
        <time>2025-08-13T22:11:14Z</time>
      </trkpt>
      <trkpt lat="-34.235619" lon="-60.557099">
        <ele>59.5</ele>
        <time>2025-08-13T22:11:48Z</time>
      </trkpt>
      <trkpt lat="-34.221189" lon="-60.574306">
        <ele>59.1</ele>
        <time>2025-08-13T22:40:35Z</time>
      </trkpt>
      <trkpt lat="-34.220159" lon="-60.575903">
        <ele>59.6</ele>
        <time>2025-08-13T22:41:14Z</time>
      </trkpt>
      <trkpt lat="-34.219406" lon="-60.577529">
        <ele>60.3</ele>
        <time>2025-08-13T22:41:53Z</time>
      </trkpt>
      <trkpt lat="-34.218699" lon="-60.580496">
        <ele>61.1</ele>
        <time>2025-08-13T22:42:57Z</time>
      </trkpt>
      <trkpt lat="-34.216658" lon="-60.601831">
        <ele>61.1</ele>
        <time>2025-08-13T22:50:07Z</time>
      </trkpt>
      <trkpt lat="-34.217132" lon="-60.633671">
        <ele>53.7</ele>
        <time>2025-08-13T23:00:11Z</time>
      </trkpt>
      <trkpt lat="-34.211138" lon="-60.661101">
        <ele>54.4</ele>
        <time>2025-08-13T23:09:31Z</time>
      </trkpt>
      <trkpt lat="-34.205829" lon="-60.688765">
        <ele>47.9</ele>
        <time>2025-08-13T23:18:05Z</time>
      </trkpt>
      <trkpt lat="-34.20522" lon="-60.691019">
        <ele>49.8</ele>
        <time>2025-08-13T23:18:55Z</time>
      </trkpt>
      <trkpt lat="-34.204439" lon="-60.692723">
        <ele>50.9</ele>
        <time>2025-08-13T23:19:33Z</time>
      </trkpt>
      <trkpt lat="-34.203296" lon="-60.694382">
        <ele>50.0</ele>
        <time>2025-08-13T23:20:15Z</time>
      </trkpt>
      <trkpt lat="-34.191937" lon="-60.708199">
        <ele>52.9</ele>
        <time>2025-08-13T23:26:45Z</time>
      </trkpt>
      <trkpt lat="-34.19137" lon="-60.708845">
        <ele>52.9</ele>
        <time>2025-08-13T23:27:07Z</time>
      </trkpt>
      <trkpt lat="-34.190788" lon="-60.709198">
        <ele>53.1</ele>
        <time>2025-08-13T23:27:21Z</time>
      </trkpt>
      <trkpt lat="-34.19069" lon="-60.709754">
        <ele>53.0</ele>
        <time>2025-08-13T23:27:31Z</time>
      </trkpt>
      <trkpt lat="-34.191309" lon="-60.710253">
        <ele>49.7</ele>
        <time>2025-08-13T23:34:13Z</time>
      </trkpt>
      <trkpt lat="-34.191245" lon="-60.710405">
        <ele>51.7</ele>
        <time>2025-08-13T23:35:31Z</time>
      </trkpt>
      <trkpt lat="-34.191456" lon="-60.709609">
        <ele>49.9</ele>
        <time>2025-08-13T23:59:59Z</time>
      </trkpt>
      <trkpt lat="-34.191369" lon="-60.709254">
        <ele>50.0</ele>
        <time>2025-08-14T00:00:09Z</time>
      </trkpt>
      <trkpt lat="-34.190421" lon="-60.708761">
        <ele>50.0</ele>
        <time>2025-08-14T00:00:39Z</time>
      </trkpt>
      <trkpt lat="-34.1899" lon="-60.708809">
        <ele>49.3</ele>
        <time>2025-08-14T00:01:07Z</time>
      </trkpt>
      <trkpt lat="-34.189424" lon="-60.708462">
        <ele>52.4</ele>
        <time>2025-08-14T00:01:31Z</time>
      </trkpt>
      <trkpt lat="-34.178506" lon="-60.695273">
        <ele>53.7</ele>
        <time>2025-08-14T00:11:55Z</time>
      </trkpt>
      <trkpt lat="-34.177819" lon="-60.694555">
        <ele>53.4</ele>
        <time>2025-08-14T00:12:33Z</time>
      </trkpt>
      <trkpt lat="-34.177332" lon="-60.694481">
        <ele>53.7</ele>
        <time>2025-08-14T00:12:55Z</time>
      </trkpt>
      <trkpt lat="-34.175885" lon="-60.692798">
        <ele>53.6</ele>
        <time>2025-08-14T00:14:09Z</time>
      </trkpt>
      <trkpt lat="-34.175057" lon="-60.691487">
        <ele>52.5</ele>
        <time>2025-08-14T00:15:27Z</time>
      </trkpt>
      <trkpt lat="-34.174537" lon="-60.691982">
        <ele>53.9</ele>
        <time>2025-08-14T00:16:03Z</time>
      </trkpt>
      <trkpt lat="-34.174593" lon="-60.692139">
        <ele>54.0</ele>
        <time>2025-08-14T00:16:11Z</time>
      </trkpt>
      <trkpt lat="-34.174665" lon="-60.692011">
        <ele>53.9</ele>
        <time>2025-08-14T00:16:17Z</time>
      </trkpt>
      <trkpt lat="-34.17451" lon="-60.691979">
        <ele>54.0</ele>
        <time>2025-08-14T00:16:25Z</time>
      </trkpt>
      <trkpt lat="-34.17454" lon="-60.692136">
        <ele>54.0</ele>
        <time>2025-08-14T00:16:31Z</time>
      </trkpt>
      <trkpt lat="-34.174616" lon="-60.691948">
        <ele>54.0</ele>
        <time>2025-08-14T00:16:49Z</time>
      </trkpt>
      <trkpt lat="-34.17443" lon="-60.691864">
        <ele>54.1</ele>
        <time>2025-08-14T00:18:47Z</time>
      </trkpt>
      <trkpt lat="-34.174134" lon="-60.69275">
        <ele>54.9</ele>
        <time>2025-08-14T00:21:11Z</time>
      </trkpt>
      <trkpt lat="-34.174094" lon="-60.692515">
        <ele>53.5</ele>
        <time>2025-08-14T00:23:13Z</time>
      </trkpt>
      <trkpt lat="-34.174525" lon="-60.691967">
        <ele>53.6</ele>
        <time>2025-08-14T00:24:21Z</time>
      </trkpt>
      <trkpt lat="-34.174395" lon="-60.691941">
        <ele>53.6</ele>
        <time>2025-08-14T00:24:57Z</time>
      </trkpt>
      <trkpt lat="-34.174518" lon="-60.691791">
        <ele>53.6</ele>
        <time>2025-08-14T00:30:09Z</time>
      </trkpt>
      <trkpt lat="-34.17447" lon="-60.691933">
        <ele>52.8</ele>
        <time>2025-08-14T00:30:47Z</time>
      </trkpt>
      <trkpt lat="-34.174371" lon="-60.691796">
        <ele>52.8</ele>
        <time>2025-08-14T00:45:23Z</time>
      </trkpt>
      <trkpt lat="-34.174554" lon="-60.691861">
        <ele>52.6</ele>
        <time>2025-08-14T00:47:15Z</time>
      </trkpt>
      <trkpt lat="-34.174423" lon="-60.691958">
        <ele>51.1</ele>
        <time>2025-08-14T00:57:18Z</time>
      </trkpt>
      <trkpt lat="-34.174428" lon="-60.691701">
        <ele>50.5</ele>
        <time>2025-08-14T01:08:59Z</time>
      </trkpt>
      <trkpt lat="-34.174472" lon="-60.691958">
        <ele>50.1</ele>
        <time>2025-08-14T01:15:33Z</time>
      </trkpt>
      <trkpt lat="-34.174322" lon="-60.692067">
        <ele>50.6</ele>
        <time>2025-08-14T01:15:59Z</time>
      </trkpt>
      <trkpt lat="-34.174366" lon="-60.691674">
        <ele>50.0</ele>
        <time>2025-08-14T01:18:09Z</time>
      </trkpt>
      <trkpt lat="-34.174306" lon="-60.691961">
        <ele>50.4</ele>
        <time>2025-08-14T01:18:49Z</time>
      </trkpt>
      <trkpt lat="-34.174515" lon="-60.692068">
        <ele>50.2</ele>
        <time>2025-08-14T01:19:21Z</time>
      </trkpt>
      <trkpt lat="-34.174373" lon="-60.692036">
        <ele>50.3</ele>
        <time>2025-08-14T01:19:39Z</time>
      </trkpt>
      <trkpt lat="-34.174117" lon="-60.692546">
        <ele>51.1</ele>
        <time>2025-08-14T01:20:47Z</time>
      </trkpt>
      <trkpt lat="-34.174278" lon="-60.69271">
        <ele>51.6</ele>
        <time>2025-08-14T01:21:13Z</time>
      </trkpt>
      <trkpt lat="-34.174173" lon="-60.692625">
        <ele>51.9</ele>
        <time>2025-08-14T01:21:47Z</time>
      </trkpt>
      <trkpt lat="-34.174109" lon="-60.692786">
        <ele>51.8</ele>
        <time>2025-08-14T01:22:05Z</time>
      </trkpt>
      <trkpt lat="-34.17411" lon="-60.692462">
        <ele>51.2</ele>
        <time>2025-08-14T01:22:45Z</time>
      </trkpt>
      <trkpt lat="-34.174608" lon="-60.691796">
        <ele>50.9</ele>
        <time>2025-08-14T01:24:06Z</time>
      </trkpt>
      <trkpt lat="-34.174769" lon="-60.691782">
        <ele>50.8</ele>
        <time>2025-08-14T01:24:33Z</time>
      </trkpt>
      <trkpt lat="-34.174524" lon="-60.692117">
        <ele>51.0</ele>
        <time>2025-08-14T01:25:21Z</time>
      </trkpt>
      <trkpt lat="-34.174584" lon="-60.691829">
        <ele>50.4</ele>
        <time>2025-08-14T01:26:19Z</time>
      </trkpt>
      <trkpt lat="-34.17484" lon="-60.692108">
        <ele>49.9</ele>
        <time>2025-08-14T01:29:15Z</time>
      </trkpt>
      <trkpt lat="-34.174695" lon="-60.692035">
        <ele>49.9</ele>
        <time>2025-08-14T01:29:53Z</time>
      </trkpt>
      <trkpt lat="-34.17482" lon="-60.692102">
        <ele>49.8</ele>
        <time>2025-08-14T01:30:25Z</time>
      </trkpt>
      <trkpt lat="-34.174879" lon="-60.691721">
        <ele>49.5</ele>
        <time>2025-08-14T01:31:27Z</time>
      </trkpt>
      <trkpt lat="-34.17481" lon="-60.691912">
        <ele>49.4</ele>
        <time>2025-08-14T01:31:45Z</time>
      </trkpt>
      <trkpt lat="-34.174439" lon="-60.691995">
        <ele>49.4</ele>
        <time>2025-08-14T01:32:37Z</time>
      </trkpt>
      <trkpt lat="-34.174318" lon="-60.691882">
        <ele>49.5</ele>
        <time>2025-08-14T01:32:55Z</time>
      </trkpt>
      <trkpt lat="-34.174472" lon="-60.691975">
        <ele>49.6</ele>
        <time>2025-08-14T01:33:29Z</time>
      </trkpt>
      <trkpt lat="-34.17447" lon="-60.6917">
        <ele>49.5</ele>
        <time>2025-08-14T01:35:21Z</time>
      </trkpt>
      <trkpt lat="-34.174404" lon="-60.692055">
        <ele>49.1</ele>
        <time>2025-08-14T01:47:43Z</time>
      </trkpt>
      <trkpt lat="-34.174577" lon="-60.691876">
        <ele>49.0</ele>
        <time>2025-08-14T02:01:27Z</time>
      </trkpt>
      <trkpt lat="-34.174489" lon="-60.692019">
        <ele>49.2</ele>
        <time>2025-08-14T02:05:21Z</time>
      </trkpt>
      <trkpt lat="-34.17456" lon="-60.691825">
        <ele>49.2</ele>
        <time>2025-08-14T02:06:49Z</time>
      </trkpt>
      <trkpt lat="-34.174425" lon="-60.691965">
        <ele>48.9</ele>
        <time>2025-08-14T02:08:23Z</time>
      </trkpt>
      <trkpt lat="-34.174353" lon="-60.691814">
        <ele>49.0</ele>
        <time>2025-08-14T02:10:41Z</time>
      </trkpt>
      <trkpt lat="-34.174413" lon="-60.691922">
        <ele>48.2</ele>
        <time>2025-08-14T02:12:43Z</time>
      </trkpt>
      <trkpt lat="-34.174551" lon="-60.691782">
        <ele>49.6</ele>
        <time>2025-08-14T02:15:55Z</time>
      </trkpt>
      <trkpt lat="-34.174428" lon="-60.691813">
        <ele>49.3</ele>
        <time>2025-08-14T02:19:11Z</time>
      </trkpt>
      <trkpt lat="-34.174484" lon="-60.692051">
        <ele>49.5</ele>
        <time>2025-08-14T02:20:39Z</time>
      </trkpt>
      <trkpt lat="-34.174438" lon="-60.691759">
        <ele>48.9</ele>
        <time>2025-08-14T02:57:51Z</time>
      </trkpt>
      <trkpt lat="-34.174637" lon="-60.691782">
        <ele>48.7</ele>
        <time>2025-08-14T02:58:45Z</time>
      </trkpt>
      <trkpt lat="-34.17439" lon="-60.691922">
        <ele>48.6</ele>
        <time>2025-08-14T03:00:23Z</time>
      </trkpt>
      <trkpt lat="-34.174458" lon="-60.691742">
        <ele>46.9</ele>
        <time>2025-08-14T03:22:41Z</time>
      </trkpt>
      <trkpt lat="-34.174456" lon="-60.691969">
        <ele>46.4</ele>
        <time>2025-08-14T03:26:35Z</time>
      </trkpt>
      <trkpt lat="-34.17438" lon="-60.691818">
        <ele>46.3</ele>
        <time>2025-08-14T03:26:57Z</time>
      </trkpt>
      <trkpt lat="-34.174321" lon="-60.692203">
        <ele>46.2</ele>
        <time>2025-08-14T03:27:31Z</time>
      </trkpt>
      <trkpt lat="-34.174563" lon="-60.691927">
        <ele>46.6</ele>
        <time>2025-08-14T03:28:09Z</time>
      </trkpt>
      <trkpt lat="-34.174325" lon="-60.691876">
        <ele>46.6</ele>
        <time>2025-08-14T03:30:15Z</time>
      </trkpt>
      <trkpt lat="-34.174526" lon="-60.691914">
        <ele>46.5</ele>
        <time>2025-08-14T03:30:31Z</time>
      </trkpt>
      <trkpt lat="-34.17455" lon="-60.69176">
        <ele>46.5</ele>
        <time>2025-08-14T03:31:35Z</time>
      </trkpt>
      <trkpt lat="-34.17444" lon="-60.691865">
        <ele>43.1</ele>
        <time>2025-08-14T03:32:19Z</time>
      </trkpt>
      <trkpt lat="-34.174694" lon="-60.692095">
        <ele>75.8</ele>
        <time>2025-08-14T12:26:16Z</time>
      </trkpt>
      <trkpt lat="-34.174503" lon="-60.692029">
        <ele>76.0</ele>
        <time>2025-08-14T12:29:10Z</time>
      </trkpt>
      <trkpt lat="-34.174604" lon="-60.692206">
        <ele>75.8</ele>
        <time>2025-08-14T12:35:44Z</time>
      </trkpt>
      <trkpt lat="-34.174619" lon="-60.691906">
        <ele>75.0</ele>
        <time>2025-08-14T12:39:54Z</time>
      </trkpt>
      <trkpt lat="-34.174512" lon="-60.692075">
        <ele>75.7</ele>
        <time>2025-08-14T12:40:44Z</time>
      </trkpt>
      <trkpt lat="-34.174584" lon="-60.691902">
        <ele>75.5</ele>
        <time>2025-08-14T12:41:10Z</time>
      </trkpt>
      <trkpt lat="-34.174683" lon="-60.692093">
        <ele>75.5</ele>
        <time>2025-08-14T12:42:14Z</time>
      </trkpt>
      <trkpt lat="-34.174572" lon="-60.691849">
        <ele>75.4</ele>
        <time>2025-08-14T12:43:02Z</time>
      </trkpt>
      <trkpt lat="-34.174592" lon="-60.692189">
        <ele>75.1</ele>
        <time>2025-08-14T12:44:34Z</time>
      </trkpt>
      <trkpt lat="-34.174545" lon="-60.691898">
        <ele>75.9</ele>
        <time>2025-08-14T12:45:56Z</time>
      </trkpt>
      <trkpt lat="-34.174744" lon="-60.692145">
        <ele>76.2</ele>
        <time>2025-08-14T12:47:04Z</time>
      </trkpt>
      <trkpt lat="-34.174632" lon="-60.69245">
        <ele>75.6</ele>
        <time>2025-08-14T12:48:04Z</time>
      </trkpt>
      <trkpt lat="-34.174578" lon="-60.691945">
        <ele>75.5</ele>
        <time>2025-08-14T12:48:30Z</time>
      </trkpt>
      <trkpt lat="-34.174396" lon="-60.691911">
        <ele>75.3</ele>
        <time>2025-08-14T12:48:44Z</time>
      </trkpt>
      <trkpt lat="-34.174595" lon="-60.69246">
        <ele>75.0</ele>
        <time>2025-08-14T12:49:36Z</time>
      </trkpt>
      <trkpt lat="-34.17356" lon="-60.693656">
        <ele>76.1</ele>
        <time>2025-08-14T12:52:02Z</time>
      </trkpt>
      <trkpt lat="-34.173015" lon="-60.693934">
        <ele>77.4</ele>
        <time>2025-08-14T13:20:16Z</time>
      </trkpt>
      <trkpt lat="-34.195032" lon="-60.712886">
        <ele>68.2</ele>
        <time>2025-08-14T13:51:49Z</time>
      </trkpt>
      <trkpt lat="-34.194804" lon="-60.71373">
        <ele>67.8</ele>
        <time>2025-08-14T13:52:15Z</time>
      </trkpt>
      <trkpt lat="-34.19554" lon="-60.715026">
        <ele>68.6</ele>
        <time>2025-08-14T13:53:03Z</time>
      </trkpt>
      <trkpt lat="-34.191692" lon="-60.721997">
        <ele>65.7</ele>
        <time>2025-08-14T13:56:47Z</time>
      </trkpt>
      <trkpt lat="-34.194354" lon="-60.724171">
        <ele>67.0</ele>
        <time>2025-08-14T13:58:19Z</time>
      </trkpt>
      <trkpt lat="-34.193693" lon="-60.725478">
        <ele>68.1</ele>
        <time>2025-08-14T13:58:57Z</time>
      </trkpt>
      <trkpt lat="-34.194348" lon="-60.726245">
        <ele>68.2</ele>
        <time>2025-08-14T14:00:49Z</time>
      </trkpt>
      <trkpt lat="-34.193811" lon="-60.726367">
        <ele>70.0</ele>
        <time>2025-08-14T14:01:53Z</time>
      </trkpt>
      <trkpt lat="-34.193685" lon="-60.726701">
        <ele>69.9</ele>
        <time>2025-08-14T14:02:51Z</time>
      </trkpt>
      <trkpt lat="-34.194251" lon="-60.726199">
        <ele>67.5</ele>
        <time>2025-08-14T14:04:33Z</time>
      </trkpt>
      <trkpt lat="-34.193985" lon="-60.725853">
        <ele>69.0</ele>
        <time>2025-08-14T14:05:09Z</time>
      </trkpt>
      <trkpt lat="-34.194311" lon="-60.726271">
        <ele>67.4</ele>
        <time>2025-08-14T14:16:21Z</time>
      </trkpt>
      <trkpt lat="-34.195934" lon="-60.72336">
        <ele>65.5</ele>
        <time>2025-08-14T14:23:11Z</time>
      </trkpt>
      <trkpt lat="-34.197878" lon="-60.724895">
        <ele>65.7</ele>
        <time>2025-08-14T14:24:27Z</time>
      </trkpt>
      <trkpt lat="-34.197398" lon="-60.724472">
        <ele>65.6</ele>
        <time>2025-08-14T14:24:49Z</time>
      </trkpt>
      <trkpt lat="-34.197394" lon="-60.7242">
        <ele>65.7</ele>
        <time>2025-08-14T14:25:31Z</time>
      </trkpt>
      <trkpt lat="-34.197665" lon="-60.72408">
        <ele>66.7</ele>
        <time>2025-08-14T14:44:11Z</time>
      </trkpt>
      <trkpt lat="-34.197457" lon="-60.724106">
        <ele>66.5</ele>
        <time>2025-08-14T14:44:53Z</time>
      </trkpt>
      <trkpt lat="-34.194253" lon="-60.729767">
        <ele>69.2</ele>
        <time>2025-08-14T14:48:35Z</time>
      </trkpt>
      <trkpt lat="-34.193708" lon="-60.729776">
        <ele>69.2</ele>
        <time>2025-08-14T14:48:55Z</time>
      </trkpt>
      <trkpt lat="-34.193681" lon="-60.729983">
        <ele>69.1</ele>
        <time>2025-08-14T14:52:55Z</time>
      </trkpt>
      <trkpt lat="-34.194015" lon="-60.730195">
        <ele>69.3</ele>
        <time>2025-08-14T14:54:37Z</time>
      </trkpt>
      <trkpt lat="-34.193763" lon="-60.730697">
        <ele>69.4</ele>
        <time>2025-08-14T14:54:57Z</time>
      </trkpt>
      <trkpt lat="-34.194076" lon="-60.730738">
        <ele>69.8</ele>
        <time>2025-08-14T14:55:27Z</time>
      </trkpt>
      <trkpt lat="-34.194061" lon="-60.730624">
        <ele>69.9</ele>
        <time>2025-08-14T14:55:33Z</time>
      </trkpt>
      <trkpt lat="-34.194147" lon="-60.731038">
        <ele>69.3</ele>
        <time>2025-08-14T14:55:51Z</time>
      </trkpt>
      <trkpt lat="-34.194277" lon="-60.730913">
        <ele>69.6</ele>
        <time>2025-08-14T14:56:01Z</time>
      </trkpt>
      <trkpt lat="-34.194125" lon="-60.730672">
        <ele>70.0</ele>
        <time>2025-08-14T14:56:21Z</time>
      </trkpt>
      <trkpt lat="-34.193786" lon="-60.730803">
        <ele>69.9</ele>
        <time>2025-08-14T14:56:41Z</time>
      </trkpt>
      <trkpt lat="-34.194117" lon="-60.731093">
        <ele>69.7</ele>
        <time>2025-08-14T14:56:57Z</time>
      </trkpt>
      <trkpt lat="-34.19441" lon="-60.730737">
        <ele>69.8</ele>
        <time>2025-08-14T14:57:13Z</time>
      </trkpt>
      <trkpt lat="-34.194132" lon="-60.730687">
        <ele>69.8</ele>
        <time>2025-08-14T14:57:31Z</time>
      </trkpt>
      <trkpt lat="-34.194103" lon="-60.730338">
        <ele>70.0</ele>
        <time>2025-08-14T14:57:47Z</time>
      </trkpt>
      <trkpt lat="-34.194538" lon="-60.730675">
        <ele>69.8</ele>
        <time>2025-08-14T14:58:43Z</time>
      </trkpt>
      <trkpt lat="-34.194381" lon="-60.730829">
        <ele>69.8</ele>
        <time>2025-08-14T14:59:15Z</time>
      </trkpt>
      <trkpt lat="-34.194123" lon="-60.730648">
        <ele>69.9</ele>
        <time>2025-08-14T14:59:31Z</time>
      </trkpt>
      <trkpt lat="-34.194522" lon="-60.730587">
        <ele>70.0</ele>
        <time>2025-08-14T14:59:49Z</time>
      </trkpt>
      <trkpt lat="-34.194899" lon="-60.729803">
        <ele>69.2</ele>
        <time>2025-08-14T15:00:27Z</time>
      </trkpt>
      <trkpt lat="-34.194995" lon="-60.72992">
        <ele>69.7</ele>
        <time>2025-08-14T15:01:43Z</time>
      </trkpt>
      <trkpt lat="-34.194532" lon="-60.729558">
        <ele>70.0</ele>
        <time>2025-08-14T15:02:33Z</time>
      </trkpt>
      <trkpt lat="-34.19469" lon="-60.729007">
        <ele>69.4</ele>
        <time>2025-08-14T15:03:09Z</time>
      </trkpt>
      <trkpt lat="-34.194559" lon="-60.729074">
        <ele>69.6</ele>
        <time>2025-08-14T15:03:33Z</time>
      </trkpt>
      <trkpt lat="-34.194483" lon="-60.729355">
        <ele>69.8</ele>
        <time>2025-08-14T15:03:45Z</time>
      </trkpt>
      <trkpt lat="-34.194738" lon="-60.729849">
        <ele>69.4</ele>
        <time>2025-08-14T15:05:51Z</time>
      </trkpt>
      <trkpt lat="-34.194983" lon="-60.729961">
        <ele>69.4</ele>
        <time>2025-08-14T15:07:11Z</time>
      </trkpt>
      <trkpt lat="-34.195221" lon="-60.729414">
        <ele>69.6</ele>
        <time>2025-08-14T15:07:31Z</time>
      </trkpt>
      <trkpt lat="-34.195956" lon="-60.728584">
        <ele>69.2</ele>
        <time>2025-08-14T15:09:09Z</time>
      </trkpt>
      <trkpt lat="-34.195972" lon="-60.728146">
        <ele>69.0</ele>
        <time>2025-08-14T15:09:29Z</time>
      </trkpt>
      <trkpt lat="-34.197815" lon="-60.725282">
        <ele>67.7</ele>
        <time>2025-08-14T15:10:45Z</time>
      </trkpt>
      <trkpt lat="-34.197865" lon="-60.724924">
        <ele>67.6</ele>
        <time>2025-08-14T15:10:57Z</time>
      </trkpt>
      <trkpt lat="-34.197494" lon="-60.72441">
        <ele>68.4</ele>
        <time>2025-08-14T15:11:15Z</time>
      </trkpt>
      <trkpt lat="-34.197555" lon="-60.723977">
        <ele>68.0</ele>
        <time>2025-08-14T15:20:17Z</time>
      </trkpt>
      <trkpt lat="-34.197587" lon="-60.724168">
        <ele>67.4</ele>
        <time>2025-08-14T15:22:39Z</time>
      </trkpt>
      <trkpt lat="-34.197757" lon="-60.724089">
        <ele>67.4</ele>
        <time>2025-08-14T15:24:29Z</time>
      </trkpt>
      <trkpt lat="-34.197565" lon="-60.724061">
        <ele>68.4</ele>
        <time>2025-08-14T15:34:44Z</time>
      </trkpt>
      <trkpt lat="-34.197583" lon="-60.724201">
        <ele>69.8</ele>
        <time>2025-08-14T15:50:38Z</time>
      </trkpt>
      <trkpt lat="-34.197531" lon="-60.724089">
        <ele>70.5</ele>
        <time>2025-08-14T15:52:52Z</time>
      </trkpt>
      <trkpt lat="-34.197625" lon="-60.724214">
        <ele>70.5</ele>
        <time>2025-08-14T15:55:52Z</time>
      </trkpt>
      <trkpt lat="-34.197638" lon="-60.724035">
        <ele>70.8</ele>
        <time>2025-08-14T15:56:22Z</time>
      </trkpt>
      <trkpt lat="-34.197483" lon="-60.724063">
        <ele>71.1</ele>
        <time>2025-08-14T16:02:14Z</time>
      </trkpt>
      <trkpt lat="-34.197338" lon="-60.724386">
        <ele>71.1</ele>
        <time>2025-08-14T16:02:38Z</time>
      </trkpt>
      <trkpt lat="-34.197442" lon="-60.72454">
        <ele>71.2</ele>
        <time>2025-08-14T16:02:46Z</time>
      </trkpt>
      <trkpt lat="-34.201473" lon="-60.72798">
        <ele>73.1</ele>
        <time>2025-08-14T16:07:14Z</time>
      </trkpt>
      <trkpt lat="-34.198222" lon="-60.733666">
        <ele>74.4</ele>
        <time>2025-08-14T16:11:10Z</time>
      </trkpt>
      <trkpt lat="-34.197793" lon="-60.734101">
        <ele>74.8</ele>
        <time>2025-08-14T16:11:28Z</time>
      </trkpt>
      <trkpt lat="-34.197832" lon="-60.733698">
        <ele>75.1</ele>
        <time>2025-08-14T16:11:44Z</time>
      </trkpt>
      <trkpt lat="-34.197587" lon="-60.733739">
        <ele>75.2</ele>
        <time>2025-08-14T16:11:56Z</time>
      </trkpt>
      <trkpt lat="-34.197645" lon="-60.73387">
        <ele>75.2</ele>
        <time>2025-08-14T16:12:02Z</time>
      </trkpt>
      <trkpt lat="-34.197847" lon="-60.73372">
        <ele>75.3</ele>
        <time>2025-08-14T16:12:12Z</time>
      </trkpt>
      <trkpt lat="-34.197533" lon="-60.733263">
        <ele>75.2</ele>
        <time>2025-08-14T16:12:28Z</time>
      </trkpt>
      <trkpt lat="-34.197382" lon="-60.733687">
        <ele>75.2</ele>
        <time>2025-08-14T16:12:38Z</time>
      </trkpt>
      <trkpt lat="-34.197712" lon="-60.733739">
        <ele>75.0</ele>
        <time>2025-08-14T16:12:50Z</time>
      </trkpt>
      <trkpt lat="-34.197802" lon="-60.734391">
        <ele>75.0</ele>
        <time>2025-08-14T16:13:18Z</time>
      </trkpt>
      <trkpt lat="-34.194808" lon="-60.739578">
        <ele>72.6</ele>
        <time>2025-08-14T16:16:34Z</time>
      </trkpt>
      <trkpt lat="-34.194704" lon="-60.740159">
        <ele>71.6</ele>
        <time>2025-08-14T16:17:02Z</time>
      </trkpt>
      <trkpt lat="-34.194465" lon="-60.740158">
        <ele>71.6</ele>
        <time>2025-08-14T16:17:18Z</time>
      </trkpt>
      <trkpt lat="-34.192761" lon="-60.743118">
        <ele>70.2</ele>
        <time>2025-08-14T16:18:24Z</time>
      </trkpt>
      <trkpt lat="-34.192537" lon="-60.743222">
        <ele>70.2</ele>
        <time>2025-08-14T16:18:30Z</time>
      </trkpt>
      <trkpt lat="-34.187155" lon="-60.73727">
        <ele>72.4</ele>
        <time>2025-08-14T16:22:18Z</time>
      </trkpt>
      <trkpt lat="-34.181181" lon="-60.730212">
        <ele>75.8</ele>
        <time>2025-08-14T16:26:50Z</time>
      </trkpt>
      <trkpt lat="-34.177964" lon="-60.726085">
        <ele>77.3</ele>
        <time>2025-08-14T16:29:00Z</time>
      </trkpt>
      <trkpt lat="-34.177555" lon="-60.725912">
        <ele>78.4</ele>
        <time>2025-08-14T16:33:52Z</time>
      </trkpt>
      <trkpt lat="-34.145494" lon="-60.764654">
        <ele>86.9</ele>
        <time>2025-08-14T16:50:44Z</time>
      </trkpt>
      <trkpt lat="-34.135586" lon="-60.775632">
        <ele>85.1</ele>
        <time>2025-08-14T16:55:10Z</time>
      </trkpt>
      <trkpt lat="-34.128064" lon="-60.784624">
        <ele>88.2</ele>
        <time>2025-08-14T16:59:32Z</time>
      </trkpt>
      <trkpt lat="-34.116282" lon="-60.798265">
        <ele>86.8</ele>
        <time>2025-08-14T17:04:54Z</time>
      </trkpt>
      <trkpt lat="-34.107565" lon="-60.809372">
        <ele>90.1</ele>
        <time>2025-08-14T17:09:06Z</time>
      </trkpt>
      <trkpt lat="-34.095495" lon="-60.823419">
        <ele>89.9</ele>
        <time>2025-08-14T17:14:56Z</time>
      </trkpt>
      <trkpt lat="-34.094405" lon="-60.824456">
        <ele>91.6</ele>
        <time>2025-08-14T17:15:28Z</time>
      </trkpt>
      <trkpt lat="-34.093448" lon="-60.825055">
        <ele>93.0</ele>
        <time>2025-08-14T17:15:52Z</time>
      </trkpt>
      <trkpt lat="-34.076359" lon="-60.832685">
        <ele>96.0</ele>
        <time>2025-08-14T17:21:58Z</time>
      </trkpt>
      <trkpt lat="-34.075134" lon="-60.833336">
        <ele>96.3</ele>
        <time>2025-08-14T17:22:24Z</time>
      </trkpt>
      <trkpt lat="-34.073997" lon="-60.834295">
        <ele>96.3</ele>
        <time>2025-08-14T17:22:50Z</time>
      </trkpt>
      <trkpt lat="-34.055379" lon="-60.857304">
        <ele>96.9</ele>
        <time>2025-08-14T17:31:52Z</time>
      </trkpt>
      <trkpt lat="-34.051881" lon="-60.860713">
        <ele>97.5</ele>
        <time>2025-08-14T17:33:18Z</time>
      </trkpt>
      <trkpt lat="-34.045879" lon="-60.867897">
        <ele>97.6</ele>
        <time>2025-08-14T17:36:02Z</time>
      </trkpt>
      <trkpt lat="-34.04552" lon="-60.868883">
        <ele>97.0</ele>
        <time>2025-08-14T17:38:14Z</time>
      </trkpt>
      <trkpt lat="-34.045423" lon="-60.868949">
        <ele>97.2</ele>
        <time>2025-08-14T17:39:10Z</time>
      </trkpt>
      <trkpt lat="-34.045516" lon="-60.868848">
        <ele>98.0</ele>
        <time>2025-08-14T17:54:48Z</time>
      </trkpt>
      <trkpt lat="-34.045235" lon="-60.868667">
        <ele>97.8</ele>
        <time>2025-08-14T17:57:16Z</time>
      </trkpt>
      <trkpt lat="-34.026881" lon="-60.890706">
        <ele>101.2</ele>
        <time>2025-08-14T18:06:50Z</time>
      </trkpt>
      <trkpt lat="-34.025653" lon="-60.891714">
        <ele>101.3</ele>
        <time>2025-08-14T18:07:18Z</time>
      </trkpt>
      <trkpt lat="-34.024088" lon="-60.892465">
        <ele>102.0</ele>
        <time>2025-08-14T18:07:52Z</time>
      </trkpt>
      <trkpt lat="-34.019101" lon="-60.893179">
        <ele>101.9</ele>
        <time>2025-08-14T18:09:42Z</time>
      </trkpt>
      <trkpt lat="-34.017622" lon="-60.893594">
        <ele>101.7</ele>
        <time>2025-08-14T18:10:14Z</time>
      </trkpt>
      <trkpt lat="-34.016217" lon="-60.894366">
        <ele>102.0</ele>
        <time>2025-08-14T18:10:46Z</time>
      </trkpt>
      <trkpt lat="-34.015009" lon="-60.895448">
        <ele>102.4</ele>
        <time>2025-08-14T18:11:18Z</time>
      </trkpt>
      <trkpt lat="-33.961861" lon="-60.960234">
        <ele>99.7</ele>
        <time>2025-08-14T18:36:08Z</time>
      </trkpt>
      <trkpt lat="-33.95998" lon="-60.961582">
        <ele>99.6</ele>
        <time>2025-08-14T18:36:56Z</time>
      </trkpt>
      <trkpt lat="-33.958014" lon="-60.962187">
        <ele>98.7</ele>
        <time>2025-08-14T18:37:44Z</time>
      </trkpt>
      <trkpt lat="-33.932079" lon="-60.96444">
        <ele>102.2</ele>
        <time>2025-08-14T18:46:46Z</time>
      </trkpt>
      <trkpt lat="-33.932377" lon="-61.03912">
        <ele>96.9</ele>
        <time>2025-08-14T19:06:58Z</time>
      </trkpt>
      <trkpt lat="-33.932223" lon="-61.040667">
        <ele>95.0</ele>
        <time>2025-08-14T19:07:20Z</time>
      </trkpt>
      <trkpt lat="-33.931733" lon="-61.041881">
        <ele>94.3</ele>
        <time>2025-08-14T19:07:40Z</time>
      </trkpt>
      <trkpt lat="-33.930895" lon="-61.043215">
        <ele>94.8</ele>
        <time>2025-08-14T19:08:08Z</time>
      </trkpt>
      <trkpt lat="-33.925889" lon="-61.050772">
        <ele>99.8</ele>
        <time>2025-08-14T19:10:58Z</time>
      </trkpt>
      <trkpt lat="-33.925692" lon="-61.050636">
        <ele>99.3</ele>
        <time>2025-08-14T19:11:24Z</time>
      </trkpt>
      <trkpt lat="-33.925838" lon="-61.050816">
        <ele>99.6</ele>
        <time>2025-08-14T19:11:48Z</time>
      </trkpt>
      <trkpt lat="-33.925544" lon="-61.051307">
        <ele>99.6</ele>
        <time>2025-08-14T19:15:32Z</time>
      </trkpt>
      <trkpt lat="-33.920738" lon="-61.058602">
        <ele>100.7</ele>
        <time>2025-08-14T19:18:02Z</time>
      </trkpt>
      <trkpt lat="-33.919611" lon="-61.06005">
        <ele>99.6</ele>
        <time>2025-08-14T19:18:42Z</time>
      </trkpt>
      <trkpt lat="-33.918291" lon="-61.062329">
        <ele>99.5</ele>
        <time>2025-08-14T19:19:38Z</time>
      </trkpt>
      <trkpt lat="-33.913821" lon="-61.069047">
        <ele>101.4</ele>
        <time>2025-08-14T19:22:36Z</time>
      </trkpt>
      <trkpt lat="-33.913864" lon="-61.06933">
        <ele>102.0</ele>
        <time>2025-08-14T19:22:56Z</time>
      </trkpt>
      <trkpt lat="-33.915722" lon="-61.071565">
        <ele>101.2</ele>
        <time>2025-08-14T19:24:20Z</time>
      </trkpt>
      <trkpt lat="-33.917121" lon="-61.073697">
        <ele>100.3</ele>
        <time>2025-08-14T19:25:08Z</time>
      </trkpt>
      <trkpt lat="-33.917368" lon="-61.074336">
        <ele>100.1</ele>
        <time>2025-08-14T19:25:20Z</time>
      </trkpt>
      <trkpt lat="-33.917327" lon="-61.074923">
        <ele>100.1</ele>
        <time>2025-08-14T19:25:30Z</time>
      </trkpt>
      <trkpt lat="-33.897958" lon="-61.098205">
        <ele>105.4</ele>
        <time>2025-08-14T19:38:32Z</time>
      </trkpt>
      <trkpt lat="-33.897807" lon="-61.098263">
        <ele>105.5</ele>
        <time>2025-08-14T19:38:38Z</time>
      </trkpt>
      <trkpt lat="-33.897028" lon="-61.097602">
        <ele>105.6</ele>
        <time>2025-08-14T19:39:14Z</time>
      </trkpt>
      <trkpt lat="-33.895535" lon="-61.099469">
        <ele>106.9</ele>
        <time>2025-08-14T19:40:14Z</time>
      </trkpt>
      <trkpt lat="-33.897024" lon="-61.10132">
        <ele>107.0</ele>
        <time>2025-08-14T19:41:24Z</time>
      </trkpt>
      <trkpt lat="-33.897892" lon="-61.100672">
        <ele>106.6</ele>
        <time>2025-08-14T19:41:52Z</time>
      </trkpt>
      <trkpt lat="-33.902737" lon="-61.106483">
        <ele>103.2</ele>
        <time>2025-08-14T19:44:28Z</time>
      </trkpt>
      <trkpt lat="-33.902988" lon="-61.106753">
        <ele>102.9</ele>
        <time>2025-08-14T19:44:58Z</time>
      </trkpt>
      <trkpt lat="-33.903161" lon="-61.106741">
        <ele>102.5</ele>
        <time>2025-08-14T19:47:42Z</time>
      </trkpt>
      <trkpt lat="-33.903045" lon="-61.106605">
        <ele>102.8</ele>
        <time>2025-08-14T19:48:44Z</time>
      </trkpt>
      <trkpt lat="-33.903124" lon="-61.10676">
        <ele>102.7</ele>
        <time>2025-08-14T19:51:10Z</time>
      </trkpt>
      <trkpt lat="-33.903238" lon="-61.106689">
        <ele>102.7</ele>
        <time>2025-08-14T19:52:08Z</time>
      </trkpt>
      <trkpt lat="-33.903058" lon="-61.106756">
        <ele>102.2</ele>
        <time>2025-08-14T19:53:02Z</time>
      </trkpt>
      <trkpt lat="-33.903468" lon="-61.107381">
        <ele>102.2</ele>
        <time>2025-08-14T19:53:52Z</time>
      </trkpt>
      <trkpt lat="-33.905576" lon="-61.109822">
        <ele>98.2</ele>
        <time>2025-08-14T19:55:03Z</time>
      </trkpt>
      <trkpt lat="-33.905767" lon="-61.110576">
        <ele>98.5</ele>
        <time>2025-08-14T19:55:23Z</time>
      </trkpt>
      <trkpt lat="-33.906253" lon="-61.110531">
        <ele>98.2</ele>
        <time>2025-08-14T19:55:37Z</time>
      </trkpt>
      <trkpt lat="-33.906887" lon="-61.111058">
        <ele>96.8</ele>
        <time>2025-08-14T19:55:57Z</time>
      </trkpt>
      <trkpt lat="-33.907262" lon="-61.110537">
        <ele>96.9</ele>
        <time>2025-08-14T19:56:57Z</time>
      </trkpt>
      <trkpt lat="-33.907145" lon="-61.110442">
        <ele>97.4</ele>
        <time>2025-08-14T19:57:45Z</time>
      </trkpt>
      <trkpt lat="-33.907145" lon="-61.110628">
        <ele>97.4</ele>
        <time>2025-08-14T19:58:25Z</time>
      </trkpt>
      <trkpt lat="-33.907062" lon="-61.110408">
        <ele>97.4</ele>
        <time>2025-08-14T19:59:53Z</time>
      </trkpt>
      <trkpt lat="-33.907217" lon="-61.110851">
        <ele>97.4</ele>
        <time>2025-08-14T20:00:53Z</time>
      </trkpt>
      <trkpt lat="-33.907181" lon="-61.11051">
        <ele>97.1</ele>
        <time>2025-08-14T20:01:43Z</time>
      </trkpt>
      <trkpt lat="-33.907238" lon="-61.110669">
        <ele>97.1</ele>
        <time>2025-08-14T20:02:03Z</time>
      </trkpt>
      <trkpt lat="-33.907266" lon="-61.110485">
        <ele>97.3</ele>
        <time>2025-08-14T20:04:49Z</time>
      </trkpt>
      <trkpt lat="-33.907392" lon="-61.110519">
        <ele>96.9</ele>
        <time>2025-08-14T20:06:47Z</time>
      </trkpt>
      <trkpt lat="-33.907312" lon="-61.110383">
        <ele>100.7</ele>
        <time>2025-08-14T20:08:27Z</time>
      </trkpt>
      <trkpt lat="-33.90732" lon="-61.110515">
        <ele>97.4</ele>
        <time>2025-08-14T20:09:39Z</time>
      </trkpt>
      <trkpt lat="-33.907523" lon="-61.110303">
        <ele>96.9</ele>
        <time>2025-08-14T20:10:05Z</time>
      </trkpt>
      <trkpt lat="-33.907376" lon="-61.110413">
        <ele>96.8</ele>
        <time>2025-08-14T20:10:11Z</time>
      </trkpt>
      <trkpt lat="-33.90713" lon="-61.110142">
        <ele>100.8</ele>
        <time>2025-08-14T20:10:23Z</time>
      </trkpt>
      <trkpt lat="-33.907022" lon="-61.110571">
        <ele>96.9</ele>
        <time>2025-08-14T20:12:33Z</time>
      </trkpt>
      <trkpt lat="-33.907281" lon="-61.110181">
        <ele>97.2</ele>
        <time>2025-08-14T20:15:47Z</time>
      </trkpt>
      <trkpt lat="-33.90707" lon="-61.110405">
        <ele>97.4</ele>
        <time>2025-08-14T20:18:05Z</time>
      </trkpt>
      <trkpt lat="-33.907286" lon="-61.110254">
        <ele>97.2</ele>
        <time>2025-08-14T20:20:31Z</time>
      </trkpt>
      <trkpt lat="-33.907337" lon="-61.110509">
        <ele>97.0</ele>
        <time>2025-08-14T20:22:19Z</time>
      </trkpt>
      <trkpt lat="-33.907111" lon="-61.110457">
        <ele>97.0</ele>
        <time>2025-08-14T20:26:23Z</time>
      </trkpt>
      <trkpt lat="-33.907224" lon="-61.110379">
        <ele>76.4</ele>
        <time>2025-08-14T20:27:23Z</time>
      </trkpt>
      <trkpt lat="-33.907275" lon="-61.110658">
        <ele>78.6</ele>
        <time>2025-08-14T21:00:45Z</time>
      </trkpt>
      <trkpt lat="-33.906228" lon="-61.109108">
        <ele>79.4</ele>
        <time>2025-08-14T21:04:08Z</time>
      </trkpt>
      <trkpt lat="-33.907217" lon="-61.110355">
        <ele>79.6</ele>
        <time>2025-08-14T21:05:40Z</time>
      </trkpt>
      <trkpt lat="-33.904161" lon="-61.107689">
        <ele>80.5</ele>
        <time>2025-08-14T21:06:48Z</time>
      </trkpt>
      <trkpt lat="-33.900313" lon="-61.103098">
        <ele>88.2</ele>
        <time>2025-08-14T21:11:08Z</time>
      </trkpt>
      <trkpt lat="-33.899619" lon="-61.10386">
        <ele>88.9</ele>
        <time>2025-08-14T21:11:46Z</time>
      </trkpt>
      <trkpt lat="-33.899524" lon="-61.104453">
        <ele>88.0</ele>
        <time>2025-08-14T21:22:39Z</time>
      </trkpt>
      <trkpt lat="-33.898668" lon="-61.104817">
        <ele>87.8</ele>
        <time>2025-08-14T21:34:40Z</time>
      </trkpt>
      <trkpt lat="-33.893976" lon="-61.099542">
        <ele>88.6</ele>
        <time>2025-08-14T21:39:03Z</time>
      </trkpt>
      <trkpt lat="-33.892819" lon="-61.098937">
        <ele>88.9</ele>
        <time>2025-08-14T21:40:09Z</time>
      </trkpt>
      <trkpt lat="-33.892676" lon="-61.099031">
        <ele>88.9</ele>
        <time>2025-08-14T21:42:21Z</time>
      </trkpt>
      <trkpt lat="-33.893003" lon="-61.098781">
        <ele>89.1</ele>
        <time>2025-08-14T21:53:15Z</time>
      </trkpt>
      <trkpt lat="-33.89278" lon="-61.098077">
        <ele>88.9</ele>
        <time>2025-08-14T21:54:19Z</time>
      </trkpt>
      <trkpt lat="-33.891855" lon="-61.09701">
        <ele>89.1</ele>
        <time>2025-08-14T21:55:26Z</time>
      </trkpt>
      <trkpt lat="-33.891829" lon="-61.096546">
        <ele>89.8</ele>
        <time>2025-08-14T21:56:29Z</time>
      </trkpt>
      <trkpt lat="-33.891698" lon="-61.09663">
        <ele>89.3</ele>
        <time>2025-08-14T21:58:37Z</time>
      </trkpt>
      <trkpt lat="-33.891837" lon="-61.096549">
        <ele>89.3</ele>
        <time>2025-08-14T21:59:42Z</time>
      </trkpt>
      <trkpt lat="-33.891661" lon="-61.096784">
        <ele>88.5</ele>
        <time>2025-08-14T22:07:23Z</time>
      </trkpt>
      <trkpt lat="-33.89239" lon="-61.095946">
        <ele>87.4</ele>
        <time>2025-08-14T22:34:24Z</time>
      </trkpt>
      <trkpt lat="-33.891583" lon="-61.09686">
        <ele>88.4</ele>
        <time>2025-08-14T22:36:36Z</time>
      </trkpt>
      <trkpt lat="-33.891473" lon="-61.098422">
        <ele>88.1</ele>
        <time>2025-08-14T22:37:42Z</time>
      </trkpt>
      <trkpt lat="-33.893837" lon="-61.101217">
        <ele>88.3</ele>
        <time>2025-08-14T22:40:57Z</time>
      </trkpt>
      <trkpt lat="-33.895162" lon="-61.101971">
        <ele>87.5</ele>
        <time>2025-08-14T22:42:03Z</time>
      </trkpt>
      <trkpt lat="-33.896614" lon="-61.100964">
        <ele>87.1</ele>
        <time>2025-08-14T22:43:08Z</time>
      </trkpt>
      <trkpt lat="-33.902268" lon="-61.107677">
        <ele>80.4</ele>
        <time>2025-08-14T22:47:30Z</time>
      </trkpt>
      <trkpt lat="-33.903732" lon="-61.109683">
        <ele>80.5</ele>
        <time>2025-08-14T22:48:36Z</time>
      </trkpt>
      <trkpt lat="-33.903156" lon="-61.110379">
        <ele>80.5</ele>
        <time>2025-08-14T22:49:41Z</time>
      </trkpt>
      <trkpt lat="-33.904423" lon="-61.10887">
        <ele>78.3</ele>
        <time>2025-08-14T22:51:52Z</time>
      </trkpt>
      <trkpt lat="-33.907216" lon="-61.110254">
        <ele>77.8</ele>
        <time>2025-08-14T22:58:59Z</time>
      </trkpt>
      <trkpt lat="-33.907165" lon="-61.110387">
        <ele>77.2</ele>
        <time>2025-08-14T22:59:33Z</time>
      </trkpt>
      <trkpt lat="-33.907065" lon="-61.11021">
        <ele>80.6</ele>
        <time>2025-08-14T23:01:41Z</time>
      </trkpt>
      <trkpt lat="-33.907071" lon="-61.110328">
        <ele>79.3</ele>
        <time>2025-08-14T23:02:37Z</time>
      </trkpt>
      <trkpt lat="-33.907214" lon="-61.110241">
        <ele>76.9</ele>
        <time>2025-08-14T23:04:01Z</time>
      </trkpt>
      <trkpt lat="-33.907005" lon="-61.110339">
        <ele>79.9</ele>
        <time>2025-08-14T23:07:37Z</time>
      </trkpt>
      <trkpt lat="-33.907039" lon="-61.110197">
        <ele>79.9</ele>
        <time>2025-08-14T23:11:50Z</time>
      </trkpt>
      <trkpt lat="-33.907029" lon="-61.110338">
        <ele>79.8</ele>
        <time>2025-08-14T23:13:16Z</time>
      </trkpt>
      <trkpt lat="-33.907178" lon="-61.110249">
        <ele>80.2</ele>
        <time>2025-08-14T23:22:48Z</time>
      </trkpt>
      <trkpt lat="-33.907138" lon="-61.110002">
        <ele>80.1</ele>
        <time>2025-08-14T23:23:06Z</time>
      </trkpt>
      <trkpt lat="-33.907234" lon="-61.110231">
        <ele>79.8</ele>
        <time>2025-08-14T23:23:46Z</time>
      </trkpt>
      <trkpt lat="-33.907117" lon="-61.110318">
        <ele>78.3</ele>
        <time>2025-08-14T23:24:20Z</time>
      </trkpt>
      <trkpt lat="-33.907279" lon="-61.110306">
        <ele>75.8</ele>
        <time>2025-08-14T23:25:32Z</time>
      </trkpt>
      <trkpt lat="-33.907088" lon="-61.110587">
        <ele>75.3</ele>
        <time>2025-08-14T23:31:46Z</time>
      </trkpt>
      <trkpt lat="-33.907138" lon="-61.110264">
        <ele>74.3</ele>
        <time>2025-08-14T23:40:40Z</time>
      </trkpt>
      <trkpt lat="-33.907021" lon="-61.110676">
        <ele>71.9</ele>
        <time>2025-08-15T00:11:18Z</time>
      </trkpt>
      <trkpt lat="-33.907246" lon="-61.110376">
        <ele>78.8</ele>
        <time>2025-08-15T02:22:28Z</time>
      </trkpt>
      <trkpt lat="-33.906925" lon="-61.110826">
        <ele>78.1</ele>
        <time>2025-08-15T02:36:47Z</time>
      </trkpt>
      <trkpt lat="-33.907189" lon="-61.110449">
        <ele>78.2</ele>
        <time>2025-08-15T02:37:13Z</time>
      </trkpt>
      <trkpt lat="-33.906952" lon="-61.110803">
        <ele>78.8</ele>
        <time>2025-08-15T02:49:45Z</time>
      </trkpt>
      <trkpt lat="-33.907168" lon="-61.110441">
        <ele>78.9</ele>
        <time>2025-08-15T02:50:45Z</time>
      </trkpt>
      <trkpt lat="-33.90695" lon="-61.110131">
        <ele>83.1</ele>
        <time>2025-08-15T02:52:41Z</time>
      </trkpt>
      <trkpt lat="-33.907212" lon="-61.110307">
        <ele>79.5</ele>
        <time>2025-08-15T02:58:29Z</time>
      </trkpt>
      <trkpt lat="-33.90703" lon="-61.110688">
        <ele>78.7</ele>
        <time>2025-08-15T03:12:49Z</time>
      </trkpt>
      <trkpt lat="-33.907194" lon="-61.110373">
        <ele>78.7</ele>
        <time>2025-08-15T03:29:41Z</time>
      </trkpt>
      <trkpt lat="-33.907141" lon="-61.110172">
        <ele>78.7</ele>
        <time>2025-08-15T03:30:07Z</time>
      </trkpt>
      <trkpt lat="-33.907051" lon="-61.11026">
        <ele>78.7</ele>
        <time>2025-08-15T03:30:31Z</time>
      </trkpt>
      <trkpt lat="-33.90728" lon="-61.110125">
        <ele>78.8</ele>
        <time>2025-08-15T03:33:44Z</time>
      </trkpt>
      <trkpt lat="-33.907317" lon="-61.110326">
        <ele>78.2</ele>
        <time>2025-08-15T03:34:29Z</time>
      </trkpt>
      <trkpt lat="-33.907146" lon="-61.110405">
        <ele>79.7</ele>
        <time>2025-08-15T03:35:09Z</time>
      </trkpt>
      <trkpt lat="-33.907132" lon="-61.110273">
        <ele>77.8</ele>
        <time>2025-08-15T03:39:24Z</time>
      </trkpt>
      <trkpt lat="-33.907107" lon="-61.110409">
        <ele>77.5</ele>
        <time>2025-08-15T04:45:32Z</time>
      </trkpt>
      <trkpt lat="-33.907166" lon="-61.110201">
        <ele>78.8</ele>
        <time>2025-08-15T16:04:51Z</time>
      </trkpt>
      <trkpt lat="-33.907371" lon="-61.110461">
        <ele>76.4</ele>
        <time>2025-08-15T16:05:36Z</time>
      </trkpt>
      <trkpt lat="-33.907297" lon="-61.110702">
        <ele>78.5</ele>
        <time>2025-08-15T16:06:39Z</time>
      </trkpt>
      <trkpt lat="-33.906344" lon="-61.110201">
        <ele>79.0</ele>
        <time>2025-08-15T16:08:06Z</time>
      </trkpt>
      <trkpt lat="-33.907294" lon="-61.108582">
        <ele>81.4</ele>
        <time>2025-08-15T16:08:49Z</time>
      </trkpt>
      <trkpt lat="-33.906223" lon="-61.106445">
        <ele>83.0</ele>
        <time>2025-08-15T16:09:57Z</time>
      </trkpt>
      <trkpt lat="-33.905021" lon="-61.10466">
        <ele>84.1</ele>
        <time>2025-08-15T16:11:05Z</time>
      </trkpt>
      <trkpt lat="-33.905125" lon="-61.103467">
        <ele>85.5</ele>
        <time>2025-08-15T16:12:12Z</time>
      </trkpt>
      <trkpt lat="-33.899313" lon="-61.096611">
        <ele>87.6</ele>
        <time>2025-08-15T16:17:29Z</time>
      </trkpt>
      <trkpt lat="-33.897836" lon="-61.098259">
        <ele>88.5</ele>
        <time>2025-08-15T16:18:23Z</time>
      </trkpt>
      <trkpt lat="-33.896956" lon="-61.097245">
        <ele>88.3</ele>
        <time>2025-08-15T16:18:59Z</time>
      </trkpt>
      <trkpt lat="-33.896976" lon="-61.097515">
        <ele>89.3</ele>
        <time>2025-08-15T16:21:19Z</time>
      </trkpt>
      <trkpt lat="-33.897062" lon="-61.097414">
        <ele>90.4</ele>
        <time>2025-08-15T16:23:15Z</time>
      </trkpt>
      <trkpt lat="-33.896965" lon="-61.097478">
        <ele>89.7</ele>
        <time>2025-08-15T16:24:01Z</time>
      </trkpt>
      <trkpt lat="-33.896885" lon="-61.097221">
        <ele>90.0</ele>
        <time>2025-08-15T16:25:43Z</time>
      </trkpt>
      <trkpt lat="-33.896999" lon="-61.097478">
        <ele>91.0</ele>
        <time>2025-08-15T16:26:45Z</time>
      </trkpt>
      <trkpt lat="-33.897144" lon="-61.097389">
        <ele>91.7</ele>
        <time>2025-08-15T16:29:41Z</time>
      </trkpt>
      <trkpt lat="-33.897006" lon="-61.097495">
        <ele>91.7</ele>
        <time>2025-08-15T16:30:29Z</time>
      </trkpt>
      <trkpt lat="-33.897042" lon="-61.097307">
        <ele>92.2</ele>
        <time>2025-08-15T16:31:09Z</time>
      </trkpt>
      <trkpt lat="-33.895655" lon="-61.095741">
        <ele>92.0</ele>
        <time>2025-08-15T16:32:11Z</time>
      </trkpt>
      <trkpt lat="-33.894965" lon="-61.096298">
        <ele>92.6</ele>
        <time>2025-08-15T16:32:33Z</time>
      </trkpt>
      <trkpt lat="-33.893957" lon="-61.097663">
        <ele>93.6</ele>
        <time>2025-08-15T16:33:15Z</time>
      </trkpt>
      <trkpt lat="-33.897798" lon="-61.10233">
        <ele>93.4</ele>
        <time>2025-08-15T16:35:47Z</time>
      </trkpt>
      <trkpt lat="-33.897157" lon="-61.103219">
        <ele>92.9</ele>
        <time>2025-08-15T16:36:11Z</time>
      </trkpt>
      <trkpt lat="-33.895438" lon="-61.101296">
        <ele>94.6</ele>
        <time>2025-08-15T16:37:25Z</time>
      </trkpt>
      <trkpt lat="-33.893855" lon="-61.102949">
        <ele>94.4</ele>
        <time>2025-08-15T16:38:29Z</time>
      </trkpt>
      <trkpt lat="-33.889502" lon="-61.097767">
        <ele>96.9</ele>
        <time>2025-08-15T16:45:15Z</time>
      </trkpt>
      <trkpt lat="-33.891668" lon="-61.095043">
        <ele>96.4</ele>
        <time>2025-08-15T16:46:37Z</time>
      </trkpt>
      <trkpt lat="-33.895352" lon="-61.099404">
        <ele>96.5</ele>
        <time>2025-08-15T16:49:06Z</time>
      </trkpt>
      <trkpt lat="-33.895559" lon="-61.099547">
        <ele>96.3</ele>
        <time>2025-08-15T16:49:13Z</time>
      </trkpt>
      <trkpt lat="-33.896727" lon="-61.099478">
        <ele>97.0</ele>
        <time>2025-08-15T16:49:50Z</time>
      </trkpt>
      <trkpt lat="-33.896845" lon="-61.099778">
        <ele>96.6</ele>
        <time>2025-08-15T16:49:58Z</time>
      </trkpt>
      <trkpt lat="-33.897291" lon="-61.099931">
        <ele>97.1</ele>
        <time>2025-08-15T16:50:11Z</time>
      </trkpt>
      <trkpt lat="-33.905584" lon="-61.109804">
        <ele>89.1</ele>
        <time>2025-08-15T16:53:57Z</time>
      </trkpt>
      <trkpt lat="-33.905741" lon="-61.11058">
        <ele>89.4</ele>
        <time>2025-08-15T16:54:11Z</time>
      </trkpt>
      <trkpt lat="-33.906307" lon="-61.110525">
        <ele>89.1</ele>
        <time>2025-08-15T16:54:25Z</time>
      </trkpt>
      <trkpt lat="-33.906816" lon="-61.111053">
        <ele>88.1</ele>
        <time>2025-08-15T16:54:39Z</time>
      </trkpt>
      <trkpt lat="-33.907334" lon="-61.110587">
        <ele>89.2</ele>
        <time>2025-08-15T16:58:37Z</time>
      </trkpt>
      <trkpt lat="-33.906918" lon="-61.111055">
        <ele>88.9</ele>
        <time>2025-08-15T16:59:53Z</time>
      </trkpt>
      <trkpt lat="-33.90677" lon="-61.111014">
        <ele>89.0</ele>
        <time>2025-08-15T16:59:57Z</time>
      </trkpt>
      <trkpt lat="-33.906368" lon="-61.110425">
        <ele>89.7</ele>
        <time>2025-08-15T17:00:13Z</time>
      </trkpt>
      <trkpt lat="-33.906363" lon="-61.109758">
        <ele>90.6</ele>
        <time>2025-08-15T17:00:27Z</time>
      </trkpt>
      <trkpt lat="-33.905853" lon="-61.109679">
        <ele>90.1</ele>
        <time>2025-08-15T17:00:39Z</time>
      </trkpt>
      <trkpt lat="-33.904852" lon="-61.108548">
        <ele>91.8</ele>
        <time>2025-08-15T17:01:11Z</time>
      </trkpt>
      <trkpt lat="-33.90307" lon="-61.110395">
        <ele>92.0</ele>
        <time>2025-08-15T17:02:01Z</time>
      </trkpt>
      <trkpt lat="-33.893231" lon="-61.098682">
        <ele>100.2</ele>
        <time>2025-08-15T17:07:23Z</time>
      </trkpt>
      <trkpt lat="-33.891748" lon="-61.100285">
        <ele>100.9</ele>
        <time>2025-08-15T17:08:09Z</time>
      </trkpt>
      <trkpt lat="-33.890854" lon="-61.099569">
        <ele>101.4</ele>
        <time>2025-08-15T17:08:43Z</time>
      </trkpt>
      <trkpt lat="-33.890974" lon="-61.099602">
        <ele>101.6</ele>
        <time>2025-08-15T17:09:15Z</time>
      </trkpt>
      <trkpt lat="-33.891663" lon="-61.09864">
        <ele>101.5</ele>
        <time>2025-08-15T17:10:21Z</time>
      </trkpt>
      <trkpt lat="-33.894886" lon="-61.102292">
        <ele>101.2</ele>
        <time>2025-08-15T17:11:47Z</time>
      </trkpt>
      <trkpt lat="-33.896273" lon="-61.100665">
        <ele>100.8</ele>
        <time>2025-08-15T17:12:25Z</time>
      </trkpt>
      <trkpt lat="-33.897056" lon="-61.101317">
        <ele>101.7</ele>
        <time>2025-08-15T17:12:45Z</time>
      </trkpt>
      <trkpt lat="-33.897914" lon="-61.100676">
        <ele>100.2</ele>
        <time>2025-08-15T17:13:07Z</time>
      </trkpt>
      <trkpt lat="-33.90562" lon="-61.109804">
        <ele>92.7</ele>
        <time>2025-08-15T17:16:09Z</time>
      </trkpt>
      <trkpt lat="-33.905722" lon="-61.110491">
        <ele>92.7</ele>
        <time>2025-08-15T17:16:19Z</time>
      </trkpt>
      <trkpt lat="-33.906276" lon="-61.110474">
        <ele>93.1</ele>
        <time>2025-08-15T17:16:29Z</time>
      </trkpt>
      <trkpt lat="-33.906799" lon="-61.111049">
        <ele>91.7</ele>
        <time>2025-08-15T17:16:41Z</time>
      </trkpt>
      <trkpt lat="-33.907296" lon="-61.110506">
        <ele>92.0</ele>
        <time>2025-08-15T17:16:59Z</time>
      </trkpt>
      <trkpt lat="-33.906963" lon="-61.111067">
        <ele>93.9</ele>
        <time>2025-08-15T17:30:43Z</time>
      </trkpt>
      <trkpt lat="-33.906372" lon="-61.110447">
        <ele>94.7</ele>
        <time>2025-08-15T17:31:19Z</time>
      </trkpt>
      <trkpt lat="-33.90634" lon="-61.109755">
        <ele>95.2</ele>
        <time>2025-08-15T17:31:41Z</time>
      </trkpt>
      <trkpt lat="-33.905727" lon="-61.109541">
        <ele>94.8</ele>
        <time>2025-08-15T17:32:01Z</time>
      </trkpt>
      <trkpt lat="-33.900595" lon="-61.10334">
        <ele>104.2</ele>
        <time>2025-08-15T17:38:45Z</time>
      </trkpt>
      <trkpt lat="-33.899815" lon="-61.102461">
        <ele>105.2</ele>
        <time>2025-08-15T17:41:55Z</time>
      </trkpt>
      <trkpt lat="-33.899501" lon="-61.102326">
        <ele>107.3</ele>
        <time>2025-08-15T17:52:53Z</time>
      </trkpt>
      <trkpt lat="-33.89925" lon="-61.101745">
        <ele>107.0</ele>
        <time>2025-08-15T17:54:37Z</time>
      </trkpt>
      <trkpt lat="-33.898174" lon="-61.100537">
        <ele>108.1</ele>
        <time>2025-08-15T17:55:29Z</time>
      </trkpt>
      <trkpt lat="-33.898089" lon="-61.100271">
        <ele>108.3</ele>
        <time>2025-08-15T17:55:37Z</time>
      </trkpt>
      <trkpt lat="-33.898643" lon="-61.099402">
        <ele>107.4</ele>
        <time>2025-08-15T17:56:03Z</time>
      </trkpt>
      <trkpt lat="-33.897326" lon="-61.097731">
        <ele>107.3</ele>
        <time>2025-08-15T17:56:59Z</time>
      </trkpt>
      <trkpt lat="-33.897123" lon="-61.097603">
        <ele>107.8</ele>
        <time>2025-08-15T17:57:07Z</time>
      </trkpt>
      <trkpt lat="-33.896855" lon="-61.097764">
        <ele>108.2</ele>
        <time>2025-08-15T17:57:15Z</time>
      </trkpt>
      <trkpt lat="-33.893152" lon="-61.102079">
        <ele>109.9</ele>
        <time>2025-08-15T17:59:51Z</time>
      </trkpt>
      <trkpt lat="-33.887411" lon="-61.095325">
        <ele>111.3</ele>
        <time>2025-08-15T18:05:11Z</time>
      </trkpt>
      <trkpt lat="-33.887908" lon="-61.094538">
        <ele>111.2</ele>
        <time>2025-08-15T18:05:37Z</time>
      </trkpt>
      <trkpt lat="-33.887966" lon="-61.093993">
        <ele>111.5</ele>
        <time>2025-08-15T18:06:07Z</time>
      </trkpt>
      <trkpt lat="-33.887758" lon="-61.094073">
        <ele>110.9</ele>
        <time>2025-08-15T18:06:25Z</time>
      </trkpt>
      <trkpt lat="-33.887481" lon="-61.093896">
        <ele>111.6</ele>
        <time>2025-08-15T18:08:03Z</time>
      </trkpt>
      <trkpt lat="-33.887732" lon="-61.09473">
        <ele>112.7</ele>
        <time>2025-08-15T18:09:39Z</time>
      </trkpt>
      <trkpt lat="-33.88593" lon="-61.096937">
        <ele>112.4</ele>
        <time>2025-08-15T18:11:21Z</time>
      </trkpt>
      <trkpt lat="-33.886325" lon="-61.097642">
        <ele>112.9</ele>
        <time>2025-08-15T18:11:51Z</time>
      </trkpt>
      <trkpt lat="-33.886258" lon="-61.097852">
        <ele>113.3</ele>
        <time>2025-08-15T18:11:57Z</time>
      </trkpt>
      <trkpt lat="-33.881973" lon="-61.103079">
        <ele>113.5</ele>
        <time>2025-08-15T18:15:13Z</time>
      </trkpt>
      <trkpt lat="-33.881619" lon="-61.102817">
        <ele>113.9</ele>
        <time>2025-08-15T18:19:31Z</time>
      </trkpt>
      <trkpt lat="-33.882089" lon="-61.102982">
        <ele>114.0</ele>
        <time>2025-08-15T18:21:39Z</time>
      </trkpt>
      <trkpt lat="-33.884981" lon="-61.099632">
        <ele>113.9</ele>
        <time>2025-08-15T18:24:17Z</time>
      </trkpt>
      <trkpt lat="-33.897212" lon="-61.114126">
        <ele>108.5</ele>
        <time>2025-08-15T18:36:07Z</time>
      </trkpt>
      <trkpt lat="-33.907796" lon="-61.101397">
        <ele>107.6</ele>
        <time>2025-08-15T18:43:53Z</time>
      </trkpt>
      <trkpt lat="-33.91092" lon="-61.104954">
        <ele>103.8</ele>
        <time>2025-08-15T18:47:15Z</time>
      </trkpt>
      <trkpt lat="-33.912538" lon="-61.103005">
        <ele>103.1</ele>
        <time>2025-08-15T18:48:55Z</time>
      </trkpt>
      <trkpt lat="-33.91433" lon="-61.103631">
        <ele>104.9</ele>
        <time>2025-08-15T18:58:07Z</time>
      </trkpt>
      <trkpt lat="-33.914475" lon="-61.103791">
        <ele>120.8</ele>
        <time>2025-08-15T19:04:09Z</time>
      </trkpt>
      <trkpt lat="-33.914357" lon="-61.103934">
        <ele>108.5</ele>
        <time>2025-08-15T19:16:39Z</time>
      </trkpt>
      <trkpt lat="-33.914327" lon="-61.103676">
        <ele>105.5</ele>
        <time>2025-08-15T19:27:55Z</time>
      </trkpt>
      <trkpt lat="-33.914371" lon="-61.103865">
        <ele>108.1</ele>
        <time>2025-08-15T19:32:33Z</time>
      </trkpt>
      <trkpt lat="-33.914217" lon="-61.103922">
        <ele>106.9</ele>
        <time>2025-08-15T19:35:11Z</time>
      </trkpt>
      <trkpt lat="-33.9143" lon="-61.103773">
        <ele>107.4</ele>
        <time>2025-08-15T19:36:21Z</time>
      </trkpt>
      <trkpt lat="-33.914371" lon="-61.103935">
        <ele>111.4</ele>
        <time>2025-08-15T20:04:11Z</time>
      </trkpt>
      <trkpt lat="-33.914368" lon="-61.103539">
        <ele>110.0</ele>
        <time>2025-08-15T20:11:11Z</time>
      </trkpt>
      <trkpt lat="-33.912535" lon="-61.102931">
        <ele>108.5</ele>
        <time>2025-08-15T20:13:59Z</time>
      </trkpt>
      <trkpt lat="-33.91101" lon="-61.10484">
        <ele>109.3</ele>
        <time>2025-08-15T20:15:19Z</time>
      </trkpt>
      <trkpt lat="-33.912025" lon="-61.108147">
        <ele>108.9</ele>
        <time>2025-08-15T20:17:07Z</time>
      </trkpt>
      <trkpt lat="-33.912623" lon="-61.108684">
        <ele>108.8</ele>
        <time>2025-08-15T20:17:33Z</time>
      </trkpt>
      <trkpt lat="-33.913016" lon="-61.1088">
        <ele>108.9</ele>
        <time>2025-08-15T20:17:47Z</time>
      </trkpt>
      <trkpt lat="-33.913604" lon="-61.108029">
        <ele>109.4</ele>
        <time>2025-08-15T20:18:21Z</time>
      </trkpt>
      <trkpt lat="-33.915377" lon="-61.104628">
        <ele>109.7</ele>
        <time>2025-08-15T20:20:15Z</time>
      </trkpt>
      <trkpt lat="-33.917841" lon="-61.102688">
        <ele>110.1</ele>
        <time>2025-08-15T20:21:59Z</time>
      </trkpt>
      <trkpt lat="-33.922377" lon="-61.096978">
        <ele>110.0</ele>
        <time>2025-08-15T20:25:23Z</time>
      </trkpt>
      <trkpt lat="-33.922347" lon="-61.09642">
        <ele>109.5</ele>
        <time>2025-08-15T20:25:37Z</time>
      </trkpt>
      <trkpt lat="-33.921367" lon="-61.095462">
        <ele>109.1</ele>
        <time>2025-08-15T20:26:11Z</time>
      </trkpt>
      <trkpt lat="-33.920208" lon="-61.095142">
        <ele>109.0</ele>
        <time>2025-08-15T20:26:47Z</time>
      </trkpt>
      <trkpt lat="-33.919081" lon="-61.096493">
        <ele>109.3</ele>
        <time>2025-08-15T20:27:33Z</time>
      </trkpt>
      <trkpt lat="-33.917787" lon="-61.09717">
        <ele>109.3</ele>
        <time>2025-08-15T20:28:17Z</time>
      </trkpt>
      <trkpt lat="-33.917184" lon="-61.098085">
        <ele>109.3</ele>
        <time>2025-08-15T20:28:45Z</time>
      </trkpt>
      <trkpt lat="-33.916984" lon="-61.098955">
        <ele>109.5</ele>
        <time>2025-08-15T20:29:07Z</time>
      </trkpt>
      <trkpt lat="-33.91661" lon="-61.099453">
        <ele>109.4</ele>
        <time>2025-08-15T20:29:23Z</time>
      </trkpt>
      <trkpt lat="-33.915868" lon="-61.100021">
        <ele>109.2</ele>
        <time>2025-08-15T20:29:49Z</time>
      </trkpt>
      <trkpt lat="-33.915022" lon="-61.10026">
        <ele>109.5</ele>
        <time>2025-08-15T20:30:23Z</time>
      </trkpt>
      <trkpt lat="-33.914549" lon="-61.101395">
        <ele>109.8</ele>
        <time>2025-08-15T20:30:57Z</time>
      </trkpt>
      <trkpt lat="-33.914154" lon="-61.101717">
        <ele>109.6</ele>
        <time>2025-08-15T20:31:11Z</time>
      </trkpt>
      <trkpt lat="-33.913629" lon="-61.102715">
        <ele>108.5</ele>
        <time>2025-08-15T20:31:37Z</time>
      </trkpt>
      <trkpt lat="-33.9133" lon="-61.102933">
        <ele>109.7</ele>
        <time>2025-08-15T20:31:47Z</time>
      </trkpt>
      <trkpt lat="-33.912517" lon="-61.102978">
        <ele>109.8</ele>
        <time>2025-08-15T20:32:53Z</time>
      </trkpt>
      <trkpt lat="-33.907171" lon="-61.109239">
        <ele>112.2</ele>
        <time>2025-08-15T20:37:37Z</time>
      </trkpt>
      <trkpt lat="-33.90746" lon="-61.10988">
        <ele>112.1</ele>
        <time>2025-08-15T20:38:33Z</time>
      </trkpt>
      <trkpt lat="-33.907571" lon="-61.109721">
        <ele>112.1</ele>
        <time>2025-08-15T20:38:41Z</time>
      </trkpt>
      <trkpt lat="-33.907324" lon="-61.109742">
        <ele>111.8</ele>
        <time>2025-08-15T20:38:51Z</time>
      </trkpt>
      <trkpt lat="-33.907565" lon="-61.109961">
        <ele>111.6</ele>
        <time>2025-08-15T20:38:59Z</time>
      </trkpt>
      <trkpt lat="-33.907595" lon="-61.110301">
        <ele>112.3</ele>
        <time>2025-08-15T20:39:07Z</time>
      </trkpt>
      <trkpt lat="-33.907329" lon="-61.110628">
        <ele>111.1</ele>
        <time>2025-08-15T20:39:19Z</time>
      </trkpt>
      <trkpt lat="-33.907046" lon="-61.11033">
        <ele>112.1</ele>
        <time>2025-08-15T20:39:31Z</time>
      </trkpt>
      <trkpt lat="-33.907314" lon="-61.110526">
        <ele>111.5</ele>
        <time>2025-08-15T20:39:45Z</time>
      </trkpt>
      <trkpt lat="-33.907519" lon="-61.110364">
        <ele>112.5</ele>
        <time>2025-08-15T20:41:57Z</time>
      </trkpt>
      <trkpt lat="-33.90753" lon="-61.110483">
        <ele>112.3</ele>
        <time>2025-08-15T20:44:19Z</time>
      </trkpt>
      <trkpt lat="-33.907155" lon="-61.109994">
        <ele>112.2</ele>
        <time>2025-08-15T20:45:05Z</time>
      </trkpt>
      <trkpt lat="-33.907239" lon="-61.110195">
        <ele>112.4</ele>
        <time>2025-08-15T20:45:13Z</time>
      </trkpt>
      <trkpt lat="-33.90707" lon="-61.110247">
        <ele>112.2</ele>
        <time>2025-08-15T20:46:11Z</time>
      </trkpt>
      <trkpt lat="-33.907578" lon="-61.110449">
        <ele>112.2</ele>
        <time>2025-08-15T20:48:47Z</time>
      </trkpt>
      <trkpt lat="-33.907317" lon="-61.110377">
        <ele>112.2</ele>
        <time>2025-08-15T20:50:37Z</time>
      </trkpt>
      <trkpt lat="-33.907419" lon="-61.110435">
        <ele>112.3</ele>
        <time>2025-08-15T20:52:41Z</time>
      </trkpt>
      <trkpt lat="-33.907397" lon="-61.11024">
        <ele>112.1</ele>
        <time>2025-08-15T20:53:09Z</time>
      </trkpt>
      <trkpt lat="-33.907275" lon="-61.110393">
        <ele>112.0</ele>
        <time>2025-08-15T20:53:39Z</time>
      </trkpt>
      <trkpt lat="-33.907351" lon="-61.110225">
        <ele>112.6</ele>
        <time>2025-08-15T20:53:59Z</time>
      </trkpt>
      <trkpt lat="-33.907195" lon="-61.11041">
        <ele>112.7</ele>
        <time>2025-08-15T20:55:33Z</time>
      </trkpt>
      <trkpt lat="-33.90735" lon="-61.11017">
        <ele>112.3</ele>
        <time>2025-08-15T20:56:51Z</time>
      </trkpt>
      <trkpt lat="-33.907183" lon="-61.110457">
        <ele>112.6</ele>
        <time>2025-08-15T20:57:37Z</time>
      </trkpt>
      <trkpt lat="-33.907262" lon="-61.110263">
        <ele>112.6</ele>
        <time>2025-08-15T20:59:59Z</time>
      </trkpt>
      <trkpt lat="-33.907186" lon="-61.110444">
        <ele>111.6</ele>
        <time>2025-08-15T21:03:09Z</time>
      </trkpt>
      <trkpt lat="-33.90747" lon="-61.110333">
        <ele>112.0</ele>
        <time>2025-08-15T21:03:43Z</time>
      </trkpt>
      <trkpt lat="-33.907406" lon="-61.11051">
        <ele>111.8</ele>
        <time>2025-08-15T21:05:01Z</time>
      </trkpt>
      <trkpt lat="-33.907195" lon="-61.110174">
        <ele>111.4</ele>
        <time>2025-08-15T21:05:47Z</time>
      </trkpt>
      <trkpt lat="-33.907162" lon="-61.110431">
        <ele>111.5</ele>
        <time>2025-08-15T21:07:31Z</time>
      </trkpt>
      <trkpt lat="-33.907316" lon="-61.11026">
        <ele>111.3</ele>
        <time>2025-08-15T21:08:49Z</time>
      </trkpt>
      <trkpt lat="-33.907159" lon="-61.110395">
        <ele>109.9</ele>
        <time>2025-08-15T21:12:47Z</time>
      </trkpt>
      <trkpt lat="-33.907082" lon="-61.110101">
        <ele>115.0</ele>
        <time>2025-08-15T21:15:35Z</time>
      </trkpt>
      <trkpt lat="-33.907307" lon="-61.110269">
        <ele>111.6</ele>
        <time>2025-08-15T21:17:07Z</time>
      </trkpt>
      <trkpt lat="-33.907116" lon="-61.110418">
        <ele>111.5</ele>
        <time>2025-08-15T21:17:25Z</time>
      </trkpt>
      <trkpt lat="-33.907287" lon="-61.110255">
        <ele>111.0</ele>
        <time>2025-08-15T21:19:19Z</time>
      </trkpt>
      <trkpt lat="-33.907102" lon="-61.110187">
        <ele>114.8</ele>
        <time>2025-08-15T21:19:47Z</time>
      </trkpt>
      <trkpt lat="-33.907291" lon="-61.110042">
        <ele>114.3</ele>
        <time>2025-08-15T21:20:21Z</time>
      </trkpt>
      <trkpt lat="-33.90707" lon="-61.110328">
        <ele>111.6</ele>
        <time>2025-08-15T22:27:27Z</time>
      </trkpt>
      <trkpt lat="-33.907396" lon="-61.110478">
        <ele>109.4</ele>
        <time>2025-08-15T22:28:49Z</time>
      </trkpt>
      <trkpt lat="-33.907233" lon="-61.110219">
        <ele>109.0</ele>
        <time>2025-08-15T22:30:07Z</time>
      </trkpt>
      <trkpt lat="-33.907168" lon="-61.110362">
        <ele>108.9</ele>
        <time>2025-08-15T22:30:53Z</time>
      </trkpt>
      <trkpt lat="-33.907248" lon="-61.110035">
        <ele>109.0</ele>
        <time>2025-08-15T22:32:21Z</time>
      </trkpt>
      <trkpt lat="-33.90754" lon="-61.110545">
        <ele>109.6</ele>
        <time>2025-08-15T22:35:31Z</time>
      </trkpt>
      <trkpt lat="-33.90687" lon="-61.11104">
        <ele>108.5</ele>
        <time>2025-08-15T22:36:13Z</time>
      </trkpt>
      <trkpt lat="-33.906362" lon="-61.110405">
        <ele>109.2</ele>
        <time>2025-08-15T22:36:37Z</time>
      </trkpt>
      <trkpt lat="-33.906334" lon="-61.109719">
        <ele>110.0</ele>
        <time>2025-08-15T22:36:59Z</time>
      </trkpt>
      <trkpt lat="-33.905875" lon="-61.109628">
        <ele>109.9</ele>
        <time>2025-08-15T22:37:13Z</time>
      </trkpt>
      <trkpt lat="-33.904868" lon="-61.108515">
        <ele>111.2</ele>
        <time>2025-08-15T22:37:49Z</time>
      </trkpt>
      <trkpt lat="-33.905461" lon="-61.107565">
        <ele>111.8</ele>
        <time>2025-08-15T22:38:15Z</time>
      </trkpt>
      <trkpt lat="-33.905392" lon="-61.107367">
        <ele>112.2</ele>
        <time>2025-08-15T22:38:21Z</time>
      </trkpt>
      <trkpt lat="-33.897102" lon="-61.09736">
        <ele>117.1</ele>
        <time>2025-08-15T22:43:47Z</time>
      </trkpt>
      <trkpt lat="-33.896887" lon="-61.097397">
        <ele>117.6</ele>
        <time>2025-08-15T22:47:59Z</time>
      </trkpt>
      <trkpt lat="-33.897102" lon="-61.097493">
        <ele>117.0</ele>
        <time>2025-08-15T22:50:17Z</time>
      </trkpt>
      <trkpt lat="-33.896917" lon="-61.097405">
        <ele>116.6</ele>
        <time>2025-08-15T22:57:25Z</time>
      </trkpt>
      <trkpt lat="-33.897171" lon="-61.097328">
        <ele>116.4</ele>
        <time>2025-08-15T23:01:15Z</time>
      </trkpt>
      <trkpt lat="-33.894127" lon="-61.093963">
        <ele>116.6</ele>
        <time>2025-08-15T23:07:05Z</time>
      </trkpt>
      <trkpt lat="-33.89184" lon="-61.096636">
        <ele>118.5</ele>
        <time>2025-08-15T23:09:03Z</time>
      </trkpt>
      <trkpt lat="-33.891609" lon="-61.096728">
        <ele>117.1</ele>
        <time>2025-08-15T23:20:33Z</time>
      </trkpt>
      <trkpt lat="-33.891003" lon="-61.096025">
        <ele>117.1</ele>
        <time>2025-08-15T23:21:05Z</time>
      </trkpt>
      <trkpt lat="-33.891102" lon="-61.095687">
        <ele>117.2</ele>
        <time>2025-08-15T23:21:17Z</time>
      </trkpt>
      <trkpt lat="-33.891684" lon="-61.095081">
        <ele>116.4</ele>
        <time>2025-08-15T23:21:43Z</time>
      </trkpt>
      <trkpt lat="-33.89256" lon="-61.096049">
        <ele>116.6</ele>
        <time>2025-08-15T23:25:27Z</time>
      </trkpt>
      <trkpt lat="-33.892422" lon="-61.096124">
        <ele>116.8</ele>
        <time>2025-08-15T23:26:23Z</time>
      </trkpt>
      <trkpt lat="-33.892338" lon="-61.095864">
        <ele>117.1</ele>
        <time>2025-08-15T23:28:27Z</time>
      </trkpt>
      <trkpt lat="-33.892525" lon="-61.096148">
        <ele>116.6</ele>
        <time>2025-08-15T23:29:19Z</time>
      </trkpt>
      <trkpt lat="-33.892448" lon="-61.095875">
        <ele>116.8</ele>
        <time>2025-08-15T23:32:11Z</time>
      </trkpt>
      <trkpt lat="-33.892479" lon="-61.096064">
        <ele>114.7</ele>
        <time>2025-08-15T23:43:51Z</time>
      </trkpt>
      <trkpt lat="-33.892418" lon="-61.09586">
        <ele>112.8</ele>
        <time>2025-08-16T00:09:33Z</time>
      </trkpt>
      <trkpt lat="-33.892348" lon="-61.09603">
        <ele>111.8</ele>
        <time>2025-08-16T00:13:33Z</time>
      </trkpt>
      <trkpt lat="-33.892486" lon="-61.095857">
        <ele>113.4</ele>
        <time>2025-08-16T00:17:49Z</time>
      </trkpt>
      <trkpt lat="-33.892481" lon="-61.096111">
        <ele>113.1</ele>
        <time>2025-08-16T00:18:17Z</time>
      </trkpt>
      <trkpt lat="-33.892346" lon="-61.095974">
        <ele>112.4</ele>
        <time>2025-08-16T00:21:13Z</time>
      </trkpt>
      <trkpt lat="-33.892515" lon="-61.096223">
        <ele>112.8</ele>
        <time>2025-08-16T00:26:49Z</time>
      </trkpt>
      <trkpt lat="-33.892389" lon="-61.096099">
        <ele>113.3</ele>
        <time>2025-08-16T00:30:59Z</time>
      </trkpt>
      <trkpt lat="-33.892432" lon="-61.095932">
        <ele>113.1</ele>
        <time>2025-08-16T00:31:59Z</time>
      </trkpt>
      <trkpt lat="-33.892535" lon="-61.09611">
        <ele>113.2</ele>
        <time>2025-08-16T00:32:41Z</time>
      </trkpt>
      <trkpt lat="-33.892509" lon="-61.095895">
        <ele>113.1</ele>
        <time>2025-08-16T00:32:49Z</time>
      </trkpt>
      <trkpt lat="-33.892548" lon="-61.096077">
        <ele>112.6</ele>
        <time>2025-08-16T00:33:23Z</time>
      </trkpt>
      <trkpt lat="-33.892411" lon="-61.096058">
        <ele>112.5</ele>
        <time>2025-08-16T00:35:30Z</time>
      </trkpt>
      <trkpt lat="-33.892551" lon="-61.09613">
        <ele>112.2</ele>
        <time>2025-08-16T00:40:20Z</time>
      </trkpt>
      <trkpt lat="-33.892387" lon="-61.096122">
        <ele>112.3</ele>
        <time>2025-08-16T00:40:43Z</time>
      </trkpt>
      <trkpt lat="-33.892535" lon="-61.096097">
        <ele>111.0</ele>
        <time>2025-08-16T00:47:45Z</time>
      </trkpt>
      <trkpt lat="-33.892369" lon="-61.095923">
        <ele>112.0</ele>
        <time>2025-08-16T00:53:41Z</time>
      </trkpt>
      <trkpt lat="-33.892493" lon="-61.096133">
        <ele>112.1</ele>
        <time>2025-08-16T00:55:37Z</time>
      </trkpt>
      <trkpt lat="-33.892306" lon="-61.096034">
        <ele>112.6</ele>
        <time>2025-08-16T00:58:07Z</time>
      </trkpt>
      <trkpt lat="-33.892501" lon="-61.096137">
        <ele>112.3</ele>
        <time>2025-08-16T00:59:15Z</time>
      </trkpt>
      <trkpt lat="-33.892497" lon="-61.095991">
        <ele>113.1</ele>
        <time>2025-08-16T01:02:41Z</time>
      </trkpt>
      <trkpt lat="-33.892746" lon="-61.096263">
        <ele>113.2</ele>
        <time>2025-08-16T01:03:35Z</time>
      </trkpt>
      <trkpt lat="-33.897001" lon="-61.101308">
        <ele>112.1</ele>
        <time>2025-08-16T01:07:21Z</time>
      </trkpt>
      <trkpt lat="-33.897277" lon="-61.101323">
        <ele>112.5</ele>
        <time>2025-08-16T01:07:29Z</time>
      </trkpt>
      <trkpt lat="-33.897934" lon="-61.10067">
        <ele>112.2</ele>
        <time>2025-08-16T01:07:53Z</time>
      </trkpt>
      <trkpt lat="-33.90547" lon="-61.109603">
        <ele>103.9</ele>
        <time>2025-08-16T01:12:55Z</time>
      </trkpt>
      <trkpt lat="-33.905818" lon="-61.110548">
        <ele>104.1</ele>
        <time>2025-08-16T01:13:15Z</time>
      </trkpt>
      <trkpt lat="-33.906385" lon="-61.110072">
        <ele>103.6</ele>
        <time>2025-08-16T01:13:27Z</time>
      </trkpt>
      <trkpt lat="-33.906359" lon="-61.109721">
        <ele>103.9</ele>
        <time>2025-08-16T01:13:33Z</time>
      </trkpt>
      <trkpt lat="-33.906148" lon="-61.109701">
        <ele>103.5</ele>
        <time>2025-08-16T01:13:37Z</time>
      </trkpt>
      <trkpt lat="-33.905832" lon="-61.110046">
        <ele>103.9</ele>
        <time>2025-08-16T01:13:45Z</time>
      </trkpt>
      <trkpt lat="-33.905774" lon="-61.110518">
        <ele>104.4</ele>
        <time>2025-08-16T01:13:53Z</time>
      </trkpt>
      <trkpt lat="-33.906389" lon="-61.110509">
        <ele>104.4</ele>
        <time>2025-08-16T01:14:07Z</time>
      </trkpt>
      <trkpt lat="-33.906901" lon="-61.111026">
        <ele>102.7</ele>
        <time>2025-08-16T01:14:25Z</time>
      </trkpt>
      <trkpt lat="-33.907522" lon="-61.110339">
        <ele>103.8</ele>
        <time>2025-08-16T01:15:37Z</time>
      </trkpt>
      <trkpt lat="-33.907393" lon="-61.110257">
        <ele>103.9</ele>
        <time>2025-08-16T01:15:45Z</time>
      </trkpt>
      <trkpt lat="-33.907263" lon="-61.11043">
        <ele>104.0</ele>
        <time>2025-08-16T01:18:27Z</time>
      </trkpt>
      <trkpt lat="-33.907179" lon="-61.110311">
        <ele>103.3</ele>
        <time>2025-08-16T01:20:31Z</time>
      </trkpt>
      <trkpt lat="-33.906997" lon="-61.110627">
        <ele>103.3</ele>
        <time>2025-08-16T01:21:45Z</time>
      </trkpt>
      <trkpt lat="-33.907256" lon="-61.110318">
        <ele>102.0</ele>
        <time>2025-08-16T01:30:23Z</time>
      </trkpt>
      <trkpt lat="-33.90714" lon="-61.110485">
        <ele>101.1</ele>
        <time>2025-08-16T01:49:42Z</time>
      </trkpt>
      <trkpt lat="-33.907173" lon="-61.110233">
        <ele>103.4</ele>
        <time>2025-08-16T02:03:27Z</time>
      </trkpt>
      <trkpt lat="-33.906973" lon="-61.110267">
        <ele>103.7</ele>
        <time>2025-08-16T02:03:37Z</time>
      </trkpt>
      <trkpt lat="-33.907193" lon="-61.110201">
        <ele>103.9</ele>
        <time>2025-08-16T02:07:23Z</time>
      </trkpt>
      <trkpt lat="-33.907035" lon="-61.109869">
        <ele>102.5</ele>
        <time>2025-08-16T02:12:55Z</time>
      </trkpt>
      <trkpt lat="-33.907135" lon="-61.110164">
        <ele>102.4</ele>
        <time>2025-08-16T02:15:21Z</time>
      </trkpt>
      <trkpt lat="-33.907078" lon="-61.109935">
        <ele>102.2</ele>
        <time>2025-08-16T02:15:51Z</time>
      </trkpt>
      <trkpt lat="-33.907013" lon="-61.110243">
        <ele>102.6</ele>
        <time>2025-08-16T02:18:47Z</time>
      </trkpt>
      <trkpt lat="-33.907105" lon="-61.110003">
        <ele>99.1</ele>
        <time>2025-08-16T02:25:03Z</time>
      </trkpt>
      <trkpt lat="-33.907271" lon="-61.110396">
        <ele>98.9</ele>
        <time>2025-08-16T02:26:57Z</time>
      </trkpt>
      <trkpt lat="-33.907148" lon="-61.110341">
        <ele>98.4</ele>
        <time>2025-08-16T02:28:33Z</time>
      </trkpt>
      <trkpt lat="-33.907269" lon="-61.110264">
        <ele>98.0</ele>
        <time>2025-08-16T02:31:57Z</time>
      </trkpt>
      <trkpt lat="-33.907066" lon="-61.110332">
        <ele>101.5</ele>
        <time>2025-08-16T02:33:13Z</time>
      </trkpt>
      <trkpt lat="-33.90709" lon="-61.110119">
        <ele>101.8</ele>
        <time>2025-08-16T02:34:13Z</time>
      </trkpt>
      <trkpt lat="-33.907142" lon="-61.110336">
        <ele>101.6</ele>
        <time>2025-08-16T02:43:05Z</time>
      </trkpt>
      <trkpt lat="-33.907104" lon="-61.110225">
        <ele>100.7</ele>
        <time>2025-08-16T02:45:35Z</time>
      </trkpt>
      <trkpt lat="-33.906999" lon="-61.110411">
        <ele>100.4</ele>
        <time>2025-08-16T02:50:19Z</time>
      </trkpt>
      <trkpt lat="-33.907105" lon="-61.11033">
        <ele>100.6</ele>
        <time>2025-08-16T02:53:15Z</time>
      </trkpt>
      <trkpt lat="-33.906955" lon="-61.110151">
        <ele>101.5</ele>
        <time>2025-08-16T02:58:55Z</time>
      </trkpt>
      <trkpt lat="-33.907114" lon="-61.110294">
        <ele>101.0</ele>
        <time>2025-08-16T03:01:15Z</time>
      </trkpt>
      <trkpt lat="-33.906935" lon="-61.110225">
        <ele>100.9</ele>
        <time>2025-08-16T03:05:19Z</time>
      </trkpt>
      <trkpt lat="-33.907189" lon="-61.110229">
        <ele>98.6</ele>
        <time>2025-08-16T03:10:35Z</time>
      </trkpt>
      <trkpt lat="-33.907293" lon="-61.109998">
        <ele>97.6</ele>
        <time>2025-08-16T03:11:13Z</time>
      </trkpt>
      <trkpt lat="-33.907256" lon="-61.109864">
        <ele>97.4</ele>
        <time>2025-08-16T03:11:27Z</time>
      </trkpt>
      <trkpt lat="-33.90718" lon="-61.109968">
        <ele>97.8</ele>
        <time>2025-08-16T03:12:25Z</time>
      </trkpt>
      <trkpt lat="-33.907323" lon="-61.10995">
        <ele>98.0</ele>
        <time>2025-08-16T03:14:13Z</time>
      </trkpt>
      <trkpt lat="-33.907223" lon="-61.10983">
        <ele>98.0</ele>
        <time>2025-08-16T03:15:37Z</time>
      </trkpt>
      <trkpt lat="-33.907189" lon="-61.110043">
        <ele>98.6</ele>
        <time>2025-08-16T03:16:29Z</time>
      </trkpt>
      <trkpt lat="-33.907288" lon="-61.10985">
        <ele>98.4</ele>
        <time>2025-08-16T03:17:49Z</time>
      </trkpt>
      <trkpt lat="-33.907385" lon="-61.110201">
        <ele>99.0</ele>
        <time>2025-08-16T03:19:39Z</time>
      </trkpt>
      <trkpt lat="-33.907242" lon="-61.109974">
        <ele>98.4</ele>
        <time>2025-08-16T03:20:37Z</time>
      </trkpt>
      <trkpt lat="-33.907213" lon="-61.110191">
        <ele>99.3</ele>
        <time>2025-08-16T03:22:03Z</time>
      </trkpt>
      <trkpt lat="-33.907274" lon="-61.109812">
        <ele>98.9</ele>
        <time>2025-08-16T03:24:11Z</time>
      </trkpt>
      <trkpt lat="-33.90729" lon="-61.110185">
        <ele>97.2</ele>
        <time>2025-08-16T03:32:19Z</time>
      </trkpt>
      <trkpt lat="-33.90713" lon="-61.110109">
        <ele>97.4</ele>
        <time>2025-08-16T03:32:49Z</time>
      </trkpt>
      <trkpt lat="-33.90741" lon="-61.110356">
        <ele>96.5</ele>
        <time>2025-08-16T03:34:13Z</time>
      </trkpt>
      <trkpt lat="-33.907242" lon="-61.110333">
        <ele>95.6</ele>
        <time>2025-08-16T03:48:07Z</time>
      </trkpt>
      <trkpt lat="-33.907188" lon="-61.110061">
        <ele>95.8</ele>
        <time>2025-08-16T03:50:47Z</time>
      </trkpt>
      <trkpt lat="-33.907314" lon="-61.11032">
        <ele>95.6</ele>
        <time>2025-08-16T03:52:17Z</time>
      </trkpt>
      <trkpt lat="-33.907209" lon="-61.110426">
        <ele>95.7</ele>
        <time>2025-08-16T03:54:27Z</time>
      </trkpt>
      <trkpt lat="-33.907158" lon="-61.110272">
        <ele>95.3</ele>
        <time>2025-08-16T03:56:11Z</time>
      </trkpt>
      <trkpt lat="-33.907142" lon="-61.110416">
        <ele>95.3</ele>
        <time>2025-08-16T03:57:58Z</time>
      </trkpt>
      <trkpt lat="-33.907072" lon="-61.110094">
        <ele>95.3</ele>
        <time>2025-08-16T03:58:14Z</time>
      </trkpt>
      <trkpt lat="-33.907249" lon="-61.110215">
        <ele>95.2</ele>
        <time>2025-08-16T03:58:39Z</time>
      </trkpt>
      <trkpt lat="-33.907135" lon="-61.11026">
        <ele>95.0</ele>
        <time>2025-08-16T03:59:35Z</time>
      </trkpt>
      <trkpt lat="-33.907283" lon="-61.110181">
        <ele>94.9</ele>
        <time>2025-08-16T04:00:02Z</time>
      </trkpt>
      <trkpt lat="-33.906948" lon="-61.11059">
        <ele>95.9</ele>
        <time>2025-08-16T04:19:05Z</time>
      </trkpt>
      <trkpt lat="-33.907155" lon="-61.110045">
        <ele>78.8</ele>
        <time>2025-08-16T11:39:00Z</time>
      </trkpt>
      <trkpt lat="-33.907382" lon="-61.110471">
        <ele>77.5</ele>
        <time>2025-08-16T11:45:01Z</time>
      </trkpt>
      <trkpt lat="-33.907509" lon="-61.110297">
        <ele>75.9</ele>
        <time>2025-08-16T11:51:31Z</time>
      </trkpt>
      <trkpt lat="-33.907031" lon="-61.11096">
        <ele>75.3</ele>
        <time>2025-08-16T12:10:11Z</time>
      </trkpt>
      <trkpt lat="-33.906817" lon="-61.110982">
        <ele>75.4</ele>
        <time>2025-08-16T12:10:21Z</time>
      </trkpt>
      <trkpt lat="-33.906415" lon="-61.110554">
        <ele>76.1</ele>
        <time>2025-08-16T12:11:31Z</time>
      </trkpt>
      <trkpt lat="-33.906879" lon="-61.111155">
        <ele>75.1</ele>
        <time>2025-08-16T12:12:41Z</time>
      </trkpt>
      <trkpt lat="-33.906351" lon="-61.110313">
        <ele>75.7</ele>
        <time>2025-08-16T12:13:41Z</time>
      </trkpt>
      <trkpt lat="-33.907154" lon="-61.110366">
        <ele>75.8</ele>
        <time>2025-08-16T12:14:31Z</time>
      </trkpt>
      <trkpt lat="-33.906364" lon="-61.110231">
        <ele>75.9</ele>
        <time>2025-08-16T12:14:51Z</time>
      </trkpt>
      <trkpt lat="-33.906397" lon="-61.109914">
        <ele>76.2</ele>
        <time>2025-08-16T12:15:11Z</time>
      </trkpt>
      <trkpt lat="-33.906097" lon="-61.10973">
        <ele>76.4</ele>
        <time>2025-08-16T12:15:21Z</time>
      </trkpt>
      <trkpt lat="-33.905681" lon="-61.110296">
        <ele>76.0</ele>
        <time>2025-08-16T12:16:11Z</time>
      </trkpt>
      <trkpt lat="-33.906024" lon="-61.110496">
        <ele>76.5</ele>
        <time>2025-08-16T12:16:21Z</time>
      </trkpt>
      <trkpt lat="-33.906372" lon="-61.11003">
        <ele>76.3</ele>
        <time>2025-08-16T12:16:31Z</time>
      </trkpt>
      <trkpt lat="-33.906165" lon="-61.109685">
        <ele>76.7</ele>
        <time>2025-08-16T12:16:41Z</time>
      </trkpt>
      <trkpt lat="-33.90579" lon="-61.109986">
        <ele>75.8</ele>
        <time>2025-08-16T12:16:51Z</time>
      </trkpt>
      <trkpt lat="-33.905046" lon="-61.111181">
        <ele>76.2</ele>
        <time>2025-08-16T12:17:51Z</time>
      </trkpt>
      <trkpt lat="-33.899211" lon="-61.118224">
        <ele>78.1</ele>
        <time>2025-08-16T12:21:21Z</time>
      </trkpt>
      <trkpt lat="-33.896363" lon="-61.121622">
        <ele>82.9</ele>
        <time>2025-08-16T12:23:01Z</time>
      </trkpt>
      <trkpt lat="-33.895101" lon="-61.122815">
        <ele>84.0</ele>
        <time>2025-08-16T12:23:41Z</time>
      </trkpt>
      <trkpt lat="-33.893362" lon="-61.12376">
        <ele>84.8</ele>
        <time>2025-08-16T12:24:31Z</time>
      </trkpt>
      <trkpt lat="-33.88849" lon="-61.125445">
        <ele>85.5</ele>
        <time>2025-08-16T12:26:31Z</time>
      </trkpt>
      <trkpt lat="-33.887658" lon="-61.125873">
        <ele>85.1</ele>
        <time>2025-08-16T12:26:51Z</time>
      </trkpt>
      <trkpt lat="-33.886574" lon="-61.126778">
        <ele>85.0</ele>
        <time>2025-08-16T12:27:21Z</time>
      </trkpt>
      <trkpt lat="-33.866978" lon="-61.150376">
        <ele>82.8</ele>
        <time>2025-08-16T12:37:41Z</time>
      </trkpt>
      <trkpt lat="-33.866083" lon="-61.151755">
        <ele>83.0</ele>
        <time>2025-08-16T12:38:11Z</time>
      </trkpt>
      <trkpt lat="-33.865404" lon="-61.153316">
        <ele>82.8</ele>
        <time>2025-08-16T12:38:41Z</time>
      </trkpt>
      <trkpt lat="-33.865134" lon="-61.154428">
        <ele>82.6</ele>
        <time>2025-08-16T12:39:01Z</time>
      </trkpt>
      <trkpt lat="-33.865002" lon="-61.157387">
        <ele>82.3</ele>
        <time>2025-08-16T12:39:51Z</time>
      </trkpt>
      <trkpt lat="-33.868386" lon="-61.176305">
        <ele>80.4</ele>
        <time>2025-08-16T12:45:31Z</time>
      </trkpt>
      <trkpt lat="-33.869917" lon="-61.183151">
        <ele>81.5</ele>
        <time>2025-08-16T12:47:51Z</time>
      </trkpt>
      <trkpt lat="-33.870054" lon="-61.18504">
        <ele>81.8</ele>
        <time>2025-08-16T12:49:01Z</time>
      </trkpt>
      <trkpt lat="-33.869911" lon="-61.186418">
        <ele>81.4</ele>
        <time>2025-08-16T12:50:21Z</time>
      </trkpt>
      <trkpt lat="-33.869108" lon="-61.188922">
        <ele>80.9</ele>
        <time>2025-08-16T12:52:51Z</time>
      </trkpt>
      <trkpt lat="-33.868266" lon="-61.19036">
        <ele>81.3</ele>
        <time>2025-08-16T12:53:21Z</time>
      </trkpt>
      <trkpt lat="-33.866947" lon="-61.192024">
        <ele>81.9</ele>
        <time>2025-08-16T12:54:01Z</time>
      </trkpt>
      <trkpt lat="-33.83694" lon="-61.228187">
        <ele>85.7</ele>
        <time>2025-08-16T13:10:01Z</time>
      </trkpt>
      <trkpt lat="-33.833788" lon="-61.231666">
        <ele>85.6</ele>
        <time>2025-08-16T13:11:31Z</time>
      </trkpt>
      <trkpt lat="-33.832" lon="-61.233393">
        <ele>85.6</ele>
        <time>2025-08-16T13:12:21Z</time>
      </trkpt>
      <trkpt lat="-33.814893" lon="-61.246616">
        <ele>86.1</ele>
        <time>2025-08-16T13:19:31Z</time>
      </trkpt>
      <trkpt lat="-33.813777" lon="-61.247802">
        <ele>84.7</ele>
        <time>2025-08-16T13:20:01Z</time>
      </trkpt>
      <trkpt lat="-33.813402" lon="-61.249007">
        <ele>84.0</ele>
        <time>2025-08-16T13:20:21Z</time>
      </trkpt>
      <trkpt lat="-33.813428" lon="-61.249648">
        <ele>83.9</ele>
        <time>2025-08-16T13:20:31Z</time>
      </trkpt>
      <trkpt lat="-33.815248" lon="-61.267128">
        <ele>83.0</ele>
        <time>2025-08-16T13:25:31Z</time>
      </trkpt>
      <trkpt lat="-33.815273" lon="-61.269412">
        <ele>83.7</ele>
        <time>2025-08-16T13:26:11Z</time>
      </trkpt>
      <trkpt lat="-33.807506" lon="-61.334774">
        <ele>95.6</ele>
        <time>2025-08-16T13:53:21Z</time>
      </trkpt>
      <trkpt lat="-33.807292" lon="-61.336256">
        <ele>95.6</ele>
        <time>2025-08-16T13:53:51Z</time>
      </trkpt>
      <trkpt lat="-33.807092" lon="-61.336624">
        <ele>95.7</ele>
        <time>2025-08-16T13:54:01Z</time>
      </trkpt>
      <trkpt lat="-33.805109" lon="-61.338319">
        <ele>95.2</ele>
        <time>2025-08-16T13:55:01Z</time>
      </trkpt>
      <trkpt lat="-33.793636" lon="-61.34717">
        <ele>97.1</ele>
        <time>2025-08-16T14:01:01Z</time>
      </trkpt>
      <trkpt lat="-33.789774" lon="-61.349675">
        <ele>98.9</ele>
        <time>2025-08-16T14:02:51Z</time>
      </trkpt>
      <trkpt lat="-33.780161" lon="-61.357146">
        <ele>101.2</ele>
        <time>2025-08-16T14:07:41Z</time>
      </trkpt>
      <trkpt lat="-33.779487" lon="-61.357908">
        <ele>102.3</ele>
        <time>2025-08-16T14:17:11Z</time>
      </trkpt>
      <trkpt lat="-33.779322" lon="-61.357822">
        <ele>103.6</ele>
        <time>2025-08-16T14:17:41Z</time>
      </trkpt>
      <trkpt lat="-33.778433" lon="-61.358474">
        <ele>103.9</ele>
        <time>2025-08-16T14:18:11Z</time>
      </trkpt>
      <trkpt lat="-33.749386" lon="-61.380922">
        <ele>105.6</ele>
        <time>2025-08-16T14:36:01Z</time>
      </trkpt>
      <trkpt lat="-33.748491" lon="-61.381327">
        <ele>106.0</ele>
        <time>2025-08-16T14:36:21Z</time>
      </trkpt>
      <trkpt lat="-33.747842" lon="-61.380427">
        <ele>107.1</ele>
        <time>2025-08-16T14:36:41Z</time>
      </trkpt>
      <trkpt lat="-33.713719" lon="-61.316803">
        <ele>109.8</ele>
        <time>2025-08-16T15:06:51Z</time>
      </trkpt>
      <trkpt lat="-33.713416" lon="-61.316979">
        <ele>109.7</ele>
        <time>2025-08-16T15:07:01Z</time>
      </trkpt>
      <trkpt lat="-33.653612" lon="-61.40125">
        <ele>105.5</ele>
        <time>2025-08-16T15:38:31Z</time>
      </trkpt>
      <trkpt lat="-33.6503" lon="-61.40614">
        <ele>106.0</ele>
        <time>2025-08-16T15:40:01Z</time>
      </trkpt>
      <trkpt lat="-33.648764" lon="-61.410556">
        <ele>105.8</ele>
        <time>2025-08-16T15:41:11Z</time>
      </trkpt>
      <trkpt lat="-33.648114" lon="-61.411425">
        <ele>106.0</ele>
        <time>2025-08-16T15:41:31Z</time>
      </trkpt>
      <trkpt lat="-33.657783" lon="-61.429574">
        <ele>105.5</ele>
        <time>2025-08-16T15:47:01Z</time>
      </trkpt>
      <trkpt lat="-33.658005" lon="-61.430554">
        <ele>105.2</ele>
        <time>2025-08-16T15:47:21Z</time>
      </trkpt>
      <trkpt lat="-33.658432" lon="-61.430532">
        <ele>105.5</ele>
        <time>2025-08-16T15:47:31Z</time>
      </trkpt>
      <trkpt lat="-33.658368" lon="-61.430023">
        <ele>105.6</ele>
        <time>2025-08-16T15:47:41Z</time>
      </trkpt>
      <trkpt lat="-33.657936" lon="-61.430162">
        <ele>105.2</ele>
        <time>2025-08-16T15:47:51Z</time>
      </trkpt>
      <trkpt lat="-33.657677" lon="-61.430665">
        <ele>104.6</ele>
        <time>2025-08-16T15:48:01Z</time>
      </trkpt>
      <trkpt lat="-33.657131" lon="-61.431097">
        <ele>105.1</ele>
        <time>2025-08-16T15:48:51Z</time>
      </trkpt>
      <trkpt lat="-33.650938" lon="-61.435832">
        <ele>106.2</ele>
        <time>2025-08-16T15:51:41Z</time>
      </trkpt>
      <trkpt lat="-33.649083" lon="-61.436877">
        <ele>106.3</ele>
        <time>2025-08-16T15:52:41Z</time>
      </trkpt>
      <trkpt lat="-33.648745" lon="-61.43733">
        <ele>105.6</ele>
        <time>2025-08-16T16:05:31Z</time>
      </trkpt>
      <trkpt lat="-33.649239" lon="-61.437003">
        <ele>106.8</ele>
        <time>2025-08-16T16:15:21Z</time>
      </trkpt>
      <trkpt lat="-33.649706" lon="-61.439491">
        <ele>107.6</ele>
        <time>2025-08-16T16:17:01Z</time>
      </trkpt>
      <trkpt lat="-33.651864" lon="-61.443628">
        <ele>107.0</ele>
        <time>2025-08-16T16:19:41Z</time>
      </trkpt>
      <trkpt lat="-33.648415" lon="-61.446349">
        <ele>105.9</ele>
        <time>2025-08-16T16:22:51Z</time>
      </trkpt>
      <trkpt lat="-33.648093" lon="-61.446999">
        <ele>106.3</ele>
        <time>2025-08-16T16:24:01Z</time>
      </trkpt>
      <trkpt lat="-33.647663" lon="-61.446743">
        <ele>106.2</ele>
        <time>2025-08-16T16:28:21Z</time>
      </trkpt>
      <trkpt lat="-33.650718" lon="-61.452744">
        <ele>91.2</ele>
        <time>2025-08-16T18:50:34Z</time>
      </trkpt>
      <trkpt lat="-33.650583" lon="-61.452829">
        <ele>90.8</ele>
        <time>2025-08-16T18:51:04Z</time>
      </trkpt>
      <trkpt lat="-33.650643" lon="-61.452709">
        <ele>92.1</ele>
        <time>2025-08-16T18:57:54Z</time>
      </trkpt>
      <trkpt lat="-33.650749" lon="-61.452838">
        <ele>91.9</ele>
        <time>2025-08-16T19:00:14Z</time>
      </trkpt>
      <trkpt lat="-33.652487" lon="-61.456167">
        <ele>92.0</ele>
        <time>2025-08-16T19:06:14Z</time>
      </trkpt>
      <trkpt lat="-33.651841" lon="-61.456632">
        <ele>91.6</ele>
        <time>2025-08-16T19:06:44Z</time>
      </trkpt>
      <trkpt lat="-33.651428" lon="-61.456151">
        <ele>91.7</ele>
        <time>2025-08-16T19:07:04Z</time>
      </trkpt>
      <trkpt lat="-33.650968" lon="-61.455922">
        <ele>91.9</ele>
        <time>2025-08-16T19:07:54Z</time>
      </trkpt>
      <trkpt lat="-33.650732" lon="-61.455899">
        <ele>91.3</ele>
        <time>2025-08-16T19:19:14Z</time>
      </trkpt>
      <trkpt lat="-33.65088" lon="-61.45623">
        <ele>91.5</ele>
        <time>2025-08-16T19:21:34Z</time>
      </trkpt>
      <trkpt lat="-33.650839" lon="-61.455916">
        <ele>91.4</ele>
        <time>2025-08-16T19:24:24Z</time>
      </trkpt>
      <trkpt lat="-33.651025" lon="-61.455913">
        <ele>91.0</ele>
        <time>2025-08-16T19:26:14Z</time>
      </trkpt>
      <trkpt lat="-33.650915" lon="-61.455661">
        <ele>91.8</ele>
        <time>2025-08-16T19:27:14Z</time>
      </trkpt>
      <trkpt lat="-33.650618" lon="-61.455698">
        <ele>91.6</ele>
        <time>2025-08-16T19:27:44Z</time>
      </trkpt>
      <trkpt lat="-33.650704" lon="-61.455932">
        <ele>91.2</ele>
        <time>2025-08-16T19:28:04Z</time>
      </trkpt>
      <trkpt lat="-33.651482" lon="-61.456151">
        <ele>91.1</ele>
        <time>2025-08-16T19:30:44Z</time>
      </trkpt>
      <trkpt lat="-33.651924" lon="-61.456692">
        <ele>90.7</ele>
        <time>2025-08-16T19:31:14Z</time>
      </trkpt>
      <trkpt lat="-33.656673" lon="-61.453062">
        <ele>91.1</ele>
        <time>2025-08-16T19:35:24Z</time>
      </trkpt>
      <trkpt lat="-33.658726" lon="-61.456751">
        <ele>90.6</ele>
        <time>2025-08-16T19:37:44Z</time>
      </trkpt>
      <trkpt lat="-33.659914" lon="-61.455916">
        <ele>90.5</ele>
        <time>2025-08-16T19:38:34Z</time>
      </trkpt>
      <trkpt lat="-33.659847" lon="-61.455529">
        <ele>90.8</ele>
        <time>2025-08-16T19:40:34Z</time>
      </trkpt>
      <trkpt lat="-33.659946" lon="-61.455889">
        <ele>89.9</ele>
        <time>2025-08-16T19:57:44Z</time>
      </trkpt>
      <trkpt lat="-33.66029" lon="-61.455617">
        <ele>90.5</ele>
        <time>2025-08-16T19:58:24Z</time>
      </trkpt>
      <trkpt lat="-33.658834" lon="-61.456828">
        <ele>90.7</ele>
        <time>2025-08-16T19:59:24Z</time>
      </trkpt>
      <trkpt lat="-33.663069" lon="-61.464585">
        <ele>88.8</ele>
        <time>2025-08-16T20:03:44Z</time>
      </trkpt>
      <trkpt lat="-33.66521" lon="-61.463146">
        <ele>89.2</ele>
        <time>2025-08-16T20:05:04Z</time>
      </trkpt>
      <trkpt lat="-33.669264" lon="-61.46176">
        <ele>88.5</ele>
        <time>2025-08-16T20:07:44Z</time>
      </trkpt>
      <trkpt lat="-33.670345" lon="-61.461568">
        <ele>88.1</ele>
        <time>2025-08-16T20:08:24Z</time>
      </trkpt>
      <trkpt lat="-33.682238" lon="-61.465205">
        <ele>87.1</ele>
        <time>2025-08-16T20:18:14Z</time>
      </trkpt>
      <trkpt lat="-33.682836" lon="-61.465253">
        <ele>87.4</ele>
        <time>2025-08-16T20:18:34Z</time>
      </trkpt>
      <trkpt lat="-33.683196" lon="-61.464945">
        <ele>87.3</ele>
        <time>2025-08-16T20:18:54Z</time>
      </trkpt>
      <trkpt lat="-33.683842" lon="-61.462286">
        <ele>85.6</ele>
        <time>2025-08-16T20:20:44Z</time>
      </trkpt>
      <trkpt lat="-33.684122" lon="-61.462337">
        <ele>85.5</ele>
        <time>2025-08-16T20:25:34Z</time>
      </trkpt>
      <trkpt lat="-33.683756" lon="-61.46217">
        <ele>85.1</ele>
        <time>2025-08-16T20:36:24Z</time>
      </trkpt>
      <trkpt lat="-33.68386" lon="-61.462102">
        <ele>85.5</ele>
        <time>2025-08-16T20:36:44Z</time>
      </trkpt>
      <trkpt lat="-33.683971" lon="-61.462211">
        <ele>85.5</ele>
        <time>2025-08-16T20:37:14Z</time>
      </trkpt>
      <trkpt lat="-33.68383" lon="-61.462308">
        <ele>84.3</ele>
        <time>2025-08-16T20:41:44Z</time>
      </trkpt>
      <trkpt lat="-33.683942" lon="-61.462296">
        <ele>83.5</ele>
        <time>2025-08-16T20:47:44Z</time>
      </trkpt>
      <trkpt lat="-33.683821" lon="-61.462158">
        <ele>82.9</ele>
        <time>2025-08-16T20:51:34Z</time>
      </trkpt>
      <trkpt lat="-33.683661" lon="-61.463516">
        <ele>81.3</ele>
        <time>2025-08-16T20:53:04Z</time>
      </trkpt>
      <trkpt lat="-33.683151" lon="-61.465081">
        <ele>83.8</ele>
        <time>2025-08-16T20:54:24Z</time>
      </trkpt>
      <trkpt lat="-33.683572" lon="-61.465629">
        <ele>83.8</ele>
        <time>2025-08-16T20:57:14Z</time>
      </trkpt>
      <trkpt lat="-33.683171" lon="-61.465323">
        <ele>83.7</ele>
        <time>2025-08-16T21:14:24Z</time>
      </trkpt>
      <trkpt lat="-33.683139" lon="-61.465054">
        <ele>83.1</ele>
        <time>2025-08-16T21:15:24Z</time>
      </trkpt>
      <trkpt lat="-33.68294" lon="-61.46526">
        <ele>83.0</ele>
        <time>2025-08-16T21:15:54Z</time>
      </trkpt>
      <trkpt lat="-33.682189" lon="-61.465169">
        <ele>82.9</ele>
        <time>2025-08-16T21:17:44Z</time>
      </trkpt>
      <trkpt lat="-33.67089" lon="-61.461641">
        <ele>84.9</ele>
        <time>2025-08-16T21:26:04Z</time>
      </trkpt>
      <trkpt lat="-33.670076" lon="-61.461531">
        <ele>83.9</ele>
        <time>2025-08-16T21:26:34Z</time>
      </trkpt>
      <trkpt lat="-33.668433" lon="-61.46204">
        <ele>88.2</ele>
        <time>2025-08-16T21:27:54Z</time>
      </trkpt>
      <trkpt lat="-33.664055" lon="-61.45826">
        <ele>87.0</ele>
        <time>2025-08-16T21:51:50Z</time>
      </trkpt>
      <trkpt lat="-33.663839" lon="-61.458239">
        <ele>87.1</ele>
        <time>2025-08-16T21:52:10Z</time>
      </trkpt>
      <trkpt lat="-33.663337" lon="-61.458638">
        <ele>87.2</ele>
        <time>2025-08-16T21:52:30Z</time>
      </trkpt>
      <trkpt lat="-33.663125" lon="-61.458516">
        <ele>87.6</ele>
        <time>2025-08-16T21:52:40Z</time>
      </trkpt>
      <trkpt lat="-33.661825" lon="-61.45616">
        <ele>87.9</ele>
        <time>2025-08-16T21:53:50Z</time>
      </trkpt>
      <trkpt lat="-33.661514" lon="-61.456034">
        <ele>87.6</ele>
        <time>2025-08-16T21:54:00Z</time>
      </trkpt>
      <trkpt lat="-33.660852" lon="-61.456376">
        <ele>87.3</ele>
        <time>2025-08-16T21:54:30Z</time>
      </trkpt>
      <trkpt lat="-33.660537" lon="-61.455825">
        <ele>87.8</ele>
        <time>2025-08-16T21:54:50Z</time>
      </trkpt>
      <trkpt lat="-33.660305" lon="-61.455708">
        <ele>87.6</ele>
        <time>2025-08-16T21:55:00Z</time>
      </trkpt>
      <trkpt lat="-33.660013" lon="-61.455893">
        <ele>87.6</ele>
        <time>2025-08-16T21:55:20Z</time>
      </trkpt>
      <trkpt lat="-33.659889" lon="-61.455567">
        <ele>88.2</ele>
        <time>2025-08-16T21:57:00Z</time>
      </trkpt>
      <trkpt lat="-33.659824" lon="-61.455797">
        <ele>85.3</ele>
        <time>2025-08-16T22:25:40Z</time>
      </trkpt>
      <trkpt lat="-33.659972" lon="-61.455838">
        <ele>85.6</ele>
        <time>2025-08-16T22:27:00Z</time>
      </trkpt>
      <trkpt lat="-33.659889" lon="-61.455565">
        <ele>80.8</ele>
        <time>2025-08-16T23:19:19Z</time>
      </trkpt>
      <trkpt lat="-33.65981" lon="-61.455876">
        <ele>81.0</ele>
        <time>2025-08-16T23:32:39Z</time>
      </trkpt>
      <trkpt lat="-33.659851" lon="-61.455702">
        <ele>81.1</ele>
        <time>2025-08-16T23:32:59Z</time>
      </trkpt>
      <trkpt lat="-33.659664" lon="-61.455888">
        <ele>81.2</ele>
        <time>2025-08-16T23:34:59Z</time>
      </trkpt>
      <trkpt lat="-33.65985" lon="-61.455557">
        <ele>81.2</ele>
        <time>2025-08-16T23:42:09Z</time>
      </trkpt>
      <trkpt lat="-33.659712" lon="-61.455833">
        <ele>90.2</ele>
        <time>2025-08-17T11:26:25Z</time>
      </trkpt>
      <trkpt lat="-33.660027" lon="-61.455905">
        <ele>91.4</ele>
        <time>2025-08-17T11:53:31Z</time>
      </trkpt>
      <trkpt lat="-33.659921" lon="-61.455667">
        <ele>91.6</ele>
        <time>2025-08-17T11:55:41Z</time>
      </trkpt>
      <trkpt lat="-33.659972" lon="-61.455831">
        <ele>91.3</ele>
        <time>2025-08-17T11:56:11Z</time>
      </trkpt>
      <trkpt lat="-33.660372" lon="-61.4557">
        <ele>90.7</ele>
        <time>2025-08-17T11:58:01Z</time>
      </trkpt>
      <trkpt lat="-33.660893" lon="-61.456511">
        <ele>90.6</ele>
        <time>2025-08-17T12:00:11Z</time>
      </trkpt>
      <trkpt lat="-33.662098" lon="-61.456873">
        <ele>91.0</ele>
        <time>2025-08-17T12:02:41Z</time>
      </trkpt>
      <trkpt lat="-33.663186" lon="-61.458706">
        <ele>90.3</ele>
        <time>2025-08-17T12:05:41Z</time>
      </trkpt>
      <trkpt lat="-33.663619" lon="-61.458443">
        <ele>90.3</ele>
        <time>2025-08-17T12:06:21Z</time>
      </trkpt>
      <trkpt lat="-33.663974" lon="-61.458774">
        <ele>90.7</ele>
        <time>2025-08-17T12:07:01Z</time>
      </trkpt>
      <trkpt lat="-33.664158" lon="-61.459255">
        <ele>91.2</ele>
        <time>2025-08-17T12:09:51Z</time>
      </trkpt>
      <trkpt lat="-33.664207" lon="-61.459126">
        <ele>91.5</ele>
        <time>2025-08-17T12:19:20Z</time>
      </trkpt>
      <trkpt lat="-33.664137" lon="-61.45928">
        <ele>92.0</ele>
        <time>2025-08-17T12:23:20Z</time>
      </trkpt>
      <trkpt lat="-33.664221" lon="-61.459074">
        <ele>89.3</ele>
        <time>2025-08-17T12:56:40Z</time>
      </trkpt>
      <trkpt lat="-33.664184" lon="-61.459226">
        <ele>89.6</ele>
        <time>2025-08-17T12:57:50Z</time>
      </trkpt>
      <trkpt lat="-33.664083" lon="-61.459149">
        <ele>89.3</ele>
        <time>2025-08-17T12:59:10Z</time>
      </trkpt>
      <trkpt lat="-33.664195" lon="-61.459254">
        <ele>89.5</ele>
        <time>2025-08-17T13:00:20Z</time>
      </trkpt>
      <trkpt lat="-33.663902" lon="-61.458354">
        <ele>89.8</ele>
        <time>2025-08-17T13:12:30Z</time>
      </trkpt>
      <trkpt lat="-33.663925" lon="-61.458133">
        <ele>88.4</ele>
        <time>2025-08-17T13:12:50Z</time>
      </trkpt>
      <trkpt lat="-33.664031" lon="-61.45822">
        <ele>89.2</ele>
        <time>2025-08-17T13:13:10Z</time>
      </trkpt>
      <trkpt lat="-33.664367" lon="-61.458809">
        <ele>89.1</ele>
        <time>2025-08-17T13:14:10Z</time>
      </trkpt>
      <trkpt lat="-33.664226" lon="-61.45908">
        <ele>88.6</ele>
        <time>2025-08-17T13:16:00Z</time>
      </trkpt>
      <trkpt lat="-33.66386" lon="-61.458482">
        <ele>88.8</ele>
        <time>2025-08-17T13:17:00Z</time>
      </trkpt>
      <trkpt lat="-33.663884" lon="-61.458221">
        <ele>88.3</ele>
        <time>2025-08-17T13:18:40Z</time>
      </trkpt>
      <trkpt lat="-33.663171" lon="-61.458641">
        <ele>87.8</ele>
        <time>2025-08-17T13:20:10Z</time>
      </trkpt>
      <trkpt lat="-33.662793" lon="-61.457765">
        <ele>88.3</ele>
        <time>2025-08-17T13:23:00Z</time>
      </trkpt>
      <trkpt lat="-33.662089" lon="-61.456832">
        <ele>89.5</ele>
        <time>2025-08-17T13:25:50Z</time>
      </trkpt>
      <trkpt lat="-33.661105" lon="-61.456579">
        <ele>89.6</ele>
        <time>2025-08-17T13:28:10Z</time>
      </trkpt>
      <trkpt lat="-33.66004" lon="-61.457173">
        <ele>90.3</ele>
        <time>2025-08-17T13:30:30Z</time>
      </trkpt>
      <trkpt lat="-33.659623" lon="-61.456279">
        <ele>90.6</ele>
        <time>2025-08-17T13:34:00Z</time>
      </trkpt>
      <trkpt lat="-33.659956" lon="-61.455804">
        <ele>90.7</ele>
        <time>2025-08-17T13:35:40Z</time>
      </trkpt>
      <trkpt lat="-33.659781" lon="-61.455459">
        <ele>94.0</ele>
        <time>2025-08-17T15:28:11Z</time>
      </trkpt>
      <trkpt lat="-33.660005" lon="-61.455827">
        <ele>103.5</ele>
        <time>2025-08-17T16:47:50Z</time>
      </trkpt>
      <trkpt lat="-33.659876" lon="-61.455977">
        <ele>103.5</ele>
        <time>2025-08-17T16:53:20Z</time>
      </trkpt>
      <trkpt lat="-33.657977" lon="-61.45732">
        <ele>103.7</ele>
        <time>2025-08-17T16:55:30Z</time>
      </trkpt>
      <trkpt lat="-33.657522" lon="-61.456527">
        <ele>104.2</ele>
        <time>2025-08-17T16:56:00Z</time>
      </trkpt>
      <trkpt lat="-33.65826" lon="-61.455793">
        <ele>104.6</ele>
        <time>2025-08-17T16:56:40Z</time>
      </trkpt>
      <trkpt lat="-33.656832" lon="-61.453136">
        <ele>105.6</ele>
        <time>2025-08-17T17:07:30Z</time>
      </trkpt>
      <trkpt lat="-33.656619" lon="-61.453075">
        <ele>106.1</ele>
        <time>2025-08-17T17:07:40Z</time>
      </trkpt>
      <trkpt lat="-33.65466" lon="-61.454504">
        <ele>106.1</ele>
        <time>2025-08-17T17:10:10Z</time>
      </trkpt>
      <trkpt lat="-33.656673" lon="-61.452992">
        <ele>107.3</ele>
        <time>2025-08-17T17:12:50Z</time>
      </trkpt>
      <trkpt lat="-33.656656" lon="-61.45275">
        <ele>107.3</ele>
        <time>2025-08-17T17:13:00Z</time>
      </trkpt>
      <trkpt lat="-33.655035" lon="-61.449307">
        <ele>108.7</ele>
        <time>2025-08-17T17:14:50Z</time>
      </trkpt>
      <trkpt lat="-33.649851" lon="-61.439698">
        <ele>111.2</ele>
        <time>2025-08-17T17:19:20Z</time>
      </trkpt>
      <trkpt lat="-33.649542" lon="-61.438805">
        <ele>111.2</ele>
        <time>2025-08-17T17:19:40Z</time>
      </trkpt>
      <trkpt lat="-33.649284" lon="-61.436931">
        <ele>110.8</ele>
        <time>2025-08-17T17:20:30Z</time>
      </trkpt>
      <trkpt lat="-33.649228" lon="-61.436799">
        <ele>110.7</ele>
        <time>2025-08-17T17:20:40Z</time>
      </trkpt>
      <trkpt lat="-33.648923" lon="-61.436869">
        <ele>110.7</ele>
        <time>2025-08-17T17:20:50Z</time>
      </trkpt>
      <trkpt lat="-33.645646" lon="-61.438505">
        <ele>111.7</ele>
        <time>2025-08-17T17:22:20Z</time>
      </trkpt>
      <trkpt lat="-33.623369" lon="-61.455561">
        <ele>116.4</ele>
        <time>2025-08-17T17:33:50Z</time>
      </trkpt>
      <trkpt lat="-33.6208" lon="-61.457004">
        <ele>116.2</ele>
        <time>2025-08-17T17:35:00Z</time>
      </trkpt>
      <trkpt lat="-33.564197" lon="-61.473095">
        <ele>122.4</ele>
        <time>2025-08-17T17:57:50Z</time>
      </trkpt>
      <trkpt lat="-33.558399" lon="-61.474351">
        <ele>122.6</ele>
        <time>2025-08-17T18:00:00Z</time>
      </trkpt>
      <trkpt lat="-33.54863" lon="-61.47709">
        <ele>125.4</ele>
        <time>2025-08-17T18:03:30Z</time>
      </trkpt>
      <trkpt lat="-33.54437" lon="-61.478674">
        <ele>127.2</ele>
        <time>2025-08-17T18:05:00Z</time>
      </trkpt>
      <trkpt lat="-33.538354" lon="-61.480396">
        <ele>128.7</ele>
        <time>2025-08-17T18:07:10Z</time>
      </trkpt>
      <trkpt lat="-33.535218" lon="-61.481638">
        <ele>128.5</ele>
        <time>2025-08-17T18:08:20Z</time>
      </trkpt>
      <trkpt lat="-33.531822" lon="-61.482251">
        <ele>128.8</ele>
        <time>2025-08-17T18:09:30Z</time>
      </trkpt>
      <trkpt lat="-33.515077" lon="-61.486949">
        <ele>127.9</ele>
        <time>2025-08-17T18:15:30Z</time>
      </trkpt>
      <trkpt lat="-33.511285" lon="-61.487632">
        <ele>128.9</ele>
        <time>2025-08-17T18:16:50Z</time>
      </trkpt>
      <trkpt lat="-33.507498" lon="-61.487932">
        <ele>129.4</ele>
        <time>2025-08-17T18:18:10Z</time>
      </trkpt>
      <trkpt lat="-33.504134" lon="-61.487873">
        <ele>130.4</ele>
        <time>2025-08-17T18:19:20Z</time>
      </trkpt>
      <trkpt lat="-33.484792" lon="-61.486313">
        <ele>132.8</ele>
        <time>2025-08-17T18:26:10Z</time>
      </trkpt>
      <trkpt lat="-33.483483" lon="-61.485907">
        <ele>132.9</ele>
        <time>2025-08-17T18:26:40Z</time>
      </trkpt>
      <trkpt lat="-33.48142" lon="-61.484512">
        <ele>132.9</ele>
        <time>2025-08-17T18:27:30Z</time>
      </trkpt>
      <trkpt lat="-33.480506" lon="-61.484155">
        <ele>133.3</ele>
        <time>2025-08-17T18:27:50Z</time>
      </trkpt>
      <trkpt lat="-33.479554" lon="-61.48397">
        <ele>133.6</ele>
        <time>2025-08-17T18:28:10Z</time>
      </trkpt>
      <trkpt lat="-33.478561" lon="-61.484133">
        <ele>133.5</ele>
        <time>2025-08-17T18:28:30Z</time>
      </trkpt>
      <trkpt lat="-33.477438" lon="-61.485068">
        <ele>133.8</ele>
        <time>2025-08-17T18:29:00Z</time>
      </trkpt>
      <trkpt lat="-33.476371" lon="-61.486881">
        <ele>134.1</ele>
        <time>2025-08-17T18:47:20Z</time>
      </trkpt>
      <trkpt lat="-33.475222" lon="-61.486831">
        <ele>134.1</ele>
        <time>2025-08-17T18:48:30Z</time>
      </trkpt>
      <trkpt lat="-33.475065" lon="-61.487288">
        <ele>134.1</ele>
        <time>2025-08-17T18:48:50Z</time>
      </trkpt>
      <trkpt lat="-33.475338" lon="-61.487582">
        <ele>134.4</ele>
        <time>2025-08-17T18:49:30Z</time>
      </trkpt>
      <trkpt lat="-33.475103" lon="-61.487421">
        <ele>134.2</ele>
        <time>2025-08-17T18:50:20Z</time>
      </trkpt>
      <trkpt lat="-33.475113" lon="-61.488083">
        <ele>134.9</ele>
        <time>2025-08-17T18:51:10Z</time>
      </trkpt>
      <trkpt lat="-33.475567" lon="-61.488401">
        <ele>135.6</ele>
        <time>2025-08-17T18:51:40Z</time>
      </trkpt>
      <trkpt lat="-33.475158" lon="-61.488809">
        <ele>136.0</ele>
        <time>2025-08-17T18:52:00Z</time>
      </trkpt>
      <trkpt lat="-33.456589" lon="-61.503137">
        <ele>138.5</ele>
        <time>2025-08-17T19:00:30Z</time>
      </trkpt>
      <trkpt lat="-33.456504" lon="-61.503462">
        <ele>138.6</ele>
        <time>2025-08-17T19:00:40Z</time>
      </trkpt>
      <trkpt lat="-33.460706" lon="-61.511249">
        <ele>139.5</ele>
        <time>2025-08-17T19:03:30Z</time>
      </trkpt>
      <trkpt lat="-33.46082" lon="-61.512232">
        <ele>139.6</ele>
        <time>2025-08-17T19:03:50Z</time>
      </trkpt>
      <trkpt lat="-33.438514" lon="-61.529589">
        <ele>140.4</ele>
        <time>2025-08-17T19:14:20Z</time>
      </trkpt>
      <trkpt lat="-33.436842" lon="-61.531233">
        <ele>140.4</ele>
        <time>2025-08-17T19:15:10Z</time>
      </trkpt>
      <trkpt lat="-33.435609" lon="-61.532874">
        <ele>140.2</ele>
        <time>2025-08-17T19:15:50Z</time>
      </trkpt>
      <trkpt lat="-33.434379" lon="-61.53511">
        <ele>140.6</ele>
        <time>2025-08-17T19:16:40Z</time>
      </trkpt>
      <trkpt lat="-33.433406" lon="-61.537701">
        <ele>140.4</ele>
        <time>2025-08-17T19:17:30Z</time>
      </trkpt>
      <trkpt lat="-33.414319" lon="-61.597394">
        <ele>136.6</ele>
        <time>2025-08-17T19:36:30Z</time>
      </trkpt>
      <trkpt lat="-33.413316" lon="-61.60143">
        <ele>136.5</ele>
        <time>2025-08-17T19:37:40Z</time>
      </trkpt>
      <trkpt lat="-33.411211" lon="-61.608116">
        <ele>137.2</ele>
        <time>2025-08-17T19:39:40Z</time>
      </trkpt>
      <trkpt lat="-33.409773" lon="-61.612515">
        <ele>138.2</ele>
        <time>2025-08-17T19:41:00Z</time>
      </trkpt>
      <trkpt lat="-33.408264" lon="-61.616333">
        <ele>138.5</ele>
        <time>2025-08-17T19:42:10Z</time>
      </trkpt>
      <trkpt lat="-33.383951" lon="-61.692311">
        <ele>133.6</ele>
        <time>2025-08-17T20:07:10Z</time>
      </trkpt>
      <trkpt lat="-33.383316" lon="-61.695444">
        <ele>133.9</ele>
        <time>2025-08-17T20:08:30Z</time>
      </trkpt>
      <trkpt lat="-33.38322" lon="-61.698574">
        <ele>134.4</ele>
        <time>2025-08-17T20:09:40Z</time>
      </trkpt>
      <trkpt lat="-33.383507" lon="-61.701072">
        <ele>134.4</ele>
        <time>2025-08-17T20:10:30Z</time>
      </trkpt>
      <trkpt lat="-33.384507" lon="-61.705662">
        <ele>133.8</ele>
        <time>2025-08-17T20:12:00Z</time>
      </trkpt>
      <trkpt lat="-33.384637" lon="-61.710505">
        <ele>133.8</ele>
        <time>2025-08-17T20:13:40Z</time>
      </trkpt>
      <trkpt lat="-33.384934" lon="-61.711603">
        <ele>133.1</ele>
        <time>2025-08-17T20:14:30Z</time>
      </trkpt>
      <trkpt lat="-33.385053" lon="-61.711486">
        <ele>133.4</ele>
        <time>2025-08-17T20:17:10Z</time>
      </trkpt>
      <trkpt lat="-33.384921" lon="-61.71163">
        <ele>133.2</ele>
        <time>2025-08-17T20:17:50Z</time>
      </trkpt>
      <trkpt lat="-33.385105" lon="-61.711695">
        <ele>132.7</ele>
        <time>2025-08-17T20:28:30Z</time>
      </trkpt>
      <trkpt lat="-33.384975" lon="-61.711376">
        <ele>131.6</ele>
        <time>2025-08-17T20:34:30Z</time>
      </trkpt>
      <trkpt lat="-33.385017" lon="-61.711673">
        <ele>131.7</ele>
        <time>2025-08-17T20:43:10Z</time>
      </trkpt>
      <trkpt lat="-33.38507" lon="-61.711329">
        <ele>131.3</ele>
        <time>2025-08-17T20:58:40Z</time>
      </trkpt>
      <trkpt lat="-33.384876" lon="-61.711691">
        <ele>130.1</ele>
        <time>2025-08-17T21:06:50Z</time>
      </trkpt>
      <trkpt lat="-33.385028" lon="-61.711575">
        <ele>130.5</ele>
        <time>2025-08-17T21:07:50Z</time>
      </trkpt>
      <trkpt lat="-33.384211" lon="-61.712437">
        <ele>131.4</ele>
        <time>2025-08-17T21:16:10Z</time>
      </trkpt>
      <trkpt lat="-33.383467" lon="-61.714938">
        <ele>131.9</ele>
        <time>2025-08-17T21:17:10Z</time>
      </trkpt>
      <trkpt lat="-33.382481" lon="-61.717171">
        <ele>132.0</ele>
        <time>2025-08-17T21:18:10Z</time>
      </trkpt>
      <trkpt lat="-33.380868" lon="-61.719696">
        <ele>132.1</ele>
        <time>2025-08-17T21:19:20Z</time>
      </trkpt>
      <trkpt lat="-33.379" lon="-61.721654">
        <ele>132.3</ele>
        <time>2025-08-17T21:20:20Z</time>
      </trkpt>
      <trkpt lat="-33.376825" lon="-61.723306">
        <ele>132.7</ele>
        <time>2025-08-17T21:21:20Z</time>
      </trkpt>
      <trkpt lat="-33.375205" lon="-61.724787">
        <ele>132.7</ele>
        <time>2025-08-17T21:22:20Z</time>
      </trkpt>
      <trkpt lat="-33.373465" lon="-61.727014">
        <ele>132.2</ele>
        <time>2025-08-17T21:23:30Z</time>
      </trkpt>
      <trkpt lat="-33.372219" lon="-61.729256">
        <ele>132.6</ele>
        <time>2025-08-17T21:24:30Z</time>
      </trkpt>
      <trkpt lat="-33.366476" lon="-61.746783">
        <ele>132.1</ele>
        <time>2025-08-17T21:31:20Z</time>
      </trkpt>
      <trkpt lat="-33.349488" lon="-61.803049">
        <ele>108.8</ele>
        <time>2025-08-17T21:50:35Z</time>
      </trkpt>
      <trkpt lat="-33.343374" lon="-61.837945">
        <ele>103.0</ele>
        <time>2025-08-17T22:03:25Z</time>
      </trkpt>
      <trkpt lat="-33.343308" lon="-61.840455">
        <ele>103.5</ele>
        <time>2025-08-17T22:04:15Z</time>
      </trkpt>
      <trkpt lat="-33.343483" lon="-61.842329">
        <ele>104.7</ele>
        <time>2025-08-17T22:04:55Z</time>
      </trkpt>
      <trkpt lat="-33.344887" lon="-61.847905">
        <ele>106.9</ele>
        <time>2025-08-17T22:06:55Z</time>
      </trkpt>
      <trkpt lat="-33.345257" lon="-61.850498">
        <ele>107.1</ele>
        <time>2025-08-17T22:07:45Z</time>
      </trkpt>
      <trkpt lat="-33.34524" lon="-61.853498">
        <ele>107.2</ele>
        <time>2025-08-17T22:08:45Z</time>
      </trkpt>
      <trkpt lat="-33.344683" lon="-61.857014">
        <ele>107.1</ele>
        <time>2025-08-17T22:09:55Z</time>
      </trkpt>
      <trkpt lat="-33.344589" lon="-61.857474">
        <ele>106.9</ele>
        <time>2025-08-17T22:10:05Z</time>
      </trkpt>
      <trkpt lat="-33.344329" lon="-61.857571">
        <ele>105.7</ele>
        <time>2025-08-17T22:10:15Z</time>
      </trkpt>
      <trkpt lat="-33.342437" lon="-61.857173">
        <ele>105.0</ele>
        <time>2025-08-17T22:11:05Z</time>
      </trkpt>
      <trkpt lat="-33.342217" lon="-61.857421">
        <ele>104.8</ele>
        <time>2025-08-17T22:11:15Z</time>
      </trkpt>
      <trkpt lat="-33.341344" lon="-61.862227">
        <ele>104.4</ele>
        <time>2025-08-17T22:13:25Z</time>
      </trkpt>
      <trkpt lat="-33.340893" lon="-61.862183">
        <ele>105.2</ele>
        <time>2025-08-17T22:13:45Z</time>
      </trkpt>
      <trkpt lat="-33.340463" lon="-61.861674">
        <ele>104.5</ele>
        <time>2025-08-17T22:14:15Z</time>
      </trkpt>
      <trkpt lat="-33.3404" lon="-61.861993">
        <ele>104.5</ele>
        <time>2025-08-17T22:14:25Z</time>
      </trkpt>
      <trkpt lat="-33.340774" lon="-61.862278">
        <ele>105.2</ele>
        <time>2025-08-17T22:14:45Z</time>
      </trkpt>
      <trkpt lat="-33.340731" lon="-61.862586">
        <ele>104.5</ele>
        <time>2025-08-17T22:14:55Z</time>
      </trkpt>
      <trkpt lat="-33.340908" lon="-61.862289">
        <ele>105.0</ele>
        <time>2025-08-17T22:15:15Z</time>
      </trkpt>
      <trkpt lat="-33.341195" lon="-61.862607">
        <ele>104.6</ele>
        <time>2025-08-17T22:15:35Z</time>
      </trkpt>
      <trkpt lat="-33.341268" lon="-61.862276">
        <ele>104.7</ele>
        <time>2025-08-17T22:15:45Z</time>
      </trkpt>
      <trkpt lat="-33.341116" lon="-61.863442">
        <ele>104.3</ele>
        <time>2025-08-17T22:17:55Z</time>
      </trkpt>
      <trkpt lat="-33.340137" lon="-61.863256">
        <ele>103.9</ele>
        <time>2025-08-17T22:18:25Z</time>
      </trkpt>
      <trkpt lat="-33.340127" lon="-61.861981">
        <ele>103.9</ele>
        <time>2025-08-17T22:19:05Z</time>
      </trkpt>
      <trkpt lat="-33.339469" lon="-61.86181">
        <ele>103.9</ele>
        <time>2025-08-17T22:19:25Z</time>
      </trkpt>
      <trkpt lat="-33.339274" lon="-61.861566">
        <ele>103.8</ele>
        <time>2025-08-17T22:19:35Z</time>
      </trkpt>
      <trkpt lat="-33.340079" lon="-61.856603">
        <ele>103.7</ele>
        <time>2025-08-17T22:21:35Z</time>
      </trkpt>
      <trkpt lat="-33.33921" lon="-61.856359">
        <ele>103.7</ele>
        <time>2025-08-17T22:22:05Z</time>
      </trkpt>
      <trkpt lat="-33.33905" lon="-61.856565">
        <ele>103.5</ele>
        <time>2025-08-17T22:22:15Z</time>
      </trkpt>
      <trkpt lat="-33.338771" lon="-61.856505">
        <ele>103.5</ele>
        <time>2025-08-17T22:24:15Z</time>
      </trkpt>
      <trkpt lat="-33.338698" lon="-61.856713">
        <ele>103.1</ele>
        <time>2025-08-17T22:25:15Z</time>
      </trkpt>
      <trkpt lat="-33.338704" lon="-61.856522">
        <ele>103.8</ele>
        <time>2025-08-17T22:25:35Z</time>
      </trkpt>
      <trkpt lat="-33.338886" lon="-61.85646">
        <ele>101.8</ele>
        <time>2025-08-17T22:45:25Z</time>
      </trkpt>
      <trkpt lat="-33.338936" lon="-61.856654">
        <ele>101.6</ele>
        <time>2025-08-17T22:49:25Z</time>
      </trkpt>
      <trkpt lat="-33.338854" lon="-61.856532">
        <ele>101.8</ele>
        <time>2025-08-17T22:52:35Z</time>
      </trkpt>
      <trkpt lat="-33.33898" lon="-61.856502">
        <ele>102.1</ele>
        <time>2025-08-17T22:55:45Z</time>
      </trkpt>
      <trkpt lat="-33.33874" lon="-61.856329">
        <ele>102.2</ele>
        <time>2025-08-17T23:01:55Z</time>
      </trkpt>
      <trkpt lat="-33.338792" lon="-61.85649">
        <ele>102.4</ele>
        <time>2025-08-17T23:03:15Z</time>
      </trkpt>
      <trkpt lat="-33.339106" lon="-61.85651">
        <ele>102.9</ele>
        <time>2025-08-17T23:03:45Z</time>
      </trkpt>
      <trkpt lat="-33.339202" lon="-61.856305">
        <ele>102.4</ele>
        <time>2025-08-17T23:03:55Z</time>
      </trkpt>
      <trkpt lat="-33.342179" lon="-61.85699">
        <ele>103.8</ele>
        <time>2025-08-17T23:05:44Z</time>
      </trkpt>
      <trkpt lat="-33.342456" lon="-61.855928">
        <ele>104.2</ele>
        <time>2025-08-17T23:06:14Z</time>
      </trkpt>
      <trkpt lat="-33.341535" lon="-61.85563">
        <ele>104.0</ele>
        <time>2025-08-17T23:06:44Z</time>
      </trkpt>
      <trkpt lat="-33.341405" lon="-61.855868">
        <ele>104.1</ele>
        <time>2025-08-17T23:06:54Z</time>
      </trkpt>
      <trkpt lat="-33.34075" lon="-61.859556">
        <ele>104.1</ele>
        <time>2025-08-17T23:09:14Z</time>
      </trkpt>
      <trkpt lat="-33.340531" lon="-61.859604">
        <ele>103.2</ele>
        <time>2025-08-17T23:13:14Z</time>
      </trkpt>
      <trkpt lat="-33.340738" lon="-61.859629">
        <ele>102.3</ele>
        <time>2025-08-17T23:28:24Z</time>
      </trkpt>
      <trkpt lat="-33.340565" lon="-61.859364">
        <ele>102.3</ele>
        <time>2025-08-17T23:36:14Z</time>
      </trkpt>
      <trkpt lat="-33.338976" lon="-61.859006">
        <ele>102.6</ele>
        <time>2025-08-17T23:37:44Z</time>
      </trkpt>
      <trkpt lat="-33.338732" lon="-61.859298">
        <ele>101.9</ele>
        <time>2025-08-17T23:38:04Z</time>
      </trkpt>
      <trkpt lat="-33.338394" lon="-61.86125">
        <ele>102.2</ele>
        <time>2025-08-17T23:43:54Z</time>
      </trkpt>
      <trkpt lat="-33.337949" lon="-61.861065">
        <ele>101.9</ele>
        <time>2025-08-17T23:44:34Z</time>
      </trkpt>
      <trkpt lat="-33.338724" lon="-61.856413">
        <ele>101.4</ele>
        <time>2025-08-17T23:46:44Z</time>
      </trkpt>
      <trkpt lat="-33.338843" lon="-61.856344">
        <ele>101.6</ele>
        <time>2025-08-17T23:46:54Z</time>
      </trkpt>
      <trkpt lat="-33.338922" lon="-61.856506">
        <ele>101.4</ele>
        <time>2025-08-17T23:48:24Z</time>
      </trkpt>
      <trkpt lat="-33.338779" lon="-61.856375">
        <ele>101.2</ele>
        <time>2025-08-17T23:50:14Z</time>
      </trkpt>
      <trkpt lat="-33.338683" lon="-61.856495">
        <ele>101.3</ele>
        <time>2025-08-17T23:52:14Z</time>
      </trkpt>
      <trkpt lat="-33.338876" lon="-61.856401">
        <ele>99.8</ele>
        <time>2025-08-17T23:53:54Z</time>
      </trkpt>
      <trkpt lat="-33.338731" lon="-61.856474">
        <ele>99.7</ele>
        <time>2025-08-17T23:56:04Z</time>
      </trkpt>
      <trkpt lat="-33.338906" lon="-61.856461">
        <ele>100.3</ele>
        <time>2025-08-18T00:00:44Z</time>
      </trkpt>
      <trkpt lat="-33.338848" lon="-61.856572">
        <ele>98.7</ele>
        <time>2025-08-18T00:07:14Z</time>
      </trkpt>
      <trkpt lat="-33.338732" lon="-61.856514">
        <ele>98.8</ele>
        <time>2025-08-18T00:10:04Z</time>
      </trkpt>
      <trkpt lat="-33.338943" lon="-61.856484">
        <ele>98.5</ele>
        <time>2025-08-18T00:12:24Z</time>
      </trkpt>
      <trkpt lat="-33.338926" lon="-61.856634">
        <ele>98.3</ele>
        <time>2025-08-18T00:14:44Z</time>
      </trkpt>
      <trkpt lat="-33.338928" lon="-61.856424">
        <ele>95.1</ele>
        <time>2025-08-18T00:37:54Z</time>
      </trkpt>
      <trkpt lat="-33.338976" lon="-61.85666">
        <ele>95.0</ele>
        <time>2025-08-18T00:39:24Z</time>
      </trkpt>
      <trkpt lat="-33.338754" lon="-61.856425">
        <ele>94.7</ele>
        <time>2025-08-18T00:40:54Z</time>
      </trkpt>
      <trkpt lat="-33.338909" lon="-61.856601">
        <ele>94.5</ele>
        <time>2025-08-18T00:42:54Z</time>
      </trkpt>
      <trkpt lat="-33.33885" lon="-61.856468">
        <ele>93.2</ele>
        <time>2025-08-18T00:47:34Z</time>
      </trkpt>
      <trkpt lat="-33.33901" lon="-61.856463">
        <ele>90.4</ele>
        <time>2025-08-18T00:54:24Z</time>
      </trkpt>
      <trkpt lat="-33.338934" lon="-61.856584">
        <ele>89.6</ele>
        <time>2025-08-18T00:58:24Z</time>
      </trkpt>
      <trkpt lat="-33.338778" lon="-61.856341">
        <ele>87.1</ele>
        <time>2025-08-18T01:53:34Z</time>
      </trkpt>
      <trkpt lat="-33.338979" lon="-61.856643">
        <ele>84.8</ele>
        <time>2025-08-18T02:13:14Z</time>
      </trkpt>
      <trkpt lat="-33.338852" lon="-61.856368">
        <ele>89.3</ele>
        <time>2025-08-18T02:28:34Z</time>
      </trkpt>
      <trkpt lat="-33.33881" lon="-61.856523">
        <ele>89.2</ele>
        <time>2025-08-18T02:29:14Z</time>
      </trkpt>
      <trkpt lat="-33.338777" lon="-61.856349">
        <ele>95.3</ele>
        <time>2025-08-18T02:30:54Z</time>
      </trkpt>
      <trkpt lat="-33.339089" lon="-61.856678">
        <ele>89.7</ele>
        <time>2025-08-18T02:47:14Z</time>
      </trkpt>
      <trkpt lat="-33.338794" lon="-61.856379">
        <ele>89.7</ele>
        <time>2025-08-18T02:54:04Z</time>
      </trkpt>
      <trkpt lat="-33.33893" lon="-61.856518">
        <ele>89.9</ele>
        <time>2025-08-18T02:55:04Z</time>
      </trkpt>
      <trkpt lat="-33.338829" lon="-61.856441">
        <ele>90.1</ele>
        <time>2025-08-18T02:56:24Z</time>
      </trkpt>
      <trkpt lat="-33.338767" lon="-61.85659">
        <ele>89.8</ele>
        <time>2025-08-18T02:57:14Z</time>
      </trkpt>
      <trkpt lat="-33.33876" lon="-61.856364">
        <ele>89.1</ele>
        <time>2025-08-18T02:59:54Z</time>
      </trkpt>
      <trkpt lat="-33.338928" lon="-61.856517">
        <ele>90.0</ele>
        <time>2025-08-18T03:02:04Z</time>
      </trkpt>
      <trkpt lat="-33.338802" lon="-61.857159">
        <ele>90.1</ele>
        <time>2025-08-18T03:06:14Z</time>
      </trkpt>
      <trkpt lat="-33.339096" lon="-61.856647">
        <ele>90.5</ele>
        <time>2025-08-18T03:07:14Z</time>
      </trkpt>
      <trkpt lat="-33.33905" lon="-61.856506">
        <ele>90.4</ele>
        <time>2025-08-18T03:07:44Z</time>
      </trkpt>
      <trkpt lat="-33.338906" lon="-61.856658">
        <ele>91.4</ele>
        <time>2025-08-18T03:09:34Z</time>
      </trkpt>
      <trkpt lat="-33.338822" lon="-61.857082">
        <ele>91.2</ele>
        <time>2025-08-18T03:10:14Z</time>
      </trkpt>
      <trkpt lat="-33.338858" lon="-61.856267">
        <ele>90.0</ele>
        <time>2025-08-18T03:12:14Z</time>
      </trkpt>
      <trkpt lat="-33.339012" lon="-61.856702">
        <ele>90.3</ele>
        <time>2025-08-18T03:13:24Z</time>
      </trkpt>
      <trkpt lat="-33.339132" lon="-61.856667">
        <ele>90.3</ele>
        <time>2025-08-18T03:13:44Z</time>
      </trkpt>
      <trkpt lat="-33.338862" lon="-61.856622">
        <ele>90.5</ele>
        <time>2025-08-18T03:14:44Z</time>
      </trkpt>
      <trkpt lat="-33.338938" lon="-61.856485">
        <ele>90.7</ele>
        <time>2025-08-18T03:15:14Z</time>
      </trkpt>
      <trkpt lat="-33.338773" lon="-61.856658">
        <ele>90.9</ele>
        <time>2025-08-18T03:15:44Z</time>
      </trkpt>
      <trkpt lat="-33.338951" lon="-61.856438">
        <ele>91.1</ele>
        <time>2025-08-18T03:17:14Z</time>
      </trkpt>
      <trkpt lat="-33.338726" lon="-61.856318">
        <ele>90.9</ele>
        <time>2025-08-18T03:19:14Z</time>
      </trkpt>
      <trkpt lat="-33.339854" lon="-61.856985">
        <ele>107.6</ele>
        <time>2025-08-18T12:31:39Z</time>
      </trkpt>
      <trkpt lat="-33.339154" lon="-61.856521">
        <ele>107.7</ele>
        <time>2025-08-18T12:32:09Z</time>
      </trkpt>
      <trkpt lat="-33.339212" lon="-61.856321">
        <ele>107.5</ele>
        <time>2025-08-18T12:32:29Z</time>
      </trkpt>
      <trkpt lat="-33.341018" lon="-61.856757">
        <ele>108.7</ele>
        <time>2025-08-18T12:33:49Z</time>
      </trkpt>
      <trkpt lat="-33.341221" lon="-61.856915">
        <ele>108.4</ele>
        <time>2025-08-18T12:34:09Z</time>
      </trkpt>
      <trkpt lat="-33.340732" lon="-61.859409">
        <ele>108.5</ele>
        <time>2025-08-18T12:35:49Z</time>
      </trkpt>
      <trkpt lat="-33.339884" lon="-61.859193">
        <ele>108.6</ele>
        <time>2025-08-18T12:36:29Z</time>
      </trkpt>
      <trkpt lat="-33.339797" lon="-61.858953">
        <ele>108.6</ele>
        <time>2025-08-18T12:37:39Z</time>
      </trkpt>
      <trkpt lat="-33.339786" lon="-61.859298">
        <ele>107.9</ele>
        <time>2025-08-18T12:46:29Z</time>
      </trkpt>
      <trkpt lat="-33.339685" lon="-61.859103">
        <ele>107.8</ele>
        <time>2025-08-18T12:49:49Z</time>
      </trkpt>
      <trkpt lat="-33.339949" lon="-61.859042">
        <ele>108.1</ele>
        <time>2025-08-18T12:50:29Z</time>
      </trkpt>
      <trkpt lat="-33.339827" lon="-61.859282">
        <ele>108.3</ele>
        <time>2025-08-18T12:50:49Z</time>
      </trkpt>
      <trkpt lat="-33.339775" lon="-61.859023">
        <ele>107.9</ele>
        <time>2025-08-18T12:51:09Z</time>
      </trkpt>
      <trkpt lat="-33.339648" lon="-61.859129">
        <ele>109.3</ele>
        <time>2025-08-18T12:59:39Z</time>
      </trkpt>
      <trkpt lat="-33.339331" lon="-61.861114">
        <ele>109.2</ele>
        <time>2025-08-18T13:00:49Z</time>
      </trkpt>
      <trkpt lat="-33.339187" lon="-61.861207">
        <ele>109.4</ele>
        <time>2025-08-18T13:00:59Z</time>
      </trkpt>
      <trkpt lat="-33.339091" lon="-61.860956">
        <ele>109.8</ele>
        <time>2025-08-18T13:02:19Z</time>
      </trkpt>
      <trkpt lat="-33.338881" lon="-61.86112">
        <ele>110.4</ele>
        <time>2025-08-18T13:03:49Z</time>
      </trkpt>
      <trkpt lat="-33.339074" lon="-61.861083">
        <ele>109.8</ele>
        <time>2025-08-18T13:07:09Z</time>
      </trkpt>
      <trkpt lat="-33.339034" lon="-61.860933">
        <ele>109.5</ele>
        <time>2025-08-18T13:08:49Z</time>
      </trkpt>
      <trkpt lat="-33.339089" lon="-61.861266">
        <ele>108.7</ele>
        <time>2025-08-18T13:09:49Z</time>
      </trkpt>
      <trkpt lat="-33.338414" lon="-61.861298">
        <ele>108.4</ele>
        <time>2025-08-18T13:11:19Z</time>
      </trkpt>
      <trkpt lat="-33.338483" lon="-61.8612">
        <ele>108.5</ele>
        <time>2025-08-18T13:19:28Z</time>
      </trkpt>
      <trkpt lat="-33.338317" lon="-61.861195">
        <ele>108.5</ele>
        <time>2025-08-18T13:21:38Z</time>
      </trkpt>
      <trkpt lat="-33.338443" lon="-61.861231">
        <ele>109.3</ele>
        <time>2025-08-18T13:22:48Z</time>
      </trkpt>
      <trkpt lat="-33.338469" lon="-61.860984">
        <ele>109.8</ele>
        <time>2025-08-18T13:27:18Z</time>
      </trkpt>
      <trkpt lat="-33.33834" lon="-61.861278">
        <ele>108.7</ele>
        <time>2025-08-18T13:33:08Z</time>
      </trkpt>
      <trkpt lat="-33.338386" lon="-61.861102">
        <ele>109.8</ele>
        <time>2025-08-18T13:34:28Z</time>
      </trkpt>
      <trkpt lat="-33.338422" lon="-61.861249">
        <ele>110.0</ele>
        <time>2025-08-18T13:34:58Z</time>
      </trkpt>
      <trkpt lat="-33.338547" lon="-61.86118">
        <ele>110.5</ele>
        <time>2025-08-18T13:36:08Z</time>
      </trkpt>
      <trkpt lat="-33.338414" lon="-61.861304">
        <ele>109.5</ele>
        <time>2025-08-18T13:38:28Z</time>
      </trkpt>
      <trkpt lat="-33.338362" lon="-61.861048">
        <ele>109.7</ele>
        <time>2025-08-18T13:40:38Z</time>
      </trkpt>
      <trkpt lat="-33.338795" lon="-61.861457">
        <ele>111.1</ele>
        <time>2025-08-18T13:43:08Z</time>
      </trkpt>
      <trkpt lat="-33.338867" lon="-61.861306">
        <ele>110.7</ele>
        <time>2025-08-18T13:43:58Z</time>
      </trkpt>
      <trkpt lat="-33.339269" lon="-61.861691">
        <ele>110.3</ele>
        <time>2025-08-18T13:44:18Z</time>
      </trkpt>
      <trkpt lat="-33.340243" lon="-61.862027">
        <ele>110.3</ele>
        <time>2025-08-18T13:44:48Z</time>
      </trkpt>
      <trkpt lat="-33.340269" lon="-61.86251">
        <ele>110.5</ele>
        <time>2025-08-18T13:44:58Z</time>
      </trkpt>
      <trkpt lat="-33.340533" lon="-61.862641">
        <ele>110.2</ele>
        <time>2025-08-18T13:45:08Z</time>
      </trkpt>
      <trkpt lat="-33.34125" lon="-61.862756">
        <ele>110.8</ele>
        <time>2025-08-18T13:45:28Z</time>
      </trkpt>
      <trkpt lat="-33.341352" lon="-61.8624">
        <ele>110.8</ele>
        <time>2025-08-18T13:45:38Z</time>
      </trkpt>
      <trkpt lat="-33.34159" lon="-61.862329">
        <ele>110.7</ele>
        <time>2025-08-18T13:45:48Z</time>
      </trkpt>
      <trkpt lat="-33.343426" lon="-61.862749">
        <ele>110.7</ele>
        <time>2025-08-18T13:47:18Z</time>
      </trkpt>
      <trkpt lat="-33.343432" lon="-61.862614">
        <ele>110.6</ele>
        <time>2025-08-18T13:47:48Z</time>
      </trkpt>
      <trkpt lat="-33.343648" lon="-61.862862">
        <ele>111.3</ele>
        <time>2025-08-18T13:48:58Z</time>
      </trkpt>
      <trkpt lat="-33.342812" lon="-61.867997">
        <ele>111.8</ele>
        <time>2025-08-18T13:51:08Z</time>
      </trkpt>
      <trkpt lat="-33.342751" lon="-61.8711">
        <ele>112.8</ele>
        <time>2025-08-18T13:52:08Z</time>
      </trkpt>
      <trkpt lat="-33.343314" lon="-61.874669">
        <ele>113.6</ele>
        <time>2025-08-18T13:53:18Z</time>
      </trkpt>
      <trkpt lat="-33.344563" lon="-61.878362">
        <ele>112.8</ele>
        <time>2025-08-18T13:54:38Z</time>
      </trkpt>
      <trkpt lat="-33.344973" lon="-61.880178">
        <ele>112.3</ele>
        <time>2025-08-18T13:55:18Z</time>
      </trkpt>
      <trkpt lat="-33.345259" lon="-61.883313">
        <ele>111.8</ele>
        <time>2025-08-18T13:56:18Z</time>
      </trkpt>
      <trkpt lat="-33.345048" lon="-61.886525">
        <ele>111.6</ele>
        <time>2025-08-18T13:57:38Z</time>
      </trkpt>
      <trkpt lat="-33.344983" lon="-61.88673">
        <ele>111.8</ele>
        <time>2025-08-18T13:57:48Z</time>
      </trkpt>
      <trkpt lat="-33.344685" lon="-61.886708">
        <ele>110.6</ele>
        <time>2025-08-18T13:58:08Z</time>
      </trkpt>
      <trkpt lat="-33.344983" lon="-61.886886">
        <ele>112.4</ele>
        <time>2025-08-18T14:01:28Z</time>
      </trkpt>
      <trkpt lat="-33.337561" lon="-61.929527">
        <ele>106.1</ele>
        <time>2025-08-18T14:16:18Z</time>
      </trkpt>
      <trkpt lat="-33.337427" lon="-61.929463">
        <ele>107.5</ele>
        <time>2025-08-18T14:33:18Z</time>
      </trkpt>
      <trkpt lat="-33.327781" lon="-61.984176">
        <ele>116.8</ele>
        <time>2025-08-18T14:50:58Z</time>
      </trkpt>
      <trkpt lat="-33.326862" lon="-61.987635">
        <ele>117.1</ele>
        <time>2025-08-18T14:51:58Z</time>
      </trkpt>
      <trkpt lat="-33.324183" lon="-61.993285">
        <ele>118.1</ele>
        <time>2025-08-18T14:53:48Z</time>
      </trkpt>
      <trkpt lat="-33.323246" lon="-61.996191">
        <ele>118.0</ele>
        <time>2025-08-18T14:54:38Z</time>
      </trkpt>
      <trkpt lat="-33.317021" lon="-62.031593">
        <ele>120.0</ele>
        <time>2025-08-18T15:05:08Z</time>
      </trkpt>
      <trkpt lat="-33.31694" lon="-62.031489">
        <ele>116.9</ele>
        <time>2025-08-18T15:11:08Z</time>
      </trkpt>
      <trkpt lat="-33.316999" lon="-62.03161">
        <ele>120.8</ele>
        <time>2025-08-18T15:14:28Z</time>
      </trkpt>
      <trkpt lat="-33.316736" lon="-62.031722">
        <ele>119.8</ele>
        <time>2025-08-18T15:16:08Z</time>
      </trkpt>
      <trkpt lat="-33.317013" lon="-62.031613">
        <ele>121.3</ele>
        <time>2025-08-18T15:19:08Z</time>
      </trkpt>
      <trkpt lat="-33.316888" lon="-62.031639">
        <ele>121.7</ele>
        <time>2025-08-18T15:24:08Z</time>
      </trkpt>
      <trkpt lat="-33.313532" lon="-62.050594">
        <ele>125.5</ele>
        <time>2025-08-18T15:31:28Z</time>
      </trkpt>
      <trkpt lat="-33.313079" lon="-62.052215">
        <ele>125.8</ele>
        <time>2025-08-18T15:31:58Z</time>
      </trkpt>
      <trkpt lat="-33.309533" lon="-62.061815">
        <ele>126.5</ele>
        <time>2025-08-18T15:34:58Z</time>
      </trkpt>
      <trkpt lat="-33.308206" lon="-62.068196">
        <ele>126.6</ele>
        <time>2025-08-18T15:37:08Z</time>
      </trkpt>
      <trkpt lat="-33.3076" lon="-62.068982">
        <ele>127.0</ele>
        <time>2025-08-18T15:37:28Z</time>
      </trkpt>
      <trkpt lat="-33.307219" lon="-62.069205">
        <ele>126.8</ele>
        <time>2025-08-18T15:37:38Z</time>
      </trkpt>
      <trkpt lat="-33.306376" lon="-62.069308">
        <ele>126.9</ele>
        <time>2025-08-18T15:37:58Z</time>
      </trkpt>
      <trkpt lat="-33.302363" lon="-62.068256">
        <ele>127.4</ele>
        <time>2025-08-18T15:40:18Z</time>
      </trkpt>
      <trkpt lat="-33.301325" lon="-62.068136">
        <ele>127.7</ele>
        <time>2025-08-18T15:41:38Z</time>
      </trkpt>
      <trkpt lat="-33.300565" lon="-62.068499">
        <ele>127.9</ele>
        <time>2025-08-18T15:41:58Z</time>
      </trkpt>
      <trkpt lat="-33.300064" lon="-62.069433">
        <ele>127.7</ele>
        <time>2025-08-18T15:42:18Z</time>
      </trkpt>
      <trkpt lat="-33.299922" lon="-62.070558">
        <ele>128.2</ele>
        <time>2025-08-18T15:42:38Z</time>
      </trkpt>
      <trkpt lat="-33.300575" lon="-62.072819">
        <ele>128.1</ele>
        <time>2025-08-18T15:43:18Z</time>
      </trkpt>
      <trkpt lat="-33.300519" lon="-62.07413">
        <ele>127.6</ele>
        <time>2025-08-18T15:43:38Z</time>
      </trkpt>
      <trkpt lat="-33.289769" lon="-62.134491">
        <ele>132.2</ele>
        <time>2025-08-18T15:59:48Z</time>
      </trkpt>
      <trkpt lat="-33.289289" lon="-62.135692">
        <ele>131.7</ele>
        <time>2025-08-18T16:00:08Z</time>
      </trkpt>
      <trkpt lat="-33.288797" lon="-62.136102">
        <ele>131.8</ele>
        <time>2025-08-18T16:00:18Z</time>
      </trkpt>
      <trkpt lat="-33.288986" lon="-62.136728">
        <ele>132.2</ele>
        <time>2025-08-18T16:00:28Z</time>
      </trkpt>
      <trkpt lat="-33.289406" lon="-62.136336">
        <ele>132.1</ele>
        <time>2025-08-18T16:00:38Z</time>
      </trkpt>
      <trkpt lat="-33.289043" lon="-62.135944">
        <ele>132.1</ele>
        <time>2025-08-18T16:00:48Z</time>
      </trkpt>
      <trkpt lat="-33.288785" lon="-62.136561">
        <ele>132.3</ele>
        <time>2025-08-18T16:00:58Z</time>
      </trkpt>
      <trkpt lat="-33.289094" lon="-62.137258">
        <ele>132.5</ele>
        <time>2025-08-18T16:01:08Z</time>
      </trkpt>
      <trkpt lat="-33.289148" lon="-62.137983">
        <ele>131.6</ele>
        <time>2025-08-18T16:01:18Z</time>
      </trkpt>
      <trkpt lat="-33.288679" lon="-62.140915">
        <ele>132.7</ele>
        <time>2025-08-18T16:03:38Z</time>
      </trkpt>
      <trkpt lat="-33.28936" lon="-62.136577">
        <ele>132.7</ele>
        <time>2025-08-18T16:05:28Z</time>
      </trkpt>
      <trkpt lat="-33.289364" lon="-62.136153">
        <ele>133.1</ele>
        <time>2025-08-18T16:05:38Z</time>
      </trkpt>
      <trkpt lat="-33.289" lon="-62.135861">
        <ele>133.0</ele>
        <time>2025-08-18T16:05:48Z</time>
      </trkpt>
      <trkpt lat="-33.288176" lon="-62.136088">
        <ele>132.4</ele>
        <time>2025-08-18T16:06:08Z</time>
      </trkpt>
      <trkpt lat="-33.28742" lon="-62.136034">
        <ele>131.7</ele>
        <time>2025-08-18T16:06:28Z</time>
      </trkpt>
      <trkpt lat="-33.283212" lon="-62.134995">
        <ele>131.4</ele>
        <time>2025-08-18T16:08:08Z</time>
      </trkpt>
      <trkpt lat="-33.200895" lon="-62.114021">
        <ele>131.4</ele>
        <time>2025-08-18T16:36:09Z</time>
      </trkpt>
      <trkpt lat="-33.1978" lon="-62.112884">
        <ele>132.2</ele>
        <time>2025-08-18T16:37:09Z</time>
      </trkpt>
      <trkpt lat="-33.195801" lon="-62.112355">
        <ele>132.4</ele>
        <time>2025-08-18T16:37:49Z</time>
      </trkpt>
      <trkpt lat="-33.158516" lon="-62.102813">
        <ele>129.5</ele>
        <time>2025-08-18T16:54:19Z</time>
      </trkpt>
      <trkpt lat="-33.138805" lon="-62.097963">
        <ele>133.6</ele>
        <time>2025-08-18T17:06:59Z</time>
      </trkpt>
      <trkpt lat="-33.136469" lon="-62.0971">
        <ele>136.9</ele>
        <time>2025-08-18T17:20:58Z</time>
      </trkpt>
      <trkpt lat="-33.128827" lon="-62.095088">
        <ele>137.1</ele>
        <time>2025-08-18T17:25:18Z</time>
      </trkpt>
      <trkpt lat="-33.128428" lon="-62.094882">
        <ele>137.0</ele>
        <time>2025-08-18T17:25:38Z</time>
      </trkpt>
      <trkpt lat="-33.128543" lon="-62.093756">
        <ele>136.6</ele>
        <time>2025-08-18T17:26:18Z</time>
      </trkpt>
      <trkpt lat="-33.126993" lon="-62.093391">
        <ele>136.4</ele>
        <time>2025-08-18T17:27:08Z</time>
      </trkpt>
      <trkpt lat="-33.126709" lon="-62.093498">
        <ele>136.3</ele>
        <time>2025-08-18T17:27:18Z</time>
      </trkpt>
      <trkpt lat="-33.126599" lon="-62.093841">
        <ele>136.4</ele>
        <time>2025-08-18T17:27:28Z</time>
      </trkpt>
      <trkpt lat="-33.126271" lon="-62.09583">
        <ele>137.0</ele>
        <time>2025-08-18T17:28:28Z</time>
      </trkpt>
      <trkpt lat="-33.127711" lon="-62.096228">
        <ele>138.2</ele>
        <time>2025-08-18T17:30:48Z</time>
      </trkpt>
      <trkpt lat="-33.127556" lon="-62.096582">
        <ele>141.6</ele>
        <time>2025-08-18T17:59:19Z</time>
      </trkpt>
      <trkpt lat="-33.127553" lon="-62.096252">
        <ele>142.8</ele>
        <time>2025-08-18T18:09:29Z</time>
      </trkpt>
      <trkpt lat="-33.127689" lon="-62.096449">
        <ele>142.9</ele>
        <time>2025-08-18T18:11:59Z</time>
      </trkpt>
      <trkpt lat="-33.12758" lon="-62.096515">
        <ele>142.6</ele>
        <time>2025-08-18T18:17:09Z</time>
      </trkpt>
      <trkpt lat="-33.127607" lon="-62.096201">
        <ele>152.9</ele>
        <time>2025-08-18T18:52:59Z</time>
      </trkpt>
      <trkpt lat="-33.127612" lon="-62.096606">
        <ele>154.7</ele>
        <time>2025-08-18T18:57:59Z</time>
      </trkpt>
      <trkpt lat="-33.127597" lon="-62.096482">
        <ele>159.2</ele>
        <time>2025-08-18T19:14:19Z</time>
      </trkpt>
      <trkpt lat="-33.127783" lon="-62.096534">
        <ele>157.6</ele>
        <time>2025-08-18T19:18:17Z</time>
      </trkpt>
      <trkpt lat="-33.127636" lon="-62.096556">
        <ele>159.9</ele>
        <time>2025-08-18T19:19:25Z</time>
      </trkpt>
      <trkpt lat="-33.127413" lon="-62.096206">
        <ele>159.9</ele>
        <time>2025-08-18T19:19:59Z</time>
      </trkpt>
      <trkpt lat="-33.127628" lon="-62.096571">
        <ele>159.2</ele>
        <time>2025-08-18T19:20:09Z</time>
      </trkpt>
      <trkpt lat="-33.127657" lon="-62.09608">
        <ele>158.2</ele>
        <time>2025-08-18T19:30:59Z</time>
      </trkpt>
      <trkpt lat="-33.127597" lon="-62.096426">
        <ele>158.0</ele>
        <time>2025-08-18T19:33:59Z</time>
      </trkpt>
      <trkpt lat="-33.127432" lon="-62.096173">
        <ele>158.1</ele>
        <time>2025-08-18T19:34:29Z</time>
      </trkpt>
      <trkpt lat="-33.127664" lon="-62.096243">
        <ele>158.4</ele>
        <time>2025-08-18T19:34:49Z</time>
      </trkpt>
      <trkpt lat="-33.127631" lon="-62.096119">
        <ele>159.1</ele>
        <time>2025-08-18T19:35:19Z</time>
      </trkpt>
      <trkpt lat="-33.12762" lon="-62.096538">
        <ele>159.8</ele>
        <time>2025-08-18T19:43:19Z</time>
      </trkpt>
      <trkpt lat="-33.127644" lon="-62.096171">
        <ele>159.7</ele>
        <time>2025-08-18T19:45:19Z</time>
      </trkpt>
      <trkpt lat="-33.127196" lon="-62.096212">
        <ele>159.9</ele>
        <time>2025-08-18T19:47:39Z</time>
      </trkpt>
      <trkpt lat="-33.126208" lon="-62.102058">
        <ele>160.4</ele>
        <time>2025-08-18T19:50:39Z</time>
      </trkpt>
      <trkpt lat="-33.126396" lon="-62.101681">
        <ele>160.9</ele>
        <time>2025-08-18T19:50:59Z</time>
      </trkpt>
      <trkpt lat="-33.127387" lon="-62.095985">
        <ele>160.3</ele>
        <time>2025-08-18T19:52:59Z</time>
      </trkpt>
      <trkpt lat="-33.127874" lon="-62.095589">
        <ele>160.0</ele>
        <time>2025-08-18T19:53:29Z</time>
      </trkpt>
      <trkpt lat="-33.127572" lon="-62.09503">
        <ele>159.4</ele>
        <time>2025-08-18T19:53:49Z</time>
      </trkpt>
      <trkpt lat="-33.126557" lon="-62.094701">
        <ele>158.8</ele>
        <time>2025-08-18T19:54:29Z</time>
      </trkpt>
      <trkpt lat="-33.126747" lon="-62.093579">
        <ele>158.8</ele>
        <time>2025-08-18T19:54:59Z</time>
      </trkpt>
      <trkpt lat="-33.127776" lon="-62.09348">
        <ele>158.5</ele>
        <time>2025-08-18T19:55:39Z</time>
      </trkpt>
      <trkpt lat="-33.128694" lon="-62.088727">
        <ele>158.2</ele>
        <time>2025-08-18T19:57:29Z</time>
      </trkpt>
      <trkpt lat="-33.127708" lon="-62.093503">
        <ele>158.5</ele>
        <time>2025-08-18T19:59:09Z</time>
      </trkpt>
      <trkpt lat="-33.127" lon="-62.09338">
        <ele>158.3</ele>
        <time>2025-08-18T19:59:29Z</time>
      </trkpt>
      <trkpt lat="-33.126639" lon="-62.093537">
        <ele>157.7</ele>
        <time>2025-08-18T19:59:39Z</time>
      </trkpt>
      <trkpt lat="-33.12628" lon="-62.095608">
        <ele>158.8</ele>
        <time>2025-08-18T20:00:19Z</time>
      </trkpt>
      <trkpt lat="-33.126534" lon="-62.095924">
        <ele>158.7</ele>
        <time>2025-08-18T20:00:29Z</time>
      </trkpt>
      <trkpt lat="-33.128258" lon="-62.096342">
        <ele>158.7</ele>
        <time>2025-08-18T20:01:09Z</time>
      </trkpt>
      <trkpt lat="-33.128768" lon="-62.094174">
        <ele>158.4</ele>
        <time>2025-08-18T20:01:59Z</time>
      </trkpt>
      <trkpt lat="-33.128624" lon="-62.09381">
        <ele>158.4</ele>
        <time>2025-08-18T20:02:09Z</time>
      </trkpt>
      <trkpt lat="-33.126921" lon="-62.093391">
        <ele>157.9</ele>
        <time>2025-08-18T20:07:59Z</time>
      </trkpt>
      <trkpt lat="-33.126637" lon="-62.093615">
        <ele>157.8</ele>
        <time>2025-08-18T20:08:09Z</time>
      </trkpt>
      <trkpt lat="-33.126328" lon="-62.094453">
        <ele>157.8</ele>
        <time>2025-08-18T20:08:29Z</time>
      </trkpt>
      <trkpt lat="-33.121072" lon="-62.093143">
        <ele>156.9</ele>
        <time>2025-08-18T20:10:19Z</time>
      </trkpt>
      <trkpt lat="-33.12008" lon="-62.093032">
        <ele>156.5</ele>
        <time>2025-08-18T20:10:59Z</time>
      </trkpt>
      <trkpt lat="-33.126364" lon="-62.094657">
        <ele>157.5</ele>
        <time>2025-08-18T20:13:49Z</time>
      </trkpt>
      <trkpt lat="-33.126582" lon="-62.09449">
        <ele>157.6</ele>
        <time>2025-08-18T20:13:59Z</time>
      </trkpt>
      <trkpt lat="-33.126708" lon="-62.093271">
        <ele>157.4</ele>
        <time>2025-08-18T20:14:29Z</time>
      </trkpt>
      <trkpt lat="-33.123702" lon="-62.092467">
        <ele>156.3</ele>
        <time>2025-08-18T20:16:29Z</time>
      </trkpt>
      <trkpt lat="-33.124679" lon="-62.086737">
        <ele>157.1</ele>
        <time>2025-08-18T20:18:49Z</time>
      </trkpt>
      <trkpt lat="-33.124482" lon="-62.08649">
        <ele>156.5</ele>
        <time>2025-08-18T20:18:59Z</time>
      </trkpt>
      <trkpt lat="-33.123676" lon="-62.086248">
        <ele>156.8</ele>
        <time>2025-08-18T20:19:19Z</time>
      </trkpt>
      <trkpt lat="-33.121288" lon="-62.085707">
        <ele>155.3</ele>
        <time>2025-08-18T20:23:29Z</time>
      </trkpt>
      <trkpt lat="-33.121104" lon="-62.086832">
        <ele>155.6</ele>
        <time>2025-08-18T20:23:59Z</time>
      </trkpt>
      <trkpt lat="-33.123389" lon="-62.087448">
        <ele>155.3</ele>
        <time>2025-08-18T20:25:09Z</time>
      </trkpt>
      <trkpt lat="-33.123385" lon="-62.088669">
        <ele>155.0</ele>
        <time>2025-08-18T20:25:39Z</time>
      </trkpt>
      <trkpt lat="-33.127305" lon="-62.089704">
        <ele>155.3</ele>
        <time>2025-08-18T20:27:39Z</time>
      </trkpt>
      <trkpt lat="-33.127097" lon="-62.090881">
        <ele>154.8</ele>
        <time>2025-08-18T20:28:19Z</time>
      </trkpt>
      <trkpt lat="-33.130033" lon="-62.091642">
        <ele>154.7</ele>
        <time>2025-08-18T20:32:38Z</time>
      </trkpt>
      <trkpt lat="-33.130197" lon="-62.091818">
        <ele>155.1</ele>
        <time>2025-08-18T20:32:48Z</time>
      </trkpt>
      <trkpt lat="-33.12916" lon="-62.097786">
        <ele>155.7</ele>
        <time>2025-08-18T20:35:18Z</time>
      </trkpt>
      <trkpt lat="-33.12566" lon="-62.096944">
        <ele>155.0</ele>
        <time>2025-08-18T20:36:58Z</time>
      </trkpt>
      <trkpt lat="-33.125051" lon="-62.096641">
        <ele>154.5</ele>
        <time>2025-08-18T20:37:18Z</time>
      </trkpt>
      <trkpt lat="-33.125913" lon="-62.0919">
        <ele>153.0</ele>
        <time>2025-08-18T20:39:18Z</time>
      </trkpt>
      <trkpt lat="-33.129868" lon="-62.092859">
        <ele>154.3</ele>
        <time>2025-08-18T20:41:08Z</time>
      </trkpt>
      <trkpt lat="-33.129962" lon="-62.093383">
        <ele>154.3</ele>
        <time>2025-08-18T20:42:08Z</time>
      </trkpt>
      <trkpt lat="-33.129589" lon="-62.095237">
        <ele>154.7</ele>
        <time>2025-08-18T20:43:48Z</time>
      </trkpt>
      <trkpt lat="-33.126759" lon="-62.094539">
        <ele>154.6</ele>
        <time>2025-08-18T20:45:08Z</time>
      </trkpt>
      <trkpt lat="-33.12711" lon="-62.094769">
        <ele>155.1</ele>
        <time>2025-08-18T20:45:28Z</time>
      </trkpt>
      <trkpt lat="-33.128407" lon="-62.095003">
        <ele>156.1</ele>
        <time>2025-08-18T20:56:48Z</time>
      </trkpt>
      <trkpt lat="-33.127496" lon="-62.094771">
        <ele>155.7</ele>
        <time>2025-08-18T20:57:18Z</time>
      </trkpt>
      <trkpt lat="-33.127338" lon="-62.094952">
        <ele>155.3</ele>
        <time>2025-08-18T21:09:28Z</time>
      </trkpt>
      <trkpt lat="-33.127222" lon="-62.095738">
        <ele>154.9</ele>
        <time>2025-08-18T21:09:58Z</time>
      </trkpt>
      <trkpt lat="-33.127659" lon="-62.096237">
        <ele>152.0</ele>
        <time>2025-08-18T21:17:48Z</time>
      </trkpt>
      <trkpt lat="-33.127124" lon="-62.095926">
        <ele>151.9</ele>
        <time>2025-08-18T21:19:49Z</time>
      </trkpt>
      <trkpt lat="-33.126246" lon="-62.095821">
        <ele>151.9</ele>
        <time>2025-08-18T21:20:19Z</time>
      </trkpt>
      <trkpt lat="-33.125877" lon="-62.096982">
        <ele>152.0</ele>
        <time>2025-08-18T21:20:59Z</time>
      </trkpt>
      <trkpt lat="-33.124193" lon="-62.096581">
        <ele>151.7</ele>
        <time>2025-08-18T21:21:49Z</time>
      </trkpt>
      <trkpt lat="-33.123968" lon="-62.096747">
        <ele>151.5</ele>
        <time>2025-08-18T21:21:59Z</time>
      </trkpt>
      <trkpt lat="-33.124039" lon="-62.096979">
        <ele>151.6</ele>
        <time>2025-08-18T21:23:09Z</time>
      </trkpt>
      <trkpt lat="-33.12355" lon="-62.098861">
        <ele>150.7</ele>
        <time>2025-08-18T21:30:19Z</time>
      </trkpt>
      <trkpt lat="-33.121623" lon="-62.098424">
        <ele>150.6</ele>
        <time>2025-08-18T21:31:29Z</time>
      </trkpt>
      <trkpt lat="-33.121283" lon="-62.099567">
        <ele>150.2</ele>
        <time>2025-08-18T21:32:09Z</time>
      </trkpt>
      <trkpt lat="-33.118986" lon="-62.099017">
        <ele>149.6</ele>
        <time>2025-08-18T21:33:29Z</time>
      </trkpt>
      <trkpt lat="-33.11838" lon="-62.101639">
        <ele>150.4</ele>
        <time>2025-08-18T21:35:09Z</time>
      </trkpt>
      <trkpt lat="-33.118755" lon="-62.102001">
        <ele>150.9</ele>
        <time>2025-08-18T21:35:29Z</time>
      </trkpt>
      <trkpt lat="-33.127828" lon="-62.104307">
        <ele>151.5</ele>
        <time>2025-08-18T21:40:39Z</time>
      </trkpt>
      <trkpt lat="-33.128024" lon="-62.104185">
        <ele>151.5</ele>
        <time>2025-08-18T21:40:49Z</time>
      </trkpt>
      <trkpt lat="-33.128389" lon="-62.102617">
        <ele>151.4</ele>
        <time>2025-08-18T21:41:39Z</time>
      </trkpt>
      <trkpt lat="-33.12929" lon="-62.102922">
        <ele>151.7</ele>
        <time>2025-08-18T21:42:19Z</time>
      </trkpt>
      <trkpt lat="-33.12905" lon="-62.103978">
        <ele>150.9</ele>
        <time>2025-08-18T21:46:29Z</time>
      </trkpt>
      <trkpt lat="-33.129428" lon="-62.104443">
        <ele>151.2</ele>
        <time>2025-08-18T21:46:59Z</time>
      </trkpt>
      <trkpt lat="-33.129889" lon="-62.104559">
        <ele>150.2</ele>
        <time>2025-08-18T21:47:39Z</time>
      </trkpt>
      <trkpt lat="-33.130212" lon="-62.104927">
        <ele>151.0</ele>
        <time>2025-08-18T21:48:29Z</time>
      </trkpt>
      <trkpt lat="-33.133342" lon="-62.105814">
        <ele>151.3</ele>
        <time>2025-08-18T21:50:29Z</time>
      </trkpt>
      <trkpt lat="-33.134124" lon="-62.106212">
        <ele>150.7</ele>
        <time>2025-08-18T21:51:09Z</time>
      </trkpt>
      <trkpt lat="-33.133981" lon="-62.106795">
        <ele>150.8</ele>
        <time>2025-08-18T21:51:39Z</time>
      </trkpt>
      <trkpt lat="-33.133408" lon="-62.10674">
        <ele>151.2</ele>
        <time>2025-08-18T21:52:19Z</time>
      </trkpt>
      <trkpt lat="-33.133473" lon="-62.107168">
        <ele>150.5</ele>
        <time>2025-08-18T21:52:59Z</time>
      </trkpt>
      <trkpt lat="-33.133254" lon="-62.107185">
        <ele>150.7</ele>
        <time>2025-08-18T21:53:19Z</time>
      </trkpt>
      <trkpt lat="-33.133366" lon="-62.106665">
        <ele>151.6</ele>
        <time>2025-08-18T21:53:39Z</time>
      </trkpt>
      <trkpt lat="-33.134549" lon="-62.106935">
        <ele>150.2</ele>
        <time>2025-08-18T21:55:09Z</time>
      </trkpt>
      <trkpt lat="-33.134587" lon="-62.10656">
        <ele>149.8</ele>
        <time>2025-08-18T21:55:49Z</time>
      </trkpt>
      <trkpt lat="-33.134182" lon="-62.106329">
        <ele>150.0</ele>
        <time>2025-08-18T21:56:19Z</time>
      </trkpt>
      <trkpt lat="-33.134204" lon="-62.10603">
        <ele>149.2</ele>
        <time>2025-08-18T21:56:39Z</time>
      </trkpt>
      <trkpt lat="-33.133567" lon="-62.105863">
        <ele>148.8</ele>
        <time>2025-08-18T21:57:09Z</time>
      </trkpt>
      <trkpt lat="-33.133524" lon="-62.105605">
        <ele>149.2</ele>
        <time>2025-08-18T21:57:19Z</time>
      </trkpt>
      <trkpt lat="-33.135067" lon="-62.096849">
        <ele>146.4</ele>
        <time>2025-08-18T22:01:49Z</time>
      </trkpt>
      <trkpt lat="-33.133959" lon="-62.096385">
        <ele>146.2</ele>
        <time>2025-08-18T22:02:39Z</time>
      </trkpt>
      <trkpt lat="-33.128816" lon="-62.095072">
        <ele>145.4</ele>
        <time>2025-08-18T22:05:49Z</time>
      </trkpt>
      <trkpt lat="-33.128665" lon="-62.094952">
        <ele>145.2</ele>
        <time>2025-08-18T22:05:59Z</time>
      </trkpt>
      <trkpt lat="-33.128813" lon="-62.094015">
        <ele>145.4</ele>
        <time>2025-08-18T22:06:29Z</time>
      </trkpt>
      <trkpt lat="-33.128616" lon="-62.093776">
        <ele>144.8</ele>
        <time>2025-08-18T22:06:39Z</time>
      </trkpt>
      <trkpt lat="-33.126865" lon="-62.093318">
        <ele>144.1</ele>
        <time>2025-08-18T22:07:39Z</time>
      </trkpt>
      <trkpt lat="-33.126693" lon="-62.093443">
        <ele>144.1</ele>
        <time>2025-08-18T22:07:49Z</time>
      </trkpt>
      <trkpt lat="-33.126267" lon="-62.095609">
        <ele>144.8</ele>
        <time>2025-08-18T22:08:49Z</time>
      </trkpt>
      <trkpt lat="-33.126425" lon="-62.095872">
        <ele>145.0</ele>
        <time>2025-08-18T22:08:59Z</time>
      </trkpt>
      <trkpt lat="-33.127743" lon="-62.096268">
        <ele>145.4</ele>
        <time>2025-08-18T22:10:19Z</time>
      </trkpt>
      <trkpt lat="-33.127636" lon="-62.096626">
        <ele>147.0</ele>
        <time>2025-08-18T22:40:59Z</time>
      </trkpt>
      <trkpt lat="-33.12778" lon="-62.096538">
        <ele>146.7</ele>
        <time>2025-08-18T22:47:49Z</time>
      </trkpt>
      <trkpt lat="-33.127547" lon="-62.096524">
        <ele>146.1</ele>
        <time>2025-08-18T22:50:49Z</time>
      </trkpt>
      <trkpt lat="-33.127551" lon="-62.096128">
        <ele>146.2</ele>
        <time>2025-08-18T22:52:49Z</time>
      </trkpt>
      <trkpt lat="-33.125911" lon="-62.095713">
        <ele>144.3</ele>
        <time>2025-08-18T23:00:09Z</time>
      </trkpt>
      <trkpt lat="-33.127088" lon="-62.096108">
        <ele>143.0</ele>
        <time>2025-08-18T23:02:59Z</time>
      </trkpt>
      <trkpt lat="-33.126956" lon="-62.096243">
        <ele>142.6</ele>
        <time>2025-08-18T23:04:09Z</time>
      </trkpt>
      <trkpt lat="-33.127096" lon="-62.096371">
        <ele>142.7</ele>
        <time>2025-08-18T23:04:19Z</time>
      </trkpt>
      <trkpt lat="-33.126924" lon="-62.096232">
        <ele>142.7</ele>
        <time>2025-08-18T23:04:59Z</time>
      </trkpt>
      <trkpt lat="-33.127671" lon="-62.096285">
        <ele>143.1</ele>
        <time>2025-08-18T23:06:49Z</time>
      </trkpt>
      <trkpt lat="-33.127606" lon="-62.09656">
        <ele>148.5</ele>
        <time>2025-08-18T23:16:19Z</time>
      </trkpt>
      <trkpt lat="-33.127633" lon="-62.096234">
        <ele>148.4</ele>
        <time>2025-08-18T23:17:59Z</time>
      </trkpt>
      <trkpt lat="-33.127184" lon="-62.096142">
        <ele>148.5</ele>
        <time>2025-08-18T23:20:29Z</time>
      </trkpt>
      <trkpt lat="-33.127591" lon="-62.096244">
        <ele>148.0</ele>
        <time>2025-08-18T23:21:39Z</time>
      </trkpt>
      <trkpt lat="-33.127573" lon="-62.095956">
        <ele>147.8</ele>
        <time>2025-08-18T23:23:48Z</time>
      </trkpt>
      <trkpt lat="-33.127529" lon="-62.096542">
        <ele>211.6</ele>
        <time>2025-08-19T18:08:22Z</time>
      </trkpt>
      <trkpt lat="-33.12762" lon="-62.096442">
        <ele>212.1</ele>
        <time>2025-08-19T18:22:12Z</time>
      </trkpt>
      <trkpt lat="-33.127736" lon="-62.096621">
        <ele>216.2</ele>
        <time>2025-08-19T18:45:01Z</time>
      </trkpt>
      <trkpt lat="-33.127578" lon="-62.096526">
        <ele>214.7</ele>
        <time>2025-08-19T18:47:41Z</time>
      </trkpt>
      <trkpt lat="-33.127678" lon="-62.09623">
        <ele>110.9</ele>
        <time>2025-08-20T11:20:21Z</time>
      </trkpt>
      <trkpt lat="-33.128225" lon="-62.096233">
        <ele>110.0</ele>
        <time>2025-08-20T11:21:20Z</time>
      </trkpt>
      <trkpt lat="-33.126525" lon="-62.095692">
        <ele>109.2</ele>
        <time>2025-08-20T11:22:20Z</time>
      </trkpt>
      <trkpt lat="-33.127309" lon="-62.095001">
        <ele>109.4</ele>
        <time>2025-08-20T11:23:00Z</time>
      </trkpt>
      <trkpt lat="-33.12756" lon="-62.09501">
        <ele>109.4</ele>
        <time>2025-08-20T11:23:10Z</time>
      </trkpt>
      <trkpt lat="-33.128136" lon="-62.096005">
        <ele>109.5</ele>
        <time>2025-08-20T11:23:50Z</time>
      </trkpt>
      <trkpt lat="-33.128414" lon="-62.094978">
        <ele>109.2</ele>
        <time>2025-08-20T11:24:30Z</time>
      </trkpt>
      <trkpt lat="-33.127989" lon="-62.093883">
        <ele>109.4</ele>
        <time>2025-08-20T11:25:10Z</time>
      </trkpt>
      <trkpt lat="-33.128545" lon="-62.094009">
        <ele>108.6</ele>
        <time>2025-08-20T11:25:40Z</time>
      </trkpt>
      <trkpt lat="-33.1275" lon="-62.094673">
        <ele>108.3</ele>
        <time>2025-08-20T11:26:30Z</time>
      </trkpt>
      <trkpt lat="-33.12675" lon="-62.094428">
        <ele>108.7</ele>
        <time>2025-08-20T11:27:30Z</time>
      </trkpt>
      <trkpt lat="-33.127013" lon="-62.094004">
        <ele>108.5</ele>
        <time>2025-08-20T11:28:30Z</time>
      </trkpt>
      <trkpt lat="-33.127529" lon="-62.09388">
        <ele>109.0</ele>
        <time>2025-08-20T11:29:30Z</time>
      </trkpt>
      <trkpt lat="-33.127445" lon="-62.094838">
        <ele>109.1</ele>
        <time>2025-08-20T11:31:00Z</time>
      </trkpt>
      <trkpt lat="-33.127615" lon="-62.09646">
        <ele>108.7</ele>
        <time>2025-08-20T11:31:10Z</time>
      </trkpt>
      <trkpt lat="-33.127447" lon="-62.094845">
        <ele>108.9</ele>
        <time>2025-08-20T11:31:30Z</time>
      </trkpt>
      <trkpt lat="-33.125397" lon="-62.094246">
        <ele>107.3</ele>
        <time>2025-08-20T11:33:10Z</time>
      </trkpt>
      <trkpt lat="-33.022153" lon="-62.067989">
        <ele>101.2</ele>
        <time>2025-08-20T12:17:31Z</time>
      </trkpt>
      <trkpt lat="-33.019119" lon="-62.067011">
        <ele>100.3</ele>
        <time>2025-08-20T12:18:31Z</time>
      </trkpt>
      <trkpt lat="-33.016567" lon="-62.064624">
        <ele>100.5</ele>
        <time>2025-08-20T12:19:31Z</time>
      </trkpt>
      <trkpt lat="-33.013206" lon="-62.063298">
        <ele>100.6</ele>
        <time>2025-08-20T12:20:31Z</time>
      </trkpt>
      <trkpt lat="-32.977275" lon="-62.054162">
        <ele>91.7</ele>
        <time>2025-08-20T12:33:01Z</time>
      </trkpt>
      <trkpt lat="-32.97549" lon="-62.054813">
        <ele>90.6</ele>
        <time>2025-08-20T12:34:01Z</time>
      </trkpt>
      <trkpt lat="-32.974763" lon="-62.05919">
        <ele>88.9</ele>
        <time>2025-08-20T12:35:51Z</time>
      </trkpt>
      <trkpt lat="-32.973648" lon="-62.064172">
        <ele>86.0</ele>
        <time>2025-08-20T12:38:31Z</time>
      </trkpt>
      <trkpt lat="-32.973929" lon="-62.063688">
        <ele>94.0</ele>
        <time>2025-08-20T12:51:16Z</time>
      </trkpt>
      <trkpt lat="-32.974451" lon="-62.063789">
        <ele>92.9</ele>
        <time>2025-08-20T12:51:35Z</time>
      </trkpt>
      <trkpt lat="-32.974526" lon="-62.063362">
        <ele>92.8</ele>
        <time>2025-08-20T12:51:45Z</time>
      </trkpt>
      <trkpt lat="-32.97437" lon="-62.064177">
        <ele>93.8</ele>
        <time>2025-08-20T12:52:05Z</time>
      </trkpt>
      <trkpt lat="-32.974469" lon="-62.063812">
        <ele>92.9</ele>
        <time>2025-08-20T12:52:26Z</time>
      </trkpt>
      <trkpt lat="-32.974749" lon="-62.063887">
        <ele>93.0</ele>
        <time>2025-08-20T12:52:36Z</time>
      </trkpt>
      <trkpt lat="-32.973841" lon="-62.063657">
        <ele>92.9</ele>
        <time>2025-08-20T12:53:06Z</time>
      </trkpt>
      <trkpt lat="-32.97369" lon="-62.064175">
        <ele>92.8</ele>
        <time>2025-08-20T12:54:36Z</time>
      </trkpt>
      <trkpt lat="-32.973108" lon="-62.068473">
        <ele>93.3</ele>
        <time>2025-08-20T12:59:16Z</time>
      </trkpt>
      <trkpt lat="-32.953946" lon="-62.174511">
        <ele>93.4</ele>
        <time>2025-08-20T14:08:15Z</time>
      </trkpt>
      <trkpt lat="-32.952875" lon="-62.181186">
        <ele>93.1</ele>
        <time>2025-08-20T14:30:55Z</time>
      </trkpt>
      <trkpt lat="-32.943739" lon="-62.23158">
        <ele>99.9</ele>
        <time>2025-08-20T15:03:45Z</time>
      </trkpt>
      <trkpt lat="-32.943707" lon="-62.232132">
        <ele>99.5</ele>
        <time>2025-08-20T15:04:05Z</time>
      </trkpt>
      <trkpt lat="-32.943793" lon="-62.231399">
        <ele>100.1</ele>
        <time>2025-08-20T15:04:45Z</time>
      </trkpt>
      <trkpt lat="-32.943893" lon="-62.231451">
        <ele>100.7</ele>
        <time>2025-08-20T15:06:15Z</time>
      </trkpt>
      <trkpt lat="-32.943988" lon="-62.231153">
        <ele>100.7</ele>
        <time>2025-08-20T15:08:55Z</time>
      </trkpt>
      <trkpt lat="-32.942194" lon="-62.240371">
        <ele>103.8</ele>
        <time>2025-08-20T15:28:05Z</time>
      </trkpt>
      <trkpt lat="-32.942497" lon="-62.240996">
        <ele>102.3</ele>
        <time>2025-08-20T15:28:35Z</time>
      </trkpt>
      <trkpt lat="-32.942474" lon="-62.241431">
        <ele>102.0</ele>
        <time>2025-08-20T15:29:45Z</time>
      </trkpt>
      <trkpt lat="-32.942415" lon="-62.241315">
        <ele>101.4</ele>
        <time>2025-08-20T15:31:25Z</time>
      </trkpt>
      <trkpt lat="-32.942614" lon="-62.241372">
        <ele>101.5</ele>
        <time>2025-08-20T15:35:15Z</time>
      </trkpt>
      <trkpt lat="-32.942657" lon="-62.241245">
        <ele>100.4</ele>
        <time>2025-08-20T15:40:25Z</time>
      </trkpt>
      <trkpt lat="-32.942377" lon="-62.241304">
        <ele>100.5</ele>
        <time>2025-08-20T15:48:45Z</time>
      </trkpt>
      <trkpt lat="-32.942515" lon="-62.241417">
        <ele>107.4</ele>
        <time>2025-08-20T15:56:13Z</time>
      </trkpt>
      <trkpt lat="-32.942281" lon="-62.241727">
        <ele>108.3</ele>
        <time>2025-08-20T15:58:13Z</time>
      </trkpt>
      <trkpt lat="-32.941939" lon="-62.241815">
        <ele>109.0</ele>
        <time>2025-08-20T15:59:03Z</time>
      </trkpt>
      <trkpt lat="-32.937186" lon="-62.268392">
        <ele>104.9</ele>
        <time>2025-08-20T16:13:53Z</time>
      </trkpt>
      <trkpt lat="-32.931109" lon="-62.340611">
        <ele>102.7</ele>
        <time>2025-08-20T16:54:33Z</time>
      </trkpt>
      <trkpt lat="-32.931328" lon="-62.341068">
        <ele>102.9</ele>
        <time>2025-08-20T16:54:53Z</time>
      </trkpt>
      <trkpt lat="-32.932273" lon="-62.341443">
        <ele>102.8</ele>
        <time>2025-08-20T16:57:24Z</time>
      </trkpt>
      <trkpt lat="-32.93277" lon="-62.341851">
        <ele>103.9</ele>
        <time>2025-08-20T16:58:03Z</time>
      </trkpt>
      <trkpt lat="-32.934762" lon="-62.342645">
        <ele>104.2</ele>
        <time>2025-08-20T16:59:43Z</time>
      </trkpt>
      <trkpt lat="-32.935855" lon="-62.343293">
        <ele>105.6</ele>
        <time>2025-08-20T17:00:43Z</time>
      </trkpt>
      <trkpt lat="-32.93595" lon="-62.342957">
        <ele>105.3</ele>
        <time>2025-08-20T17:03:53Z</time>
      </trkpt>
      <trkpt lat="-32.935857" lon="-62.343275">
        <ele>106.3</ele>
        <time>2025-08-20T17:05:03Z</time>
      </trkpt>
      <trkpt lat="-32.931198" lon="-62.341029">
        <ele>96.9</ele>
        <time>2025-08-20T17:30:42Z</time>
      </trkpt>
      <trkpt lat="-32.930959" lon="-62.341947">
        <ele>98.8</ele>
        <time>2025-08-20T17:32:02Z</time>
      </trkpt>
      <trkpt lat="-32.924405" lon="-62.420231">
        <ele>111.2</ele>
        <time>2025-08-20T18:12:02Z</time>
      </trkpt>
      <trkpt lat="-32.921791" lon="-62.435961">
        <ele>113.5</ele>
        <time>2025-08-20T18:20:02Z</time>
      </trkpt>
      <trkpt lat="-32.921791" lon="-62.436894">
        <ele>112.3</ele>
        <time>2025-08-20T18:21:22Z</time>
      </trkpt>
      <trkpt lat="-32.921638" lon="-62.436861">
        <ele>111.3</ele>
        <time>2025-08-20T18:31:22Z</time>
      </trkpt>
      <trkpt lat="-32.921795" lon="-62.437084">
        <ele>113.5</ele>
        <time>2025-08-20T18:53:52Z</time>
      </trkpt>
      <trkpt lat="-32.921512" lon="-62.437692">
        <ele>112.5</ele>
        <time>2025-08-20T18:54:12Z</time>
      </trkpt>
      <trkpt lat="-32.919575" lon="-62.448792">
        <ele>113.8</ele>
        <time>2025-08-20T18:59:52Z</time>
      </trkpt>
      <trkpt lat="-32.919655" lon="-62.449098">
        <ele>112.9</ele>
        <time>2025-08-20T19:00:02Z</time>
      </trkpt>
      <trkpt lat="-32.920244" lon="-62.449199">
        <ele>113.0</ele>
        <time>2025-08-20T19:00:32Z</time>
      </trkpt>
      <trkpt lat="-32.919607" lon="-62.449142">
        <ele>113.0</ele>
        <time>2025-08-20T19:01:02Z</time>
      </trkpt>
      <trkpt lat="-32.919304" lon="-62.450082">
        <ele>113.1</ele>
        <time>2025-08-20T19:01:32Z</time>
      </trkpt>
      <trkpt lat="-32.918433" lon="-62.450045">
        <ele>113.7</ele>
        <time>2025-08-20T19:02:52Z</time>
      </trkpt>
      <trkpt lat="-32.918228" lon="-62.450249">
        <ele>114.1</ele>
        <time>2025-08-20T19:23:01Z</time>
      </trkpt>
      <trkpt lat="-32.918665" lon="-62.450026">
        <ele>114.8</ele>
        <time>2025-08-20T19:52:21Z</time>
      </trkpt>
      <trkpt lat="-32.91931" lon="-62.450294">
        <ele>114.8</ele>
        <time>2025-08-20T19:52:51Z</time>
      </trkpt>
      <trkpt lat="-32.918319" lon="-62.456073">
        <ele>115.6</ele>
        <time>2025-08-20T19:56:01Z</time>
      </trkpt>
      <trkpt lat="-32.918357" lon="-62.456656">
        <ele>115.7</ele>
        <time>2025-08-20T19:56:51Z</time>
      </trkpt>
      <trkpt lat="-32.918121" lon="-62.457183">
        <ele>115.4</ele>
        <time>2025-08-20T19:57:11Z</time>
      </trkpt>
      <trkpt lat="-32.917719" lon="-62.459515">
        <ele>115.2</ele>
        <time>2025-08-20T19:58:11Z</time>
      </trkpt>
      <trkpt lat="-32.917896" lon="-62.459199">
        <ele>115.5</ele>
        <time>2025-08-20T19:58:31Z</time>
      </trkpt>
      <trkpt lat="-32.918404" lon="-62.45951">
        <ele>114.1</ele>
        <time>2025-08-20T20:09:11Z</time>
      </trkpt>
      <trkpt lat="-32.917933" lon="-62.459365">
        <ele>113.9</ele>
        <time>2025-08-20T20:09:41Z</time>
      </trkpt>
      <trkpt lat="-32.917728" lon="-62.459521">
        <ele>113.7</ele>
        <time>2025-08-20T20:09:51Z</time>
      </trkpt>
      <trkpt lat="-32.917263" lon="-62.461388">
        <ele>113.5</ele>
        <time>2025-08-20T20:10:51Z</time>
      </trkpt>
      <trkpt lat="-32.915487" lon="-62.471615">
        <ele>113.7</ele>
        <time>2025-08-20T20:15:21Z</time>
      </trkpt>
      <trkpt lat="-32.915511" lon="-62.472666">
        <ele>115.0</ele>
        <time>2025-08-20T20:15:51Z</time>
      </trkpt>
      <trkpt lat="-32.900192" lon="-62.560611">
        <ele>121.6</ele>
        <time>2025-08-20T21:03:31Z</time>
      </trkpt>
      <trkpt lat="-32.882195" lon="-62.663714">
        <ele>125.2</ele>
        <time>2025-08-20T21:40:41Z</time>
      </trkpt>
      <trkpt lat="-32.881823" lon="-62.664867">
        <ele>124.7</ele>
        <time>2025-08-20T21:42:11Z</time>
      </trkpt>
      <trkpt lat="-32.879513" lon="-62.67795">
        <ele>121.0</ele>
        <time>2025-08-20T21:54:11Z</time>
      </trkpt>
      <trkpt lat="-32.878669" lon="-62.683156">
        <ele>120.8</ele>
        <time>2025-08-20T22:07:11Z</time>
      </trkpt>
      <trkpt lat="-32.879044" lon="-62.683628">
        <ele>120.2</ele>
        <time>2025-08-20T22:08:51Z</time>
      </trkpt>
      <trkpt lat="-32.878729" lon="-62.684012">
        <ele>119.6</ele>
        <time>2025-08-20T22:10:51Z</time>
      </trkpt>
      <trkpt lat="-32.878464" lon="-62.684073">
        <ele>118.7</ele>
        <time>2025-08-20T22:13:21Z</time>
      </trkpt>
      <trkpt lat="-32.878371" lon="-62.684612">
        <ele>118.4</ele>
        <time>2025-08-20T22:17:21Z</time>
      </trkpt>
      <trkpt lat="-32.877861" lon="-62.69071">
        <ele>120.6</ele>
        <time>2025-08-20T22:20:11Z</time>
      </trkpt>
      <trkpt lat="-32.878156" lon="-62.69125">
        <ele>121.1</ele>
        <time>2025-08-20T22:20:31Z</time>
      </trkpt>
      <trkpt lat="-32.877724" lon="-62.692854">
        <ele>121.5</ele>
        <time>2025-08-20T22:21:11Z</time>
      </trkpt>
      <trkpt lat="-32.876642" lon="-62.705402">
        <ele>123.6</ele>
        <time>2025-08-20T22:25:41Z</time>
      </trkpt>
      <trkpt lat="-32.872521" lon="-62.728236">
        <ele>123.7</ele>
        <time>2025-08-20T22:33:52Z</time>
      </trkpt>
      <trkpt lat="-32.872225" lon="-62.729325">
        <ele>120.4</ele>
        <time>2025-08-20T23:08:42Z</time>
      </trkpt>
      <trkpt lat="-32.871706" lon="-62.729792">
        <ele>118.2</ele>
        <time>2025-08-20T23:35:12Z</time>
      </trkpt>
      <trkpt lat="-32.872354" lon="-62.729706">
        <ele>117.9</ele>
        <time>2025-08-20T23:37:52Z</time>
      </trkpt>
      <trkpt lat="-32.876671" lon="-62.705681">
        <ele>116.9</ele>
        <time>2025-08-20T23:45:02Z</time>
      </trkpt>
      <trkpt lat="-32.87782" lon="-62.692882">
        <ele>115.0</ele>
        <time>2025-08-20T23:48:32Z</time>
      </trkpt>
      <trkpt lat="-32.878283" lon="-62.691306">
        <ele>113.6</ele>
        <time>2025-08-20T23:49:22Z</time>
      </trkpt>
      <trkpt lat="-32.877905" lon="-62.690711">
        <ele>113.6</ele>
        <time>2025-08-20T23:49:42Z</time>
      </trkpt>
      <trkpt lat="-32.878156" lon="-62.686814">
        <ele>111.6</ele>
        <time>2025-08-20T23:51:02Z</time>
      </trkpt>
      <trkpt lat="-32.878432" lon="-62.685925">
        <ele>111.1</ele>
        <time>2025-08-20T23:54:32Z</time>
      </trkpt>
      <trkpt lat="-32.879005" lon="-62.685904">
        <ele>111.5</ele>
        <time>2025-08-20T23:59:51Z</time>
      </trkpt>
      <trkpt lat="-32.879159" lon="-62.685224">
        <ele>111.8</ele>
        <time>2025-08-21T00:00:51Z</time>
      </trkpt>
      <trkpt lat="-32.879364" lon="-62.685297">
        <ele>109.6</ele>
        <time>2025-08-21T00:14:21Z</time>
      </trkpt>
      <trkpt lat="-32.879291" lon="-62.685187">
        <ele>109.3</ele>
        <time>2025-08-21T00:17:51Z</time>
      </trkpt>
      <trkpt lat="-32.879094" lon="-62.685491">
        <ele>109.0</ele>
        <time>2025-08-21T00:18:21Z</time>
      </trkpt>
      <trkpt lat="-32.878944" lon="-62.685913">
        <ele>108.9</ele>
        <time>2025-08-21T00:19:01Z</time>
      </trkpt>
      <trkpt lat="-32.879072" lon="-62.685777">
        <ele>111.2</ele>
        <time>2025-08-21T00:19:41Z</time>
      </trkpt>
      <trkpt lat="-32.879079" lon="-62.686013">
        <ele>110.9</ele>
        <time>2025-08-21T00:21:11Z</time>
      </trkpt>
      <trkpt lat="-32.878808" lon="-62.685748">
        <ele>118.6</ele>
        <time>2025-08-21T00:53:25Z</time>
      </trkpt>
      <trkpt lat="-32.878764" lon="-62.686002">
        <ele>120.3</ele>
        <time>2025-08-21T00:57:34Z</time>
      </trkpt>
      <trkpt lat="-32.878461" lon="-62.685822">
        <ele>120.2</ele>
        <time>2025-08-21T01:00:04Z</time>
      </trkpt>
      <trkpt lat="-32.878854" lon="-62.683637">
        <ele>120.7</ele>
        <time>2025-08-21T01:00:54Z</time>
      </trkpt>
      <trkpt lat="-32.879229" lon="-62.683505">
        <ele>120.8</ele>
        <time>2025-08-21T01:01:04Z</time>
      </trkpt>
      <trkpt lat="-32.879682" lon="-62.683592">
        <ele>120.7</ele>
        <time>2025-08-21T01:01:14Z</time>
      </trkpt>
      <trkpt lat="-32.879934" lon="-62.683149">
        <ele>121.2</ele>
        <time>2025-08-21T01:01:24Z</time>
      </trkpt>
      <trkpt lat="-32.880906" lon="-62.678321">
        <ele>119.2</ele>
        <time>2025-08-21T01:03:54Z</time>
      </trkpt>
      <trkpt lat="-32.881537" lon="-62.678476">
        <ele>119.0</ele>
        <time>2025-08-21T01:04:14Z</time>
      </trkpt>
      <trkpt lat="-32.881989" lon="-62.678346">
        <ele>118.8</ele>
        <time>2025-08-21T01:05:04Z</time>
      </trkpt>
      <trkpt lat="-32.881908" lon="-62.678508">
        <ele>119.0</ele>
        <time>2025-08-21T01:05:24Z</time>
      </trkpt>
      <trkpt lat="-32.882068" lon="-62.678679">
        <ele>118.1</ele>
        <time>2025-08-21T01:08:44Z</time>
      </trkpt>
      <trkpt lat="-32.882698" lon="-62.678677">
        <ele>117.8</ele>
        <time>2025-08-21T01:09:54Z</time>
      </trkpt>
      <trkpt lat="-32.882644" lon="-62.678815">
        <ele>117.2</ele>
        <time>2025-08-21T01:11:24Z</time>
      </trkpt>
      <trkpt lat="-32.88273" lon="-62.678642">
        <ele>117.9</ele>
        <time>2025-08-21T01:14:14Z</time>
      </trkpt>
      <trkpt lat="-32.882994" lon="-62.678967">
        <ele>118.2</ele>
        <time>2025-08-21T01:16:04Z</time>
      </trkpt>
      <trkpt lat="-32.883298" lon="-62.679746">
        <ele>118.6</ele>
        <time>2025-08-21T01:16:34Z</time>
      </trkpt>
      <trkpt lat="-32.883518" lon="-62.679649">
        <ele>118.7</ele>
        <time>2025-08-21T01:16:44Z</time>
      </trkpt>
      <trkpt lat="-32.883307" lon="-62.679616">
        <ele>118.6</ele>
        <time>2025-08-21T01:16:54Z</time>
      </trkpt>
      <trkpt lat="-32.883623" lon="-62.680087">
        <ele>119.1</ele>
        <time>2025-08-21T01:17:14Z</time>
      </trkpt>
      <trkpt lat="-32.883481" lon="-62.68023">
        <ele>118.8</ele>
        <time>2025-08-21T01:17:24Z</time>
      </trkpt>
      <trkpt lat="-32.883249" lon="-62.679628">
        <ele>118.8</ele>
        <time>2025-08-21T01:17:44Z</time>
      </trkpt>
      <trkpt lat="-32.883044" lon="-62.679589">
        <ele>118.3</ele>
        <time>2025-08-21T01:21:34Z</time>
      </trkpt>
      <trkpt lat="-32.882884" lon="-62.680136">
        <ele>118.6</ele>
        <time>2025-08-21T01:21:54Z</time>
      </trkpt>
      <trkpt lat="-32.883794" lon="-62.680535">
        <ele>118.5</ele>
        <time>2025-08-21T01:22:24Z</time>
      </trkpt>
      <trkpt lat="-32.883639" lon="-62.681735">
        <ele>118.3</ele>
        <time>2025-08-21T01:22:54Z</time>
      </trkpt>
      <trkpt lat="-32.887977" lon="-62.682803">
        <ele>116.9</ele>
        <time>2025-08-21T01:25:04Z</time>
      </trkpt>
      <trkpt lat="-32.889154" lon="-62.677502">
        <ele>116.8</ele>
        <time>2025-08-21T01:27:24Z</time>
      </trkpt>
      <trkpt lat="-32.889098" lon="-62.676901">
        <ele>117.4</ele>
        <time>2025-08-21T01:27:44Z</time>
      </trkpt>
      <trkpt lat="-32.888072" lon="-62.676581">
        <ele>116.4</ele>
        <time>2025-08-21T01:28:14Z</time>
      </trkpt>
      <trkpt lat="-32.887769" lon="-62.677868">
        <ele>116.4</ele>
        <time>2025-08-21T01:28:54Z</time>
      </trkpt>
      <trkpt lat="-32.888207" lon="-62.678011">
        <ele>117.0</ele>
        <time>2025-08-21T01:29:14Z</time>
      </trkpt>
      <trkpt lat="-32.88825" lon="-62.678525">
        <ele>116.6</ele>
        <time>2025-08-21T01:29:34Z</time>
      </trkpt>
      <trkpt lat="-32.887588" lon="-62.678487">
        <ele>116.2</ele>
        <time>2025-08-21T01:30:04Z</time>
      </trkpt>
      <trkpt lat="-32.887405" lon="-62.679865">
        <ele>116.1</ele>
        <time>2025-08-21T01:30:54Z</time>
      </trkpt>
      <trkpt lat="-32.881983" lon="-62.678563">
        <ele>117.9</ele>
        <time>2025-08-21T01:47:14Z</time>
      </trkpt>
      <trkpt lat="-32.881575" lon="-62.679908">
        <ele>117.5</ele>
        <time>2025-08-21T01:47:54Z</time>
      </trkpt>
      <trkpt lat="-32.880722" lon="-62.685229">
        <ele>118.3</ele>
        <time>2025-08-21T01:49:54Z</time>
      </trkpt>
      <trkpt lat="-32.878652" lon="-62.684718">
        <ele>119.3</ele>
        <time>2025-08-21T01:50:54Z</time>
      </trkpt>
      <trkpt lat="-32.878529" lon="-62.685974">
        <ele>118.6</ele>
        <time>2025-08-21T01:51:34Z</time>
      </trkpt>
      <trkpt lat="-32.879075" lon="-62.68583">
        <ele>118.9</ele>
        <time>2025-08-21T01:52:24Z</time>
      </trkpt>
      <trkpt lat="-32.879331" lon="-62.68519">
        <ele>117.1</ele>
        <time>2025-08-21T01:54:24Z</time>
      </trkpt>
      <trkpt lat="-32.879001" lon="-62.685852">
        <ele>119.8</ele>
        <time>2025-08-21T01:56:34Z</time>
      </trkpt>
      <trkpt lat="-32.879056" lon="-62.685737">
        <ele>120.2</ele>
        <time>2025-08-21T01:56:44Z</time>
      </trkpt>
      <trkpt lat="-32.879166" lon="-62.685926">
        <ele>121.8</ele>
        <time>2025-08-21T01:58:24Z</time>
      </trkpt>
      <trkpt lat="-32.87904" lon="-62.686006">
        <ele>121.4</ele>
        <time>2025-08-21T01:59:34Z</time>
      </trkpt>
      <trkpt lat="-32.879148" lon="-62.685889">
        <ele>121.1</ele>
        <time>2025-08-21T02:00:34Z</time>
      </trkpt>
      <trkpt lat="-32.879202" lon="-62.686002">
        <ele>120.7</ele>
        <time>2025-08-21T02:01:34Z</time>
      </trkpt>
      <trkpt lat="-32.878819" lon="-62.685521">
        <ele>121.3</ele>
        <time>2025-08-21T11:35:14Z</time>
      </trkpt>
      <trkpt lat="-32.878637" lon="-62.686007">
        <ele>122.4</ele>
        <time>2025-08-21T11:38:11Z</time>
      </trkpt>
      <trkpt lat="-32.878474" lon="-62.685896">
        <ele>122.2</ele>
        <time>2025-08-21T11:51:44Z</time>
      </trkpt>
      <trkpt lat="-32.878166" lon="-62.686377">
        <ele>122.5</ele>
        <time>2025-08-21T11:54:24Z</time>
      </trkpt>
      <trkpt lat="-32.877878" lon="-62.69071">
        <ele>124.6</ele>
        <time>2025-08-21T11:56:14Z</time>
      </trkpt>
      <trkpt lat="-32.878177" lon="-62.691278">
        <ele>125.6</ele>
        <time>2025-08-21T11:56:54Z</time>
      </trkpt>
      <trkpt lat="-32.877733" lon="-62.692795">
        <ele>125.3</ele>
        <time>2025-08-21T11:57:34Z</time>
      </trkpt>
      <trkpt lat="-32.87656" lon="-62.706058">
        <ele>128.3</ele>
        <time>2025-08-21T12:02:34Z</time>
      </trkpt>
      <trkpt lat="-32.872723" lon="-62.727131">
        <ele>127.9</ele>
        <time>2025-08-21T12:09:54Z</time>
      </trkpt>
      <trkpt lat="-32.872319" lon="-62.729138">
        <ele>128.3</ele>
        <time>2025-08-21T12:10:34Z</time>
      </trkpt>
      <trkpt lat="-32.872081" lon="-62.729585">
        <ele>128.0</ele>
        <time>2025-08-21T12:10:44Z</time>
      </trkpt>
      <trkpt lat="-32.871694" lon="-62.729816">
        <ele>127.8</ele>
        <time>2025-08-21T12:10:54Z</time>
      </trkpt>
      <trkpt lat="-32.845648" lon="-62.737453">
        <ele>129.6</ele>
        <time>2025-08-21T12:22:04Z</time>
      </trkpt>
      <trkpt lat="-32.843683" lon="-62.737199">
        <ele>130.2</ele>
        <time>2025-08-21T12:22:54Z</time>
      </trkpt>
      <trkpt lat="-32.810824" lon="-62.728743">
        <ele>128.6</ele>
        <time>2025-08-21T12:37:34Z</time>
      </trkpt>
      <trkpt lat="-32.810386" lon="-62.72852">
        <ele>128.1</ele>
        <time>2025-08-21T12:37:54Z</time>
      </trkpt>
      <trkpt lat="-32.810418" lon="-62.72832">
        <ele>127.6</ele>
        <time>2025-08-21T12:38:44Z</time>
      </trkpt>
      <trkpt lat="-32.810263" lon="-62.728591">
        <ele>128.2</ele>
        <time>2025-08-21T12:50:54Z</time>
      </trkpt>
      <trkpt lat="-32.775438" lon="-62.719688">
        <ele>129.2</ele>
        <time>2025-08-21T13:07:44Z</time>
      </trkpt>
      <trkpt lat="-32.773798" lon="-62.719879">
        <ele>129.0</ele>
        <time>2025-08-21T13:08:34Z</time>
      </trkpt>
      <trkpt lat="-32.772278" lon="-62.720803">
        <ele>129.8</ele>
        <time>2025-08-21T13:09:24Z</time>
      </trkpt>
      <trkpt lat="-32.771528" lon="-62.721736">
        <ele>130.2</ele>
        <time>2025-08-21T13:09:54Z</time>
      </trkpt>
      <trkpt lat="-32.770158" lon="-62.724416">
        <ele>131.0</ele>
        <time>2025-08-21T13:11:04Z</time>
      </trkpt>
      <trkpt lat="-32.76944" lon="-62.72544">
        <ele>130.5</ele>
        <time>2025-08-21T13:11:34Z</time>
      </trkpt>
      <trkpt lat="-32.768299" lon="-62.72639">
        <ele>130.5</ele>
        <time>2025-08-21T13:12:14Z</time>
      </trkpt>
      <trkpt lat="-32.766958" lon="-62.726812">
        <ele>129.9</ele>
        <time>2025-08-21T13:17:34Z</time>
      </trkpt>
      <trkpt lat="-32.767578" lon="-62.727111">
        <ele>130.0</ele>
        <time>2025-08-21T13:29:24Z</time>
      </trkpt>
      <trkpt lat="-32.76731" lon="-62.727023">
        <ele>131.2</ele>
        <time>2025-08-21T13:32:24Z</time>
      </trkpt>
      <trkpt lat="-32.767138" lon="-62.72771">
        <ele>130.9</ele>
        <time>2025-08-21T13:36:34Z</time>
      </trkpt>
      <trkpt lat="-32.767339" lon="-62.726978">
        <ele>132.1</ele>
        <time>2025-08-21T13:37:44Z</time>
      </trkpt>
      <trkpt lat="-32.767226" lon="-62.726811">
        <ele>132.2</ele>
        <time>2025-08-21T13:38:44Z</time>
      </trkpt>
      <trkpt lat="-32.765417" lon="-62.726823">
        <ele>133.3</ele>
        <time>2025-08-21T13:39:54Z</time>
      </trkpt>
      <trkpt lat="-32.758368" lon="-62.725363">
        <ele>133.9</ele>
        <time>2025-08-21T13:43:54Z</time>
      </trkpt>
      <trkpt lat="-32.735094" lon="-62.719159">
        <ele>134.3</ele>
        <time>2025-08-21T13:57:04Z</time>
      </trkpt>
      <trkpt lat="-32.723718" lon="-62.716507">
        <ele>135.8</ele>
        <time>2025-08-21T14:04:04Z</time>
      </trkpt>
      <trkpt lat="-32.716899" lon="-62.712835">
        <ele>136.1</ele>
        <time>2025-08-21T14:08:24Z</time>
      </trkpt>
      <trkpt lat="-32.715512" lon="-62.71228">
        <ele>136.5</ele>
        <time>2025-08-21T14:09:14Z</time>
      </trkpt>
      <trkpt lat="-32.6833" lon="-62.704146">
        <ele>142.3</ele>
        <time>2025-08-21T14:35:54Z</time>
      </trkpt>
      <trkpt lat="-32.682935" lon="-62.704032">
        <ele>141.2</ele>
        <time>2025-08-21T14:42:34Z</time>
      </trkpt>
      <trkpt lat="-32.682939" lon="-62.703872">
        <ele>144.8</ele>
        <time>2025-08-21T15:03:44Z</time>
      </trkpt>
      <trkpt lat="-32.682812" lon="-62.704019">
        <ele>144.8</ele>
        <time>2025-08-21T15:05:34Z</time>
      </trkpt>
      <trkpt lat="-32.681566" lon="-62.703719">
        <ele>145.8</ele>
        <time>2025-08-21T15:07:24Z</time>
      </trkpt>
      <trkpt lat="-32.656837" lon="-62.697479">
        <ele>148.1</ele>
        <time>2025-08-21T15:22:24Z</time>
      </trkpt>
      <trkpt lat="-32.651313" lon="-62.695939">
        <ele>153.2</ele>
        <time>2025-08-21T15:36:44Z</time>
      </trkpt>
      <trkpt lat="-32.650106" lon="-62.695782">
        <ele>152.6</ele>
        <time>2025-08-21T15:37:24Z</time>
      </trkpt>
      <trkpt lat="-32.645546" lon="-62.694628">
        <ele>153.2</ele>
        <time>2025-08-21T15:39:44Z</time>
      </trkpt>
      <trkpt lat="-32.640412" lon="-62.693188">
        <ele>151.7</ele>
        <time>2025-08-21T15:42:44Z</time>
      </trkpt>
      <trkpt lat="-32.640272" lon="-62.694825">
        <ele>151.9</ele>
        <time>2025-08-21T15:43:34Z</time>
      </trkpt>
      <trkpt lat="-32.629474" lon="-62.695848">
        <ele>155.0</ele>
        <time>2025-08-21T15:49:04Z</time>
      </trkpt>
      <trkpt lat="-32.628782" lon="-62.695709">
        <ele>156.3</ele>
        <time>2025-08-21T15:49:34Z</time>
      </trkpt>
      <trkpt lat="-32.628012" lon="-62.696885">
        <ele>154.2</ele>
        <time>2025-08-21T15:50:04Z</time>
      </trkpt>
      <trkpt lat="-32.625513" lon="-62.697068">
        <ele>155.2</ele>
        <time>2025-08-21T15:51:14Z</time>
      </trkpt>
      <trkpt lat="-32.625207" lon="-62.696979">
        <ele>154.9</ele>
        <time>2025-08-21T15:51:24Z</time>
      </trkpt>
      <trkpt lat="-32.625047" lon="-62.696716">
        <ele>155.1</ele>
        <time>2025-08-21T15:51:34Z</time>
      </trkpt>
      <trkpt lat="-32.617191" lon="-62.698317">
        <ele>154.4</ele>
        <time>2025-08-21T15:55:24Z</time>
      </trkpt>
      <trkpt lat="-32.616914" lon="-62.698204">
        <ele>154.3</ele>
        <time>2025-08-21T15:55:34Z</time>
      </trkpt>
      <trkpt lat="-32.616534" lon="-62.695938">
        <ele>154.1</ele>
        <time>2025-08-21T15:56:34Z</time>
      </trkpt>
      <trkpt lat="-32.611169" lon="-62.696927">
        <ele>155.2</ele>
        <time>2025-08-21T16:03:24Z</time>
      </trkpt>
      <trkpt lat="-32.610479" lon="-62.69629">
        <ele>155.3</ele>
        <time>2025-08-21T16:08:34Z</time>
      </trkpt>
      <trkpt lat="-32.610615" lon="-62.696603">
        <ele>156.8</ele>
        <time>2025-08-21T16:11:14Z</time>
      </trkpt>
      <trkpt lat="-32.610418" lon="-62.696815">
        <ele>156.7</ele>
        <time>2025-08-21T16:16:04Z</time>
      </trkpt>
      <trkpt lat="-32.610592" lon="-62.6969">
        <ele>157.5</ele>
        <time>2025-08-21T16:17:34Z</time>
      </trkpt>
      <trkpt lat="-32.610384" lon="-62.696851">
        <ele>158.2</ele>
        <time>2025-08-21T16:18:04Z</time>
      </trkpt>
      <trkpt lat="-32.610419" lon="-62.696654">
        <ele>158.1</ele>
        <time>2025-08-21T16:21:14Z</time>
      </trkpt>
      <trkpt lat="-32.610315" lon="-62.696721">
        <ele>158.4</ele>
        <time>2025-08-21T16:21:54Z</time>
      </trkpt>
      <trkpt lat="-32.610222" lon="-62.696486">
        <ele>158.7</ele>
        <time>2025-08-21T16:22:54Z</time>
      </trkpt>
      <trkpt lat="-32.61028" lon="-62.696819">
        <ele>158.1</ele>
        <time>2025-08-21T16:24:14Z</time>
      </trkpt>
      <trkpt lat="-32.61016" lon="-62.696474">
        <ele>158.9</ele>
        <time>2025-08-21T16:26:24Z</time>
      </trkpt>
      <trkpt lat="-32.61002" lon="-62.69657">
        <ele>160.4</ele>
        <time>2025-08-21T16:27:24Z</time>
      </trkpt>
      <trkpt lat="-32.610087" lon="-62.696805">
        <ele>160.0</ele>
        <time>2025-08-21T16:28:44Z</time>
      </trkpt>
      <trkpt lat="-32.610268" lon="-62.696709">
        <ele>160.9</ele>
        <time>2025-08-21T16:35:04Z</time>
      </trkpt>
      <trkpt lat="-32.610424" lon="-62.697099">
        <ele>161.5</ele>
        <time>2025-08-21T16:37:24Z</time>
      </trkpt>
      <trkpt lat="-32.610497" lon="-62.696371">
        <ele>165.4</ele>
        <time>2025-08-21T16:49:24Z</time>
      </trkpt>
      <trkpt lat="-32.610272" lon="-62.696036">
        <ele>165.6</ele>
        <time>2025-08-21T16:50:44Z</time>
      </trkpt>
      <trkpt lat="-32.610476" lon="-62.69671">
        <ele>168.7</ele>
        <time>2025-08-21T16:57:44Z</time>
      </trkpt>
      <trkpt lat="-32.610557" lon="-62.696255">
        <ele>168.7</ele>
        <time>2025-08-21T17:02:04Z</time>
      </trkpt>
      <trkpt lat="-32.610567" lon="-62.696419">
        <ele>169.2</ele>
        <time>2025-08-21T17:03:54Z</time>
      </trkpt>
      <trkpt lat="-32.610883" lon="-62.696376">
        <ele>170.2</ele>
        <time>2025-08-21T17:04:54Z</time>
      </trkpt>
      <trkpt lat="-32.611026" lon="-62.696886">
        <ele>169.5</ele>
        <time>2025-08-21T17:05:14Z</time>
      </trkpt>
      <trkpt lat="-32.611275" lon="-62.696939">
        <ele>169.2</ele>
        <time>2025-08-21T17:05:24Z</time>
      </trkpt>
      <trkpt lat="-32.619333" lon="-62.695395">
        <ele>172.3</ele>
        <time>2025-08-21T17:10:04Z</time>
      </trkpt>
      <trkpt lat="-32.619642" lon="-62.695441">
        <ele>171.5</ele>
        <time>2025-08-21T17:10:14Z</time>
      </trkpt>
      <trkpt lat="-32.619875" lon="-62.696468">
        <ele>172.4</ele>
        <time>2025-08-21T17:10:44Z</time>
      </trkpt>
      <trkpt lat="-32.62592" lon="-62.695319">
        <ele>173.0</ele>
        <time>2025-08-21T17:13:34Z</time>
      </trkpt>
      <trkpt lat="-32.626283" lon="-62.696976">
        <ele>174.3</ele>
        <time>2025-08-21T17:14:14Z</time>
      </trkpt>
      <trkpt lat="-32.627686" lon="-62.697019">
        <ele>174.9</ele>
        <time>2025-08-21T17:14:53Z</time>
      </trkpt>
      <trkpt lat="-32.628058" lon="-62.696968">
        <ele>174.7</ele>
        <time>2025-08-21T17:15:03Z</time>
      </trkpt>
      <trkpt lat="-32.628654" lon="-62.69587">
        <ele>174.5</ele>
        <time>2025-08-21T17:15:33Z</time>
      </trkpt>
      <trkpt lat="-32.629963" lon="-62.69585">
        <ele>175.2</ele>
        <time>2025-08-21T17:16:13Z</time>
      </trkpt>
      <trkpt lat="-32.630179" lon="-62.696876">
        <ele>176.3</ele>
        <time>2025-08-21T17:16:43Z</time>
      </trkpt>
      <trkpt lat="-32.630875" lon="-62.70804">
        <ele>175.6</ele>
        <time>2025-08-21T17:21:23Z</time>
      </trkpt>
      <trkpt lat="-32.630721" lon="-62.708256">
        <ele>176.4</ele>
        <time>2025-08-21T17:21:33Z</time>
      </trkpt>
      <trkpt lat="-32.623911" lon="-62.706479">
        <ele>178.8</ele>
        <time>2025-08-21T17:25:33Z</time>
      </trkpt>
      <trkpt lat="-32.623759" lon="-62.70669">
        <ele>178.5</ele>
        <time>2025-08-21T17:25:43Z</time>
      </trkpt>
      <trkpt lat="-32.623755" lon="-62.707486">
        <ele>178.8</ele>
        <time>2025-08-21T17:26:03Z</time>
      </trkpt>
      <trkpt lat="-32.624115" lon="-62.714453">
        <ele>179.3</ele>
        <time>2025-08-21T17:29:03Z</time>
      </trkpt>
      <trkpt lat="-32.619156" lon="-62.714974">
        <ele>181.7</ele>
        <time>2025-08-21T17:31:33Z</time>
      </trkpt>
      <trkpt lat="-32.618946" lon="-62.714317">
        <ele>181.8</ele>
        <time>2025-08-21T17:31:53Z</time>
      </trkpt>
      <trkpt lat="-32.61883" lon="-62.712347">
        <ele>181.4</ele>
        <time>2025-08-21T17:34:13Z</time>
      </trkpt>
      <trkpt lat="-32.619941" lon="-62.712443">
        <ele>182.4</ele>
        <time>2025-08-21T17:39:43Z</time>
      </trkpt>
      <trkpt lat="-32.619803" lon="-62.712527">
        <ele>182.2</ele>
        <time>2025-08-21T17:40:33Z</time>
      </trkpt>
      <trkpt lat="-32.619582" lon="-62.712327">
        <ele>182.3</ele>
        <time>2025-08-21T17:41:33Z</time>
      </trkpt>
      <trkpt lat="-32.61977" lon="-62.712354">
        <ele>183.8</ele>
        <time>2025-08-21T17:45:13Z</time>
      </trkpt>
      <trkpt lat="-32.619478" lon="-62.712943">
        <ele>167.5</ele>
        <time>2025-08-21T22:20:37Z</time>
      </trkpt>
      <trkpt lat="-32.619458" lon="-62.712242">
        <ele>136.4</ele>
        <time>2025-08-21T22:21:17Z</time>
      </trkpt>
      <trkpt lat="-32.618857" lon="-62.712727">
        <ele>136.0</ele>
        <time>2025-08-21T22:22:17Z</time>
      </trkpt>
      <trkpt lat="-32.61895" lon="-62.714803">
        <ele>136.5</ele>
        <time>2025-08-21T22:23:07Z</time>
      </trkpt>
      <trkpt lat="-32.620645" lon="-62.714871">
        <ele>137.0</ele>
        <time>2025-08-21T22:23:57Z</time>
      </trkpt>
      <trkpt lat="-32.624048" lon="-62.714548">
        <ele>134.3</ele>
        <time>2025-08-21T22:25:47Z</time>
      </trkpt>
      <trkpt lat="-32.624136" lon="-62.71383">
        <ele>134.4</ele>
        <time>2025-08-21T22:26:07Z</time>
      </trkpt>
      <trkpt lat="-32.623784" lon="-62.706572">
        <ele>133.1</ele>
        <time>2025-08-21T22:29:07Z</time>
      </trkpt>
      <trkpt lat="-32.627492" lon="-62.707399">
        <ele>132.2</ele>
        <time>2025-08-21T22:30:57Z</time>
      </trkpt>
      <trkpt lat="-32.630312" lon="-62.708272">
        <ele>131.2</ele>
        <time>2025-08-21T22:32:27Z</time>
      </trkpt>
      <trkpt lat="-32.63091" lon="-62.709274">
        <ele>131.1</ele>
        <time>2025-08-21T22:32:57Z</time>
      </trkpt>
      <trkpt lat="-32.630092" lon="-62.695779">
        <ele>131.3</ele>
        <time>2025-08-21T22:38:07Z</time>
      </trkpt>
      <trkpt lat="-32.628898" lon="-62.695748">
        <ele>133.5</ele>
        <time>2025-08-21T22:38:37Z</time>
      </trkpt>
      <trkpt lat="-32.628665" lon="-62.694809">
        <ele>131.1</ele>
        <time>2025-08-21T22:38:57Z</time>
      </trkpt>
      <trkpt lat="-32.628167" lon="-62.694003">
        <ele>132.0</ele>
        <time>2025-08-21T22:39:17Z</time>
      </trkpt>
      <trkpt lat="-32.627669" lon="-62.69257">
        <ele>130.2</ele>
        <time>2025-08-21T22:39:47Z</time>
      </trkpt>
      <trkpt lat="-32.627123" lon="-62.691955">
        <ele>129.8</ele>
        <time>2025-08-21T22:40:07Z</time>
      </trkpt>
      <trkpt lat="-32.62532" lon="-62.690603">
        <ele>129.0</ele>
        <time>2025-08-21T22:41:17Z</time>
      </trkpt>
      <trkpt lat="-32.624409" lon="-62.689425">
        <ele>128.3</ele>
        <time>2025-08-21T22:42:07Z</time>
      </trkpt>
      <trkpt lat="-32.622969" lon="-62.689199">
        <ele>128.0</ele>
        <time>2025-08-21T22:44:17Z</time>
      </trkpt>
      <trkpt lat="-32.623166" lon="-62.691029">
        <ele>128.6</ele>
        <time>2025-08-21T22:44:57Z</time>
      </trkpt>
      <trkpt lat="-32.621216" lon="-62.691568">
        <ele>127.7</ele>
        <time>2025-08-21T22:45:57Z</time>
      </trkpt>
      <trkpt lat="-32.621346" lon="-62.692341">
        <ele>125.0</ele>
        <time>2025-08-21T23:05:57Z</time>
      </trkpt>
      <trkpt lat="-32.622217" lon="-62.692287">
        <ele>125.1</ele>
        <time>2025-08-21T23:06:27Z</time>
      </trkpt>
      <trkpt lat="-32.622331" lon="-62.692021">
        <ele>125.0</ele>
        <time>2025-08-21T23:06:37Z</time>
      </trkpt>
      <trkpt lat="-32.62208" lon="-62.690098">
        <ele>125.5</ele>
        <time>2025-08-21T23:07:27Z</time>
      </trkpt>
      <trkpt lat="-32.623006" lon="-62.689846">
        <ele>125.7</ele>
        <time>2025-08-21T23:07:57Z</time>
      </trkpt>
      <trkpt lat="-32.623379" lon="-62.691901">
        <ele>125.9</ele>
        <time>2025-08-21T23:08:47Z</time>
      </trkpt>
      <trkpt lat="-32.623691" lon="-62.691998">
        <ele>125.6</ele>
        <time>2025-08-21T23:08:57Z</time>
      </trkpt>
      <trkpt lat="-32.62517" lon="-62.691705">
        <ele>125.2</ele>
        <time>2025-08-21T23:09:37Z</time>
      </trkpt>
      <trkpt lat="-32.625416" lon="-62.691841">
        <ele>125.3</ele>
        <time>2025-08-21T23:09:47Z</time>
      </trkpt>
      <trkpt lat="-32.625797" lon="-62.693921">
        <ele>125.5</ele>
        <time>2025-08-21T23:10:37Z</time>
      </trkpt>
      <trkpt lat="-32.627733" lon="-62.694332">
        <ele>126.5</ele>
        <time>2025-08-21T23:11:27Z</time>
      </trkpt>
      <trkpt lat="-32.628086" lon="-62.694303">
        <ele>127.3</ele>
        <time>2025-08-21T23:11:37Z</time>
      </trkpt>
      <trkpt lat="-32.629873" lon="-62.692969">
        <ele>126.4</ele>
        <time>2025-08-21T23:12:57Z</time>
      </trkpt>
      <trkpt lat="-32.629899" lon="-62.691318">
        <ele>127.0</ele>
        <time>2025-08-21T23:13:47Z</time>
      </trkpt>
      <trkpt lat="-32.63105" lon="-62.691147">
        <ele>127.0</ele>
        <time>2025-08-21T23:14:27Z</time>
      </trkpt>
      <trkpt lat="-32.631342" lon="-62.693084">
        <ele>125.9</ele>
        <time>2025-08-21T23:16:27Z</time>
      </trkpt>
      <trkpt lat="-32.631106" lon="-62.692617">
        <ele>124.8</ele>
        <time>2025-08-21T23:20:47Z</time>
      </trkpt>
      <trkpt lat="-32.629875" lon="-62.692654">
        <ele>125.2</ele>
        <time>2025-08-21T23:21:57Z</time>
      </trkpt>
      <trkpt lat="-32.629945" lon="-62.692344">
        <ele>124.3</ele>
        <time>2025-08-21T23:27:34Z</time>
      </trkpt>
      <trkpt lat="-32.629852" lon="-62.692552">
        <ele>123.9</ele>
        <time>2025-08-21T23:27:47Z</time>
      </trkpt>
      <trkpt lat="-32.629787" lon="-62.692428">
        <ele>124.4</ele>
        <time>2025-08-21T23:28:27Z</time>
      </trkpt>
      <trkpt lat="-32.629988" lon="-62.69239">
        <ele>124.0</ele>
        <time>2025-08-21T23:31:04Z</time>
      </trkpt>
      <trkpt lat="-32.629817" lon="-62.692461">
        <ele>123.4</ele>
        <time>2025-08-21T23:33:07Z</time>
      </trkpt>
      <trkpt lat="-32.629901" lon="-62.6927">
        <ele>124.5</ele>
        <time>2025-08-21T23:35:57Z</time>
      </trkpt>
      <trkpt lat="-32.629959" lon="-62.692521">
        <ele>124.1</ele>
        <time>2025-08-21T23:36:57Z</time>
      </trkpt>
      <trkpt lat="-32.629795" lon="-62.692384">
        <ele>123.3</ele>
        <time>2025-08-21T23:37:37Z</time>
      </trkpt>
      <trkpt lat="-32.62975" lon="-62.692702">
        <ele>124.2</ele>
        <time>2025-08-21T23:39:07Z</time>
      </trkpt>
      <trkpt lat="-32.628754" lon="-62.692759">
        <ele>125.2</ele>
        <time>2025-08-21T23:39:37Z</time>
      </trkpt>
      <trkpt lat="-32.628637" lon="-62.693504">
        <ele>126.0</ele>
        <time>2025-08-21T23:39:57Z</time>
      </trkpt>
      <trkpt lat="-32.628983" lon="-62.694194">
        <ele>124.1</ele>
        <time>2025-08-21T23:40:17Z</time>
      </trkpt>
      <trkpt lat="-32.629833" lon="-62.694396">
        <ele>123.1</ele>
        <time>2025-08-21T23:40:57Z</time>
      </trkpt>
      <trkpt lat="-32.631204" lon="-62.694226">
        <ele>123.9</ele>
        <time>2025-08-21T23:41:37Z</time>
      </trkpt>
      <trkpt lat="-32.631496" lon="-62.697719">
        <ele>126.3</ele>
        <time>2025-08-21T23:43:06Z</time>
      </trkpt>
      <trkpt lat="-32.631636" lon="-62.697232">
        <ele>126.6</ele>
        <time>2025-08-21T23:50:06Z</time>
      </trkpt>
      <trkpt lat="-32.631546" lon="-62.698113">
        <ele>126.5</ele>
        <time>2025-08-21T23:50:56Z</time>
      </trkpt>
      <trkpt lat="-32.632195" lon="-62.708753">
        <ele>124.7</ele>
        <time>2025-08-21T23:54:46Z</time>
      </trkpt>
      <trkpt lat="-32.632105" lon="-62.709161">
        <ele>124.2</ele>
        <time>2025-08-21T23:54:57Z</time>
      </trkpt>
      <trkpt lat="-32.631725" lon="-62.709286">
        <ele>124.0</ele>
        <time>2025-08-21T23:55:27Z</time>
      </trkpt>
      <trkpt lat="-32.63049" lon="-62.708211">
        <ele>124.0</ele>
        <time>2025-08-21T23:56:16Z</time>
      </trkpt>
      <trkpt lat="-32.624" lon="-62.706455">
        <ele>125.0</ele>
        <time>2025-08-21T23:59:17Z</time>
      </trkpt>
      <trkpt lat="-32.623763" lon="-62.706664">
        <ele>125.2</ele>
        <time>2025-08-21T23:59:27Z</time>
      </trkpt>
      <trkpt lat="-32.623765" lon="-62.707065">
        <ele>125.1</ele>
        <time>2025-08-21T23:59:37Z</time>
      </trkpt>
      <trkpt lat="-32.624155" lon="-62.71443">
        <ele>126.9</ele>
        <time>2025-08-22T00:02:36Z</time>
      </trkpt>
      <trkpt lat="-32.623639" lon="-62.714625">
        <ele>125.8</ele>
        <time>2025-08-22T00:02:56Z</time>
      </trkpt>
      <trkpt lat="-32.619066" lon="-62.714942">
        <ele>126.7</ele>
        <time>2025-08-22T00:05:16Z</time>
      </trkpt>
      <trkpt lat="-32.618863" lon="-62.712276">
        <ele>125.1</ele>
        <time>2025-08-22T00:07:56Z</time>
      </trkpt>
      <trkpt lat="-32.619778" lon="-62.712336">
        <ele>125.3</ele>
        <time>2025-08-22T00:11:56Z</time>
      </trkpt>
      <trkpt lat="-32.619626" lon="-62.712307">
        <ele>125.7</ele>
        <time>2025-08-22T00:13:46Z</time>
      </trkpt>
      <trkpt lat="-32.61962" lon="-62.712652">
        <ele>126.1</ele>
        <time>2025-08-22T00:19:06Z</time>
      </trkpt>
      <trkpt lat="-32.619757" lon="-62.712288">
        <ele>126.1</ele>
        <time>2025-08-22T00:23:37Z</time>
      </trkpt>
      <trkpt lat="-32.619379" lon="-62.712546">
        <ele>123.9</ele>
        <time>2025-08-22T00:39:27Z</time>
      </trkpt>
      <trkpt lat="-32.61969" lon="-62.712396">
        <ele>123.7</ele>
        <time>2025-08-22T00:41:37Z</time>
      </trkpt>
      <trkpt lat="-32.619613" lon="-62.712245">
        <ele>122.5</ele>
        <time>2025-08-22T00:43:17Z</time>
      </trkpt>
      <trkpt lat="-32.619682" lon="-62.712437">
        <ele>122.9</ele>
        <time>2025-08-22T00:52:27Z</time>
      </trkpt>
      <trkpt lat="-32.619645" lon="-62.712196">
        <ele>122.4</ele>
        <time>2025-08-22T00:55:07Z</time>
      </trkpt>
      <trkpt lat="-32.619625" lon="-62.712409">
        <ele>122.7</ele>
        <time>2025-08-22T00:55:27Z</time>
      </trkpt>
      <trkpt lat="-32.619763" lon="-62.712329">
        <ele>122.4</ele>
        <time>2025-08-22T00:57:27Z</time>
      </trkpt>
      <trkpt lat="-32.619597" lon="-62.712319">
        <ele>122.5</ele>
        <time>2025-08-22T02:32:37Z</time>
      </trkpt>
      <trkpt lat="-32.619711" lon="-62.712495">
        <ele>121.9</ele>
        <time>2025-08-22T02:34:47Z</time>
      </trkpt>
      <trkpt lat="-32.619581" lon="-62.712635">
        <ele>134.5</ele>
        <time>2025-08-22T12:24:39Z</time>
      </trkpt>
      <trkpt lat="-32.619706" lon="-62.712351">
        <ele>136.1</ele>
        <time>2025-08-22T12:29:18Z</time>
      </trkpt>
      <trkpt lat="-32.6196" lon="-62.712299">
        <ele>135.2</ele>
        <time>2025-08-22T12:31:28Z</time>
      </trkpt>
      <trkpt lat="-32.619609" lon="-62.712586">
        <ele>135.6</ele>
        <time>2025-08-22T12:32:28Z</time>
      </trkpt>
      <trkpt lat="-32.619682" lon="-62.712319">
        <ele>133.8</ele>
        <time>2025-08-22T12:37:48Z</time>
      </trkpt>
      <trkpt lat="-32.619425" lon="-62.712486">
        <ele>131.9</ele>
        <time>2025-08-22T12:45:28Z</time>
      </trkpt>
      <trkpt lat="-32.619404" lon="-62.712199">
        <ele>131.0</ele>
        <time>2025-08-22T12:47:48Z</time>
      </trkpt>
      <trkpt lat="-32.618831" lon="-62.712277">
        <ele>129.6</ele>
        <time>2025-08-22T12:50:38Z</time>
      </trkpt>
      <trkpt lat="-32.618787" lon="-62.712417">
        <ele>129.5</ele>
        <time>2025-08-22T12:50:58Z</time>
      </trkpt>
      <trkpt lat="-32.61905" lon="-62.71496">
        <ele>130.3</ele>
        <time>2025-08-22T12:52:48Z</time>
      </trkpt>
      <trkpt lat="-32.623965" lon="-62.71459">
        <ele>126.9</ele>
        <time>2025-08-22T13:00:48Z</time>
      </trkpt>
      <trkpt lat="-32.624143" lon="-62.714438">
        <ele>127.7</ele>
        <time>2025-08-22T13:00:58Z</time>
      </trkpt>
      <trkpt lat="-32.623831" lon="-62.706552">
        <ele>126.0</ele>
        <time>2025-08-22T13:04:38Z</time>
      </trkpt>
      <trkpt lat="-32.630265" lon="-62.708283">
        <ele>124.3</ele>
        <time>2025-08-22T13:08:28Z</time>
      </trkpt>
      <trkpt lat="-32.630508" lon="-62.708453">
        <ele>124.2</ele>
        <time>2025-08-22T13:08:38Z</time>
      </trkpt>
      <trkpt lat="-32.630932" lon="-62.710118">
        <ele>122.8</ele>
        <time>2025-08-22T13:09:28Z</time>
      </trkpt>
      <trkpt lat="-32.63144" lon="-62.719391">
        <ele>124.6</ele>
        <time>2025-08-22T13:13:48Z</time>
      </trkpt>
      <trkpt lat="-32.630997" lon="-62.719467">
        <ele>125.7</ele>
        <time>2025-08-22T13:14:08Z</time>
      </trkpt>
      <trkpt lat="-32.624345" lon="-62.71778">
        <ele>126.0</ele>
        <time>2025-08-22T13:16:28Z</time>
      </trkpt>
      <trkpt lat="-32.619393" lon="-62.717865">
        <ele>131.3</ele>
        <time>2025-08-22T13:17:58Z</time>
      </trkpt>
      <trkpt lat="-32.613325" lon="-62.715816">
        <ele>134.1</ele>
        <time>2025-08-22T13:19:39Z</time>
      </trkpt>
      <trkpt lat="-32.608666" lon="-62.715008">
        <ele>126.1</ele>
        <time>2025-08-22T13:20:39Z</time>
      </trkpt>
      <trkpt lat="-32.608116" lon="-62.714747">
        <ele>126.9</ele>
        <time>2025-08-22T13:20:49Z</time>
      </trkpt>
      <trkpt lat="-32.608043" lon="-62.714355">
        <ele>126.7</ele>
        <time>2025-08-22T13:21:19Z</time>
      </trkpt>
      <trkpt lat="-32.60754" lon="-62.714977">
        <ele>125.7</ele>
        <time>2025-08-22T13:23:09Z</time>
      </trkpt>
      <trkpt lat="-32.607664" lon="-62.71529">
        <ele>127.4</ele>
        <time>2025-08-22T13:23:19Z</time>
      </trkpt>
      <trkpt lat="-32.608216" lon="-62.715233">
        <ele>125.7</ele>
        <time>2025-08-22T13:24:29Z</time>
      </trkpt>
      <trkpt lat="-32.603371" lon="-62.766457">
        <ele>136.6</ele>
        <time>2025-08-22T14:01:58Z</time>
      </trkpt>
      <trkpt lat="-32.603083" lon="-62.768135">
        <ele>135.9</ele>
        <time>2025-08-22T14:02:28Z</time>
      </trkpt>
      <trkpt lat="-32.592053" lon="-62.804139">
        <ele>136.2</ele>
        <time>2025-08-22T14:14:48Z</time>
      </trkpt>
      <trkpt lat="-32.591861" lon="-62.804061">
        <ele>140.7</ele>
        <time>2025-08-22T14:21:28Z</time>
      </trkpt>
      <trkpt lat="-32.591957" lon="-62.804182">
        <ele>138.0</ele>
        <time>2025-08-22T14:32:38Z</time>
      </trkpt>
      <trkpt lat="-32.587819" lon="-62.81755">
        <ele>137.7</ele>
        <time>2025-08-22T14:37:38Z</time>
      </trkpt>
      <trkpt lat="-32.584725" lon="-62.828751">
        <ele>138.1</ele>
        <time>2025-08-22T14:41:28Z</time>
      </trkpt>
      <trkpt lat="-32.585067" lon="-62.829462">
        <ele>139.1</ele>
        <time>2025-08-22T14:42:28Z</time>
      </trkpt>
      <trkpt lat="-32.584318" lon="-62.830032">
        <ele>138.6</ele>
        <time>2025-08-22T14:42:58Z</time>
      </trkpt>
      <trkpt lat="-32.583239" lon="-62.833246">
        <ele>137.0</ele>
        <time>2025-08-22T14:44:28Z</time>
      </trkpt>
      <trkpt lat="-32.583816" lon="-62.833219">
        <ele>138.2</ele>
        <time>2025-08-22T14:46:18Z</time>
      </trkpt>
      <trkpt lat="-32.583851" lon="-62.833346">
        <ele>137.8</ele>
        <time>2025-08-22T14:49:28Z</time>
      </trkpt>
      <trkpt lat="-32.583846" lon="-62.833205">
        <ele>134.2</ele>
        <time>2025-08-22T15:11:57Z</time>
      </trkpt>
      <trkpt lat="-32.583886" lon="-62.833424">
        <ele>134.7</ele>
        <time>2025-08-22T15:19:27Z</time>
      </trkpt>
      <trkpt lat="-32.583727" lon="-62.833281">
        <ele>135.4</ele>
        <time>2025-08-22T15:19:57Z</time>
      </trkpt>
      <trkpt lat="-32.583796" lon="-62.833176">
        <ele>135.0</ele>
        <time>2025-08-22T15:20:37Z</time>
      </trkpt>
      <trkpt lat="-32.583868" lon="-62.833414">
        <ele>133.8</ele>
        <time>2025-08-22T15:22:17Z</time>
      </trkpt>
      <trkpt lat="-32.583843" lon="-62.833181">
        <ele>131.8</ele>
        <time>2025-08-22T15:29:17Z</time>
      </trkpt>
      <trkpt lat="-32.583662" lon="-62.833394">
        <ele>133.3</ele>
        <time>2025-08-22T15:31:17Z</time>
      </trkpt>
      <trkpt lat="-32.583188" lon="-62.833349">
        <ele>131.6</ele>
        <time>2025-08-22T15:31:37Z</time>
      </trkpt>
      <trkpt lat="-32.579641" lon="-62.843924">
        <ele>135.7</ele>
        <time>2025-08-22T15:36:27Z</time>
      </trkpt>
      <trkpt lat="-32.539423" lon="-62.973464">
        <ele>146.4</ele>
        <time>2025-08-22T16:19:48Z</time>
      </trkpt>
      <trkpt lat="-32.537587" lon="-62.980009">
        <ele>146.3</ele>
        <time>2025-08-22T16:22:18Z</time>
      </trkpt>
      <trkpt lat="-32.538072" lon="-62.980182">
        <ele>147.0</ele>
        <time>2025-08-22T16:23:08Z</time>
      </trkpt>
      <trkpt lat="-32.538033" lon="-62.980476">
        <ele>146.2</ele>
        <time>2025-08-22T16:28:38Z</time>
      </trkpt>
      <trkpt lat="-32.53813" lon="-62.980194">
        <ele>146.0</ele>
        <time>2025-08-22T16:29:58Z</time>
      </trkpt>
      <trkpt lat="-32.537931" lon="-62.980299">
        <ele>144.3</ele>
        <time>2025-08-22T17:24:18Z</time>
      </trkpt>
      <trkpt lat="-32.538167" lon="-62.980257">
        <ele>162.0</ele>
        <time>2025-08-22T17:24:38Z</time>
      </trkpt>
      <trkpt lat="-32.538003" lon="-62.980235">
        <ele>161.7</ele>
        <time>2025-08-22T17:25:18Z</time>
      </trkpt>
      <trkpt lat="-32.538011" lon="-62.980562">
        <ele>161.6</ele>
        <time>2025-08-22T17:27:08Z</time>
      </trkpt>
      <trkpt lat="-32.538254" lon="-62.980714">
        <ele>160.9</ele>
        <time>2025-08-22T17:27:18Z</time>
      </trkpt>
      <trkpt lat="-32.538872" lon="-62.980749">
        <ele>160.4</ele>
        <time>2025-08-22T17:27:48Z</time>
      </trkpt>
      <trkpt lat="-32.538374" lon="-62.982167">
        <ele>160.7</ele>
        <time>2025-08-22T17:28:28Z</time>
      </trkpt>
      <trkpt lat="-32.538104" lon="-62.982089">
        <ele>161.1</ele>
        <time>2025-08-22T17:29:08Z</time>
      </trkpt>
      <trkpt lat="-32.538289" lon="-62.981972">
        <ele>161.6</ele>
        <time>2025-08-22T17:47:18Z</time>
      </trkpt>
      <trkpt lat="-32.538117" lon="-62.982123">
        <ele>157.3</ele>
        <time>2025-08-22T18:18:18Z</time>
      </trkpt>
      <trkpt lat="-32.537058" lon="-62.9818">
        <ele>157.5</ele>
        <time>2025-08-22T18:20:38Z</time>
      </trkpt>
      <trkpt lat="-32.53691" lon="-62.981894">
        <ele>155.8</ele>
        <time>2025-08-22T18:20:48Z</time>
      </trkpt>
      <trkpt lat="-32.530735" lon="-63.00191">
        <ele>159.6</ele>
        <time>2025-08-22T18:28:18Z</time>
      </trkpt>
      <trkpt lat="-32.529749" lon="-63.004458">
        <ele>160.0</ele>
        <time>2025-08-22T18:29:18Z</time>
      </trkpt>
      <trkpt lat="-32.504365" lon="-63.052092">
        <ele>163.7</ele>
        <time>2025-08-22T18:43:28Z</time>
      </trkpt>
      <trkpt lat="-32.48947" lon="-63.079089">
        <ele>166.2</ele>
        <time>2025-08-22T18:51:38Z</time>
      </trkpt>
      <trkpt lat="-32.466791" lon="-63.122214">
        <ele>174.9</ele>
        <time>2025-08-22T19:04:58Z</time>
      </trkpt>
      <trkpt lat="-32.466403" lon="-63.123076">
        <ele>175.6</ele>
        <time>2025-08-22T19:07:48Z</time>
      </trkpt>
      <trkpt lat="-32.466621" lon="-63.123006">
        <ele>173.4</ele>
        <time>2025-08-22T19:08:38Z</time>
      </trkpt>
      <trkpt lat="-32.466228" lon="-63.123267">
        <ele>175.3</ele>
        <time>2025-08-22T19:31:58Z</time>
      </trkpt>
      <trkpt lat="-32.46593" lon="-63.123812">
        <ele>175.2</ele>
        <time>2025-08-22T19:32:28Z</time>
      </trkpt>
      <trkpt lat="-32.428176" lon="-63.194069">
        <ele>180.7</ele>
        <time>2025-08-22T20:05:48Z</time>
      </trkpt>
      <trkpt lat="-32.418884" lon="-63.224273">
        <ele>184.0</ele>
        <time>2025-08-22T20:19:28Z</time>
      </trkpt>
      <trkpt lat="-32.416768" lon="-63.230593">
        <ele>182.3</ele>
        <time>2025-08-22T20:23:18Z</time>
      </trkpt>
      <trkpt lat="-32.41627" lon="-63.231586">
        <ele>182.7</ele>
        <time>2025-08-22T20:23:38Z</time>
      </trkpt>
      <trkpt lat="-32.415247" lon="-63.232703">
        <ele>181.9</ele>
        <time>2025-08-22T20:24:58Z</time>
      </trkpt>
      <trkpt lat="-32.411396" lon="-63.236154">
        <ele>182.3</ele>
        <time>2025-08-22T20:34:38Z</time>
      </trkpt>
      <trkpt lat="-32.411429" lon="-63.236309">
        <ele>182.1</ele>
        <time>2025-08-22T20:34:58Z</time>
      </trkpt>
      <trkpt lat="-32.411572" lon="-63.23615">
        <ele>181.0</ele>
        <time>2025-08-22T20:36:08Z</time>
      </trkpt>
      <trkpt lat="-32.411424" lon="-63.236022">
        <ele>177.4</ele>
        <time>2025-08-22T20:41:08Z</time>
      </trkpt>
      <trkpt lat="-32.411946" lon="-63.235516">
        <ele>176.9</ele>
        <time>2025-08-22T20:42:58Z</time>
      </trkpt>
      <trkpt lat="-32.412109" lon="-63.235668">
        <ele>177.7</ele>
        <time>2025-08-22T20:43:38Z</time>
      </trkpt>
      <trkpt lat="-32.415901" lon="-63.241647">
        <ele>180.7</ele>
        <time>2025-08-22T20:47:08Z</time>
      </trkpt>
      <trkpt lat="-32.416054" lon="-63.241697">
        <ele>180.6</ele>
        <time>2025-08-22T20:47:18Z</time>
      </trkpt>
      <trkpt lat="-32.416582" lon="-63.241295">
        <ele>181.2</ele>
        <time>2025-08-22T20:47:38Z</time>
      </trkpt>
      <trkpt lat="-32.417752" lon="-63.240155">
        <ele>180.3</ele>
        <time>2025-08-22T20:48:18Z</time>
      </trkpt>
      <trkpt lat="-32.418032" lon="-63.240422">
        <ele>180.7</ele>
        <time>2025-08-22T20:48:28Z</time>
      </trkpt>
      <trkpt lat="-32.420512" lon="-63.244266">
        <ele>182.3</ele>
        <time>2025-08-22T20:50:28Z</time>
      </trkpt>
      <trkpt lat="-32.420986" lon="-63.244672">
        <ele>180.7</ele>
        <time>2025-08-22T20:50:48Z</time>
      </trkpt>
      <trkpt lat="-32.421317" lon="-63.245536">
        <ele>180.8</ele>
        <time>2025-08-22T20:51:08Z</time>
      </trkpt>
      <trkpt lat="-32.421177" lon="-63.245853">
        <ele>181.6</ele>
        <time>2025-08-22T20:51:18Z</time>
      </trkpt>
      <trkpt lat="-32.42086" lon="-63.246008">
        <ele>181.6</ele>
        <time>2025-08-22T20:51:28Z</time>
      </trkpt>
      <trkpt lat="-32.421079" lon="-63.245908">
        <ele>176.4</ele>
        <time>2025-08-22T21:00:18Z</time>
      </trkpt>
      <trkpt lat="-32.420967" lon="-63.246043">
        <ele>175.0</ele>
        <time>2025-08-22T21:01:48Z</time>
      </trkpt>
      <trkpt lat="-32.420847" lon="-63.24595">
        <ele>175.2</ele>
        <time>2025-08-22T21:01:58Z</time>
      </trkpt>
      <trkpt lat="-32.420753" lon="-63.24529">
        <ele>176.7</ele>
        <time>2025-08-22T21:02:28Z</time>
      </trkpt>
      <trkpt lat="-32.420905" lon="-63.245142">
        <ele>177.2</ele>
        <time>2025-08-22T21:02:38Z</time>
      </trkpt>
      <trkpt lat="-32.423002" lon="-63.244307">
        <ele>177.6</ele>
        <time>2025-08-22T21:03:48Z</time>
      </trkpt>
      <trkpt lat="-32.423198" lon="-63.244447">
        <ele>176.9</ele>
        <time>2025-08-22T21:04:08Z</time>
      </trkpt>
      <trkpt lat="-32.423186" lon="-63.244333">
        <ele>177.1</ele>
        <time>2025-08-22T21:08:28Z</time>
      </trkpt>
      <trkpt lat="-32.422691" lon="-63.244564">
        <ele>174.1</ele>
        <time>2025-08-22T21:10:28Z</time>
      </trkpt>
      <trkpt lat="-32.422848" lon="-63.244556">
        <ele>174.4</ele>
        <time>2025-08-22T21:10:38Z</time>
      </trkpt>
      <trkpt lat="-32.42273" lon="-63.244716">
        <ele>173.3</ele>
        <time>2025-08-22T21:10:58Z</time>
      </trkpt>
      <trkpt lat="-32.42293" lon="-63.245228">
        <ele>171.6</ele>
        <time>2025-08-22T21:11:18Z</time>
      </trkpt>
      <trkpt lat="-32.423228" lon="-63.245457">
        <ele>172.2</ele>
        <time>2025-08-22T21:11:38Z</time>
      </trkpt>
      <trkpt lat="-32.423371" lon="-63.245138">
        <ele>171.7</ele>
        <time>2025-08-22T21:13:28Z</time>
      </trkpt>
      <trkpt lat="-32.423483" lon="-63.2452">
        <ele>172.3</ele>
        <time>2025-08-22T21:17:18Z</time>
      </trkpt>
      <trkpt lat="-32.423262" lon="-63.245112">
        <ele>172.7</ele>
        <time>2025-08-22T21:20:08Z</time>
      </trkpt>
      <trkpt lat="-32.42333" lon="-63.245315">
        <ele>172.8</ele>
        <time>2025-08-22T21:22:48Z</time>
      </trkpt>
      <trkpt lat="-32.423319" lon="-63.245123">
        <ele>172.8</ele>
        <time>2025-08-22T21:24:18Z</time>
      </trkpt>
      <trkpt lat="-32.423117" lon="-63.245086">
        <ele>172.7</ele>
        <time>2025-08-22T21:25:38Z</time>
      </trkpt>
      <trkpt lat="-32.423377" lon="-63.245348">
        <ele>166.5</ele>
        <time>2025-08-22T21:36:58Z</time>
      </trkpt>
      <trkpt lat="-32.423646" lon="-63.245078">
        <ele>173.5</ele>
        <time>2025-08-22T22:38:06Z</time>
      </trkpt>
      <trkpt lat="-32.423378" lon="-63.245276">
        <ele>199.6</ele>
        <time>2025-08-23T11:47:48Z</time>
      </trkpt>
      <trkpt lat="-32.423314" lon="-63.245153">
        <ele>202.6</ele>
        <time>2025-08-23T11:49:43Z</time>
      </trkpt>
      <trkpt lat="-32.423471" lon="-63.245284">
        <ele>201.9</ele>
        <time>2025-08-23T11:52:53Z</time>
      </trkpt>
      <trkpt lat="-32.423316" lon="-63.24506">
        <ele>202.1</ele>
        <time>2025-08-23T12:00:33Z</time>
      </trkpt>
      <trkpt lat="-32.423496" lon="-63.245238">
        <ele>200.9</ele>
        <time>2025-08-23T12:08:53Z</time>
      </trkpt>
      <trkpt lat="-32.42329" lon="-63.2451">
        <ele>199.6</ele>
        <time>2025-08-23T12:12:33Z</time>
      </trkpt>
      <trkpt lat="-32.423417" lon="-63.245317">
        <ele>199.5</ele>
        <time>2025-08-23T12:14:03Z</time>
      </trkpt>
      <trkpt lat="-32.42312" lon="-63.245454">
        <ele>198.5</ele>
        <time>2025-08-23T12:14:43Z</time>
      </trkpt>
      <trkpt lat="-32.422909" lon="-63.244831">
        <ele>199.4</ele>
        <time>2025-08-23T12:15:13Z</time>
      </trkpt>
      <trkpt lat="-32.423184" lon="-63.244458">
        <ele>201.9</ele>
        <time>2025-08-23T12:15:53Z</time>
      </trkpt>
      <trkpt lat="-32.422833" lon="-63.244553">
        <ele>201.0</ele>
        <time>2025-08-23T12:16:13Z</time>
      </trkpt>
      <trkpt lat="-32.422869" lon="-63.244919">
        <ele>198.9</ele>
        <time>2025-08-23T12:16:33Z</time>
      </trkpt>
      <trkpt lat="-32.423105" lon="-63.245433">
        <ele>198.5</ele>
        <time>2025-08-23T12:16:53Z</time>
      </trkpt>
      <trkpt lat="-32.423325" lon="-63.245397">
        <ele>198.0</ele>
        <time>2025-08-23T12:24:13Z</time>
      </trkpt>
      <trkpt lat="-32.423296" lon="-63.245572">
        <ele>197.7</ele>
        <time>2025-08-23T12:25:43Z</time>
      </trkpt>
      <trkpt lat="-32.423328" lon="-63.245436">
        <ele>198.0</ele>
        <time>2025-08-23T12:27:23Z</time>
      </trkpt>
      <trkpt lat="-32.423102" lon="-63.245456">
        <ele>197.7</ele>
        <time>2025-08-23T12:28:23Z</time>
      </trkpt>
      <trkpt lat="-32.422634" lon="-63.244231">
        <ele>197.4</ele>
        <time>2025-08-23T12:30:03Z</time>
      </trkpt>
      <trkpt lat="-32.423303" lon="-63.243994">
        <ele>202.1</ele>
        <time>2025-08-23T12:31:24Z</time>
      </trkpt>
      <trkpt lat="-32.421064" lon="-63.244972">
        <ele>201.9</ele>
        <time>2025-08-23T12:32:53Z</time>
      </trkpt>
      <trkpt lat="-32.420617" lon="-63.245102">
        <ele>201.5</ele>
        <time>2025-08-23T12:33:03Z</time>
      </trkpt>
      <trkpt lat="-32.42023" lon="-63.24494">
        <ele>199.2</ele>
        <time>2025-08-23T12:33:23Z</time>
      </trkpt>
      <trkpt lat="-32.420821" lon="-63.244514">
        <ele>199.0</ele>
        <time>2025-08-23T12:34:33Z</time>
      </trkpt>
      <trkpt lat="-32.421255" lon="-63.245251">
        <ele>196.3</ele>
        <time>2025-08-23T12:34:53Z</time>
      </trkpt>
      <trkpt lat="-32.421199" lon="-63.245831">
        <ele>198.0</ele>
        <time>2025-08-23T12:35:13Z</time>
      </trkpt>
      <trkpt lat="-32.409265" lon="-63.256473">
        <ele>201.8</ele>
        <time>2025-08-23T12:44:53Z</time>
      </trkpt>
      <trkpt lat="-32.408996" lon="-63.256408">
        <ele>202.3</ele>
        <time>2025-08-23T12:45:43Z</time>
      </trkpt>
      <trkpt lat="-32.405388" lon="-63.250893">
        <ele>201.8</ele>
        <time>2025-08-23T12:49:33Z</time>
      </trkpt>
      <trkpt lat="-32.404971" lon="-63.250745">
        <ele>201.2</ele>
        <time>2025-08-23T12:49:43Z</time>
      </trkpt>
      <trkpt lat="-32.402241" lon="-63.253124">
        <ele>201.5</ele>
        <time>2025-08-23T12:51:13Z</time>
      </trkpt>
      <trkpt lat="-32.401771" lon="-63.253876">
        <ele>201.6</ele>
        <time>2025-08-23T12:51:33Z</time>
      </trkpt>
      <trkpt lat="-32.392371" lon="-63.262321">
        <ele>204.2</ele>
        <time>2025-08-23T12:56:53Z</time>
      </trkpt>
      <trkpt lat="-32.294214" lon="-63.348937">
        <ele>222.2</ele>
        <time>2025-08-23T13:47:22Z</time>
      </trkpt>
      <trkpt lat="-32.291141" lon="-63.350554">
        <ele>221.8</ele>
        <time>2025-08-23T13:48:32Z</time>
      </trkpt>
      <trkpt lat="-32.287563" lon="-63.353554">
        <ele>220.7</ele>
        <time>2025-08-23T14:04:42Z</time>
      </trkpt>
      <trkpt lat="-32.287831" lon="-63.35436">
        <ele>221.7</ele>
        <time>2025-08-23T14:10:42Z</time>
      </trkpt>
      <trkpt lat="-32.28757" lon="-63.35433">
        <ele>222.0</ele>
        <time>2025-08-23T14:29:22Z</time>
      </trkpt>
      <trkpt lat="-32.287357" lon="-63.35455">
        <ele>221.2</ele>
        <time>2025-08-23T14:42:42Z</time>
      </trkpt>
      <trkpt lat="-32.287104" lon="-63.354271">
        <ele>220.7</ele>
        <time>2025-08-23T14:43:12Z</time>
      </trkpt>
      <trkpt lat="-32.286628" lon="-63.354544">
        <ele>221.0</ele>
        <time>2025-08-23T14:43:32Z</time>
      </trkpt>
      <trkpt lat="-32.283692" lon="-63.357149">
        <ele>221.8</ele>
        <time>2025-08-23T14:46:22Z</time>
      </trkpt>
      <trkpt lat="-32.283548" lon="-63.35777">
        <ele>221.8</ele>
        <time>2025-08-23T14:53:32Z</time>
      </trkpt>
      <trkpt lat="-32.283824" lon="-63.357441">
        <ele>221.4</ele>
        <time>2025-08-23T14:54:22Z</time>
      </trkpt>
      <trkpt lat="-32.283747" lon="-63.357536">
        <ele>222.1</ele>
        <time>2025-08-23T15:03:32Z</time>
      </trkpt>
      <trkpt lat="-32.283508" lon="-63.357297">
        <ele>221.8</ele>
        <time>2025-08-23T15:04:22Z</time>
      </trkpt>
      <trkpt lat="-32.282865" lon="-63.357834">
        <ele>222.5</ele>
        <time>2025-08-23T15:05:22Z</time>
      </trkpt>
      <trkpt lat="-32.280945" lon="-63.360657">
        <ele>222.8</ele>
        <time>2025-08-23T15:06:42Z</time>
      </trkpt>
      <trkpt lat="-32.168264" lon="-63.459853">
        <ele>243.1</ele>
        <time>2025-08-23T15:57:12Z</time>
      </trkpt>
      <trkpt lat="-32.167472" lon="-63.460472">
        <ele>243.7</ele>
        <time>2025-08-23T15:57:32Z</time>
      </trkpt>
      <trkpt lat="-32.166714" lon="-63.460532">
        <ele>242.9</ele>
        <time>2025-08-23T15:58:52Z</time>
      </trkpt>
      <trkpt lat="-32.165658" lon="-63.461063">
        <ele>243.6</ele>
        <time>2025-08-23T16:06:22Z</time>
      </trkpt>
      <trkpt lat="-32.160079" lon="-63.466008">
        <ele>248.0</ele>
        <time>2025-08-23T16:23:32Z</time>
      </trkpt>
      <trkpt lat="-32.16008" lon="-63.465543">
        <ele>247.4</ele>
        <time>2025-08-23T16:23:52Z</time>
      </trkpt>
      <trkpt lat="-32.159924" lon="-63.465443">
        <ele>248.0</ele>
        <time>2025-08-23T16:27:02Z</time>
      </trkpt>
      <trkpt lat="-32.160178" lon="-63.465445">
        <ele>248.7</ele>
        <time>2025-08-23T16:27:32Z</time>
      </trkpt>
      <trkpt lat="-32.160126" lon="-63.465347">
        <ele>248.5</ele>
        <time>2025-08-23T16:29:12Z</time>
      </trkpt>
      <trkpt lat="-32.160259" lon="-63.465834">
        <ele>248.5</ele>
        <time>2025-08-23T16:32:52Z</time>
      </trkpt>
      <trkpt lat="-32.156447" lon="-63.469297">
        <ele>249.8</ele>
        <time>2025-08-23T16:35:52Z</time>
      </trkpt>
      <trkpt lat="-32.155995" lon="-63.470571">
        <ele>249.2</ele>
        <time>2025-08-23T16:36:32Z</time>
      </trkpt>
      <trkpt lat="-32.155448" lon="-63.471108">
        <ele>249.2</ele>
        <time>2025-08-23T16:36:52Z</time>
      </trkpt>
      <trkpt lat="-32.047946" lon="-63.565508">
        <ele>269.7</ele>
        <time>2025-08-23T17:23:42Z</time>
      </trkpt>
      <trkpt lat="-32.046018" lon="-63.566384">
        <ele>270.2</ele>
        <time>2025-08-23T17:24:32Z</time>
      </trkpt>
      <trkpt lat="-32.045741" lon="-63.566213">
        <ele>270.3</ele>
        <time>2025-08-23T17:25:22Z</time>
      </trkpt>
      <trkpt lat="-32.045561" lon="-63.566331">
        <ele>271.7</ele>
        <time>2025-08-23T17:36:22Z</time>
      </trkpt>
      <trkpt lat="-32.045673" lon="-63.566182">
        <ele>271.9</ele>
        <time>2025-08-23T17:38:02Z</time>
      </trkpt>
      <trkpt lat="-32.045718" lon="-63.566325">
        <ele>272.3</ele>
        <time>2025-08-23T17:39:52Z</time>
      </trkpt>
      <trkpt lat="-32.044909" lon="-63.567117">
        <ele>273.4</ele>
        <time>2025-08-23T17:41:32Z</time>
      </trkpt>
      <trkpt lat="-32.038984" lon="-63.572249">
        <ele>273.7</ele>
        <time>2025-08-23T17:45:12Z</time>
      </trkpt>
      <trkpt lat="-32.038863" lon="-63.572417">
        <ele>274.1</ele>
        <time>2025-08-23T17:45:42Z</time>
      </trkpt>
      <trkpt lat="-32.039308" lon="-63.573086">
        <ele>274.9</ele>
        <time>2025-08-23T17:46:22Z</time>
      </trkpt>
      <trkpt lat="-32.038953" lon="-63.572588">
        <ele>274.9</ele>
        <time>2025-08-23T17:46:52Z</time>
      </trkpt>
      <trkpt lat="-32.039603" lon="-63.571773">
        <ele>274.4</ele>
        <time>2025-08-23T17:47:22Z</time>
      </trkpt>
      <trkpt lat="-32.03716" lon="-63.573824">
        <ele>274.0</ele>
        <time>2025-08-23T17:48:22Z</time>
      </trkpt>
      <trkpt lat="-32.036372" lon="-63.574572">
        <ele>274.5</ele>
        <time>2025-08-23T17:48:42Z</time>
      </trkpt>
      <trkpt lat="-32.035017" lon="-63.576754">
        <ele>274.4</ele>
        <time>2025-08-23T17:49:42Z</time>
      </trkpt>
      <trkpt lat="-32.034411" lon="-63.577354">
        <ele>274.2</ele>
        <time>2025-08-23T17:50:02Z</time>
      </trkpt>
      <trkpt lat="-32.031613" lon="-63.579793">
        <ele>274.6</ele>
        <time>2025-08-23T17:51:22Z</time>
      </trkpt>
      <trkpt lat="-32.030775" lon="-63.580313">
        <ele>274.3</ele>
        <time>2025-08-23T17:51:42Z</time>
      </trkpt>
      <trkpt lat="-32.02986" lon="-63.580449">
        <ele>274.6</ele>
        <time>2025-08-23T17:52:02Z</time>
      </trkpt>
      <trkpt lat="-32.02977" lon="-63.580956">
        <ele>275.2</ele>
        <time>2025-08-23T17:52:12Z</time>
      </trkpt>
      <trkpt lat="-32.030156" lon="-63.581021">
        <ele>275.0</ele>
        <time>2025-08-23T17:52:22Z</time>
      </trkpt>
      <trkpt lat="-32.030205" lon="-63.580519">
        <ele>275.0</ele>
        <time>2025-08-23T17:52:32Z</time>
      </trkpt>
      <trkpt lat="-32.029738" lon="-63.580549">
        <ele>275.0</ele>
        <time>2025-08-23T17:52:42Z</time>
      </trkpt>
      <trkpt lat="-32.029069" lon="-63.581782">
        <ele>274.8</ele>
        <time>2025-08-23T17:53:12Z</time>
      </trkpt>
      <trkpt lat="-32.027163" lon="-63.58373">
        <ele>275.5</ele>
        <time>2025-08-23T17:55:12Z</time>
      </trkpt>
      <trkpt lat="-31.961687" lon="-63.641135">
        <ele>286.3</ele>
        <time>2025-08-23T18:22:42Z</time>
      </trkpt>
      <trkpt lat="-31.850019" lon="-63.738825">
        <ele>294.5</ele>
        <time>2025-08-23T20:42:16Z</time>
      </trkpt>
      <trkpt lat="-31.846371" lon="-63.740661">
        <ele>294.6</ele>
        <time>2025-08-23T20:43:26Z</time>
      </trkpt>
      <trkpt lat="-31.845888" lon="-63.741052">
        <ele>294.3</ele>
        <time>2025-08-23T20:43:36Z</time>
      </trkpt>
      <trkpt lat="-31.839166" lon="-63.746963">
        <ele>294.2</ele>
        <time>2025-08-23T20:46:06Z</time>
      </trkpt>
      <trkpt lat="-31.837565" lon="-63.749702">
        <ele>293.6</ele>
        <time>2025-08-23T20:46:56Z</time>
      </trkpt>
      <trkpt lat="-31.836682" lon="-63.750501">
        <ele>293.8</ele>
        <time>2025-08-23T20:47:16Z</time>
      </trkpt>
      <trkpt lat="-31.8257" lon="-63.760085">
        <ele>297.2</ele>
        <time>2025-08-23T20:51:16Z</time>
      </trkpt>
      <trkpt lat="-31.823369" lon="-63.761934">
        <ele>296.7</ele>
        <time>2025-08-23T20:56:06Z</time>
      </trkpt>
      <trkpt lat="-31.821274" lon="-63.763959">
        <ele>297.5</ele>
        <time>2025-08-23T20:59:26Z</time>
      </trkpt>
      <trkpt lat="-31.787527" lon="-63.793432">
        <ele>302.6</ele>
        <time>2025-08-23T21:12:35Z</time>
      </trkpt>
      <trkpt lat="-31.786622" lon="-63.794198">
        <ele>303.2</ele>
        <time>2025-08-23T21:12:55Z</time>
      </trkpt>
      <trkpt lat="-31.784625" lon="-63.795075">
        <ele>304.5</ele>
        <time>2025-08-23T21:13:35Z</time>
      </trkpt>
      <trkpt lat="-31.783722" lon="-63.795739">
        <ele>305.1</ele>
        <time>2025-08-23T21:13:55Z</time>
      </trkpt>
      <trkpt lat="-31.772542" lon="-63.805541">
        <ele>307.4</ele>
        <time>2025-08-23T21:18:05Z</time>
      </trkpt>
      <trkpt lat="-31.772122" lon="-63.805992">
        <ele>307.7</ele>
        <time>2025-08-23T21:18:15Z</time>
      </trkpt>
      <trkpt lat="-31.771578" lon="-63.807153">
        <ele>308.1</ele>
        <time>2025-08-23T21:18:35Z</time>
      </trkpt>
      <trkpt lat="-31.770735" lon="-63.808077">
        <ele>308.5</ele>
        <time>2025-08-23T21:18:55Z</time>
      </trkpt>
      <trkpt lat="-31.70537" lon="-63.865084">
        <ele>326.0</ele>
        <time>2025-08-23T22:04:02Z</time>
      </trkpt>
      <trkpt lat="-31.703791" lon="-63.866306">
        <ele>326.7</ele>
        <time>2025-08-23T22:04:42Z</time>
      </trkpt>
      <trkpt lat="-31.70368" lon="-63.866552">
        <ele>326.9</ele>
        <time>2025-08-23T22:04:52Z</time>
      </trkpt>
      <trkpt lat="-31.702379" lon="-63.867328">
        <ele>327.2</ele>
        <time>2025-08-23T22:08:22Z</time>
      </trkpt>
      <trkpt lat="-31.700448" lon="-63.867926">
        <ele>327.5</ele>
        <time>2025-08-23T22:09:12Z</time>
      </trkpt>
      <trkpt lat="-31.700319" lon="-63.868764">
        <ele>326.2</ele>
        <time>2025-08-23T22:09:32Z</time>
      </trkpt>
      <trkpt lat="-31.699715" lon="-63.869773">
        <ele>326.6</ele>
        <time>2025-08-23T22:10:02Z</time>
      </trkpt>
      <trkpt lat="-31.698494" lon="-63.871053">
        <ele>327.5</ele>
        <time>2025-08-23T22:10:42Z</time>
      </trkpt>
      <trkpt lat="-31.697815" lon="-63.871394">
        <ele>327.6</ele>
        <time>2025-08-23T22:11:02Z</time>
      </trkpt>
      <trkpt lat="-31.692317" lon="-63.870292">
        <ele>328.2</ele>
        <time>2025-08-23T22:13:22Z</time>
      </trkpt>
      <trkpt lat="-31.691894" lon="-63.870367">
        <ele>328.2</ele>
        <time>2025-08-23T22:13:32Z</time>
      </trkpt>
      <trkpt lat="-31.685019" lon="-63.876324">
        <ele>331.2</ele>
        <time>2025-08-23T22:19:22Z</time>
      </trkpt>
      <trkpt lat="-31.684973" lon="-63.875798">
        <ele>331.2</ele>
        <time>2025-08-23T22:25:12Z</time>
      </trkpt>
      <trkpt lat="-31.685044" lon="-63.876055">
        <ele>324.1</ele>
        <time>2025-08-23T23:20:02Z</time>
      </trkpt>
      <trkpt lat="-31.684559" lon="-63.876321">
        <ele>323.5</ele>
        <time>2025-08-23T23:23:42Z</time>
      </trkpt>
      <trkpt lat="-31.684333" lon="-63.875864">
        <ele>321.7</ele>
        <time>2025-08-23T23:35:23Z</time>
      </trkpt>
      <trkpt lat="-31.684117" lon="-63.876069">
        <ele>332.3</ele>
        <time>2025-08-24T01:28:03Z</time>
      </trkpt>
      <trkpt lat="-31.684277" lon="-63.875962">
        <ele>331.5</ele>
        <time>2025-08-24T03:37:03Z</time>
      </trkpt>
      <trkpt lat="-31.684112" lon="-63.875815">
        <ele>333.3</ele>
        <time>2025-08-24T03:52:32Z</time>
      </trkpt>
      <trkpt lat="-31.684378" lon="-63.875885">
        <ele>329.6</ele>
        <time>2025-08-24T03:55:12Z</time>
      </trkpt>
      <trkpt lat="-31.684115" lon="-63.876053">
        <ele>332.8</ele>
        <time>2025-08-24T04:31:02Z</time>
      </trkpt>
      <trkpt lat="-31.684914" lon="-63.876282">
        <ele>332.8</ele>
        <time>2025-08-24T13:39:48Z</time>
      </trkpt>
      <trkpt lat="-31.684285" lon="-63.875905">
        <ele>333.1</ele>
        <time>2025-08-24T13:55:37Z</time>
      </trkpt>
      <trkpt lat="-31.684633" lon="-63.87653">
        <ele>333.5</ele>
        <time>2025-08-24T13:56:17Z</time>
      </trkpt>
      <trkpt lat="-31.684384" lon="-63.876848">
        <ele>333.6</ele>
        <time>2025-08-24T13:56:37Z</time>
      </trkpt>
      <trkpt lat="-31.669911" lon="-63.889379">
        <ele>340.7</ele>
        <time>2025-08-24T14:15:57Z</time>
      </trkpt>
      <trkpt lat="-31.668737" lon="-63.88971">
        <ele>341.5</ele>
        <time>2025-08-24T14:16:27Z</time>
      </trkpt>
      <trkpt lat="-31.665274" lon="-63.889436">
        <ele>342.4</ele>
        <time>2025-08-24T14:18:27Z</time>
      </trkpt>
      <trkpt lat="-31.664584" lon="-63.889765">
        <ele>340.6</ele>
        <time>2025-08-24T14:18:47Z</time>
      </trkpt>
      <trkpt lat="-31.647651" lon="-63.904738">
        <ele>345.5</ele>
        <time>2025-08-24T14:31:37Z</time>
      </trkpt>
      <trkpt lat="-31.647336" lon="-63.904923">
        <ele>345.9</ele>
        <time>2025-08-24T14:31:47Z</time>
      </trkpt>
      <trkpt lat="-31.64697" lon="-63.904893">
        <ele>345.9</ele>
        <time>2025-08-24T14:31:57Z</time>
      </trkpt>
      <trkpt lat="-31.646993" lon="-63.905269">
        <ele>345.5</ele>
        <time>2025-08-24T14:32:07Z</time>
      </trkpt>
      <trkpt lat="-31.647266" lon="-63.905043">
        <ele>346.4</ele>
        <time>2025-08-24T14:32:17Z</time>
      </trkpt>
      <trkpt lat="-31.646966" lon="-63.904877">
        <ele>345.8</ele>
        <time>2025-08-24T14:32:27Z</time>
      </trkpt>
      <trkpt lat="-31.646929" lon="-63.905321">
        <ele>345.6</ele>
        <time>2025-08-24T14:32:37Z</time>
      </trkpt>
      <trkpt lat="-31.647263" lon="-63.905087">
        <ele>346.5</ele>
        <time>2025-08-24T14:32:47Z</time>
      </trkpt>
      <trkpt lat="-31.646885" lon="-63.90495">
        <ele>346.3</ele>
        <time>2025-08-24T14:32:57Z</time>
      </trkpt>
      <trkpt lat="-31.646774" lon="-63.905433">
        <ele>345.8</ele>
        <time>2025-08-24T14:33:07Z</time>
      </trkpt>
      <trkpt lat="-31.64649" lon="-63.905722">
        <ele>346.3</ele>
        <time>2025-08-24T14:33:17Z</time>
      </trkpt>
      <trkpt lat="-31.640358" lon="-63.911029">
        <ele>348.6</ele>
        <time>2025-08-24T14:36:57Z</time>
      </trkpt>
      <trkpt lat="-31.640273" lon="-63.912408">
        <ele>348.7</ele>
        <time>2025-08-24T14:37:27Z</time>
      </trkpt>
      <trkpt lat="-31.640734" lon="-63.914604">
        <ele>349.7</ele>
        <time>2025-08-24T14:38:17Z</time>
      </trkpt>
      <trkpt lat="-31.640085" lon="-63.92186">
        <ele>353.4</ele>
        <time>2025-08-24T14:43:37Z</time>
      </trkpt>
      <trkpt lat="-31.639621" lon="-63.923054">
        <ele>354.5</ele>
        <time>2025-08-24T14:44:07Z</time>
      </trkpt>
      <trkpt lat="-31.638785" lon="-63.923998">
        <ele>355.3</ele>
        <time>2025-08-24T14:44:47Z</time>
      </trkpt>
      <trkpt lat="-31.576257" lon="-63.988461">
        <ele>367.5</ele>
        <time>2025-08-24T15:32:27Z</time>
      </trkpt>
      <trkpt lat="-31.571446" lon="-63.993359">
        <ele>372.2</ele>
        <time>2025-08-24T15:35:17Z</time>
      </trkpt>
      <trkpt lat="-31.570168" lon="-63.994368">
        <ele>373.0</ele>
        <time>2025-08-24T15:36:07Z</time>
      </trkpt>
      <trkpt lat="-31.567781" lon="-63.997129">
        <ele>377.7</ele>
        <time>2025-08-24T15:39:37Z</time>
      </trkpt>
      <trkpt lat="-31.567665" lon="-63.996963">
        <ele>377.5</ele>
        <time>2025-08-24T15:39:47Z</time>
      </trkpt>
      <trkpt lat="-31.562361" lon="-64.002552">
        <ele>383.5</ele>
        <time>2025-08-24T15:43:27Z</time>
      </trkpt>
      <trkpt lat="-31.560099" lon="-64.003796">
        <ele>385.2</ele>
        <time>2025-08-24T15:44:37Z</time>
      </trkpt>
      <trkpt lat="-31.555206" lon="-64.008795">
        <ele>390.6</ele>
        <time>2025-08-24T15:53:17Z</time>
      </trkpt>
      <trkpt lat="-31.555103" lon="-64.008735">
        <ele>391.1</ele>
        <time>2025-08-24T15:55:47Z</time>
      </trkpt>
      <trkpt lat="-31.555255" lon="-64.008816">
        <ele>390.9</ele>
        <time>2025-08-24T15:56:47Z</time>
      </trkpt>
      <trkpt lat="-31.555141" lon="-64.008774">
        <ele>391.4</ele>
        <time>2025-08-24T15:57:47Z</time>
      </trkpt>
      <trkpt lat="-31.551126" lon="-64.013189">
        <ele>395.8</ele>
        <time>2025-08-24T16:18:57Z</time>
      </trkpt>
      <trkpt lat="-31.549904" lon="-64.015394">
        <ele>397.7</ele>
        <time>2025-08-24T16:20:17Z</time>
      </trkpt>
      <trkpt lat="-31.54863" lon="-64.016924">
        <ele>398.9</ele>
        <time>2025-08-24T16:21:17Z</time>
      </trkpt>
      <trkpt lat="-31.514124" lon="-64.052458">
        <ele>410.2</ele>
        <time>2025-08-24T16:42:07Z</time>
      </trkpt>
      <trkpt lat="-31.513944" lon="-64.052377">
        <ele>410.3</ele>
        <time>2025-08-24T16:42:47Z</time>
      </trkpt>
      <trkpt lat="-31.513746" lon="-64.052844">
        <ele>410.1</ele>
        <time>2025-08-24T16:45:08Z</time>
      </trkpt>
      <trkpt lat="-31.508529" lon="-64.058236">
        <ele>413.9</ele>
        <time>2025-08-24T16:48:48Z</time>
      </trkpt>
      <trkpt lat="-31.45133" lon="-64.116984">
        <ele>413.3</ele>
        <time>2025-08-24T17:29:50Z</time>
      </trkpt>
      <trkpt lat="-31.448765" lon="-64.119115">
        <ele>413.5</ele>
        <time>2025-08-24T17:31:50Z</time>
      </trkpt>
      <trkpt lat="-31.448383" lon="-64.119836">
        <ele>414.4</ele>
        <time>2025-08-24T17:33:30Z</time>
      </trkpt>
      <trkpt lat="-31.446196" lon="-64.122141">
        <ele>416.7</ele>
        <time>2025-08-24T17:34:50Z</time>
      </trkpt>
      <trkpt lat="-31.445536" lon="-64.122391">
        <ele>417.1</ele>
        <time>2025-08-24T17:35:10Z</time>
      </trkpt>
      <trkpt lat="-31.443164" lon="-64.122431">
        <ele>418.0</ele>
        <time>2025-08-24T17:36:10Z</time>
      </trkpt>
      <trkpt lat="-31.442436" lon="-64.12291">
        <ele>418.4</ele>
        <time>2025-08-24T17:36:30Z</time>
      </trkpt>
      <trkpt lat="-31.441908" lon="-64.12419">
        <ele>418.8</ele>
        <time>2025-08-24T17:37:10Z</time>
      </trkpt>
      <trkpt lat="-31.442219" lon="-64.125808">
        <ele>419.1</ele>
        <time>2025-08-24T17:38:10Z</time>
      </trkpt>
      <trkpt lat="-31.441833" lon="-64.126604">
        <ele>419.0</ele>
        <time>2025-08-24T17:38:30Z</time>
      </trkpt>
      <trkpt lat="-31.44112" lon="-64.127174">
        <ele>418.9</ele>
        <time>2025-08-24T17:38:50Z</time>
      </trkpt>
      <trkpt lat="-31.44003" lon="-64.127511">
        <ele>419.1</ele>
        <time>2025-08-24T17:39:20Z</time>
      </trkpt>
      <trkpt lat="-31.43854" lon="-64.128227">
        <ele>419.8</ele>
        <time>2025-08-24T17:40:20Z</time>
      </trkpt>
      <trkpt lat="-31.438321" lon="-64.128504">
        <ele>420.3</ele>
        <time>2025-08-24T17:45:09Z</time>
      </trkpt>
      <trkpt lat="-31.438353" lon="-64.128295">
        <ele>422.3</ele>
        <time>2025-08-24T17:50:19Z</time>
      </trkpt>
      <trkpt lat="-31.438488" lon="-64.128383">
        <ele>422.3</ele>
        <time>2025-08-24T17:51:09Z</time>
      </trkpt>
      <trkpt lat="-31.438201" lon="-64.128482">
        <ele>422.4</ele>
        <time>2025-08-24T17:52:49Z</time>
      </trkpt>
      <trkpt lat="-31.438381" lon="-64.12852">
        <ele>423.1</ele>
        <time>2025-08-24T17:54:09Z</time>
      </trkpt>
      <trkpt lat="-31.43842" lon="-64.128376">
        <ele>423.6</ele>
        <time>2025-08-24T17:56:19Z</time>
      </trkpt>
      <trkpt lat="-31.438297" lon="-64.128439">
        <ele>424.0</ele>
        <time>2025-08-24T17:56:59Z</time>
      </trkpt>
      <trkpt lat="-31.438474" lon="-64.128336">
        <ele>423.7</ele>
        <time>2025-08-24T17:58:29Z</time>
      </trkpt>
      <trkpt lat="-31.438155" lon="-64.128565">
        <ele>423.6</ele>
        <time>2025-08-24T18:09:49Z</time>
      </trkpt>
      <trkpt lat="-31.437938" lon="-64.128454">
        <ele>425.0</ele>
        <time>2025-08-24T18:14:29Z</time>
      </trkpt>
      <trkpt lat="-31.436211" lon="-64.12987">
        <ele>426.7</ele>
        <time>2025-08-24T18:16:19Z</time>
      </trkpt>
      <trkpt lat="-31.433971" lon="-64.132271">
        <ele>428.0</ele>
        <time>2025-08-24T18:17:59Z</time>
      </trkpt>
      <trkpt lat="-31.432797" lon="-64.134606">
        <ele>429.3</ele>
        <time>2025-08-24T18:19:09Z</time>
      </trkpt>
      <trkpt lat="-31.431589" lon="-64.138858">
        <ele>431.7</ele>
        <time>2025-08-24T18:21:19Z</time>
      </trkpt>
      <trkpt lat="-31.431783" lon="-64.139469">
        <ele>432.8</ele>
        <time>2025-08-24T18:21:49Z</time>
      </trkpt>
      <trkpt lat="-31.432443" lon="-64.14026">
        <ele>434.8</ele>
        <time>2025-08-24T18:22:19Z</time>
      </trkpt>
      <trkpt lat="-31.432745" lon="-64.14099">
        <ele>433.6</ele>
        <time>2025-08-24T18:22:39Z</time>
      </trkpt>
      <trkpt lat="-31.43278" lon="-64.143328">
        <ele>433.6</ele>
        <time>2025-08-24T18:24:59Z</time>
      </trkpt>
      <trkpt lat="-31.433232" lon="-64.145852">
        <ele>434.2</ele>
        <time>2025-08-24T18:26:09Z</time>
      </trkpt>
      <trkpt lat="-31.433266" lon="-64.14955">
        <ele>437.9</ele>
        <time>2025-08-24T18:28:09Z</time>
      </trkpt>
      <trkpt lat="-31.433014" lon="-64.151688">
        <ele>438.6</ele>
        <time>2025-08-24T18:29:19Z</time>
      </trkpt>
      <trkpt lat="-31.433021" lon="-64.160392">
        <ele>444.3</ele>
        <time>2025-08-24T18:34:09Z</time>
      </trkpt>
      <trkpt lat="-31.432892" lon="-64.161222">
        <ele>443.5</ele>
        <time>2025-08-24T18:34:29Z</time>
      </trkpt>
      <trkpt lat="-31.431279" lon="-64.164676">
        <ele>444.7</ele>
        <time>2025-08-24T18:37:29Z</time>
      </trkpt>
      <trkpt lat="-31.430605" lon="-64.167501">
        <ele>437.4</ele>
        <time>2025-08-24T18:38:19Z</time>
      </trkpt>
      <trkpt lat="-31.429443" lon="-64.169837">
        <ele>434.7</ele>
        <time>2025-08-24T18:38:59Z</time>
      </trkpt>
      <trkpt lat="-31.423536" lon="-64.175736">
        <ele>425.4</ele>
        <time>2025-08-24T18:45:49Z</time>
      </trkpt>
      <trkpt lat="-31.422709" lon="-64.17831">
        <ele>423.6</ele>
        <time>2025-08-24T18:48:09Z</time>
      </trkpt>
      <trkpt lat="-31.420435" lon="-64.18755">
        <ele>425.2</ele>
        <time>2025-08-24T18:53:09Z</time>
      </trkpt>
      <trkpt lat="-31.419949" lon="-64.188743">
        <ele>424.6</ele>
        <time>2025-08-24T18:54:19Z</time>
      </trkpt>
      <trkpt lat="-31.419075" lon="-64.192687">
        <ele>431.7</ele>
        <time>2025-08-24T18:56:49Z</time>
      </trkpt>
      <trkpt lat="-31.41762" lon="-64.192172">
        <ele>425.3</ele>
        <time>2025-08-24T18:57:39Z</time>
      </trkpt>
      <trkpt lat="-31.417501" lon="-64.191895">
        <ele>424.7</ele>
        <time>2025-08-24T18:58:09Z</time>
      </trkpt>
      <trkpt lat="-31.416879" lon="-64.191652">
        <ele>424.9</ele>
        <time>2025-08-24T18:58:49Z</time>
      </trkpt>
      <trkpt lat="-31.416982" lon="-64.191033">
        <ele>424.5</ele>
        <time>2025-08-24T18:59:19Z</time>
      </trkpt>
      <trkpt lat="-31.417218" lon="-64.191028">
        <ele>424.5</ele>
        <time>2025-08-24T18:59:29Z</time>
      </trkpt>
      <trkpt lat="-31.417307" lon="-64.191273">
        <ele>424.6</ele>
        <time>2025-08-24T18:59:39Z</time>
      </trkpt>
      <trkpt lat="-31.417162" lon="-64.191481">
        <ele>424.6</ele>
        <time>2025-08-24T18:59:49Z</time>
      </trkpt>
      <trkpt lat="-31.416931" lon="-64.191418">
        <ele>424.5</ele>
        <time>2025-08-24T18:59:59Z</time>
      </trkpt>
      <trkpt lat="-31.416907" lon="-64.191138">
        <ele>425.2</ele>
        <time>2025-08-24T19:00:49Z</time>
      </trkpt>
      <trkpt lat="-31.417131" lon="-64.190994">
        <ele>425.0</ele>
        <time>2025-08-24T19:00:59Z</time>
      </trkpt>
      <trkpt lat="-31.417302" lon="-64.191142">
        <ele>424.8</ele>
        <time>2025-08-24T19:01:09Z</time>
      </trkpt>
      <trkpt lat="-31.417214" lon="-64.191425">
        <ele>424.9</ele>
        <time>2025-08-24T19:01:19Z</time>
      </trkpt>
      <trkpt lat="-31.416942" lon="-64.191431">
        <ele>424.6</ele>
        <time>2025-08-24T19:01:29Z</time>
      </trkpt>
      <trkpt lat="-31.416869" lon="-64.191201">
        <ele>424.6</ele>
        <time>2025-08-24T19:01:39Z</time>
      </trkpt>
      <trkpt lat="-31.417028" lon="-64.190976">
        <ele>424.6</ele>
        <time>2025-08-24T19:01:49Z</time>
      </trkpt>
      <trkpt lat="-31.417248" lon="-64.191041">
        <ele>424.7</ele>
        <time>2025-08-24T19:01:59Z</time>
      </trkpt>
      <trkpt lat="-31.417313" lon="-64.191331">
        <ele>424.7</ele>
        <time>2025-08-24T19:02:09Z</time>
      </trkpt>
      <trkpt lat="-31.417102" lon="-64.191499">
        <ele>424.8</ele>
        <time>2025-08-24T19:02:19Z</time>
      </trkpt>
      <trkpt lat="-31.416866" lon="-64.19134">
        <ele>424.9</ele>
        <time>2025-08-24T19:02:29Z</time>
      </trkpt>
      <trkpt lat="-31.416922" lon="-64.191051">
        <ele>424.8</ele>
        <time>2025-08-24T19:02:39Z</time>
      </trkpt>
      <trkpt lat="-31.417293" lon="-64.191131">
        <ele>425.0</ele>
        <time>2025-08-24T19:06:39Z</time>
      </trkpt>
      <trkpt lat="-31.417173" lon="-64.191113">
        <ele>425.4</ele>
        <time>2025-08-24T19:13:19Z</time>
      </trkpt>
      <trkpt lat="-31.417257" lon="-64.190882">
        <ele>426.2</ele>
        <time>2025-08-24T19:22:49Z</time>
      </trkpt>
      <trkpt lat="-31.417273" lon="-64.191125">
        <ele>427.2</ele>
        <time>2025-08-24T19:30:39Z</time>
      </trkpt>
      <trkpt lat="-31.417207" lon="-64.190961">
        <ele>428.8</ele>
        <time>2025-08-24T19:53:09Z</time>
      </trkpt>
      <trkpt lat="-31.417253" lon="-64.191122">
        <ele>428.9</ele>
        <time>2025-08-24T19:58:19Z</time>
      </trkpt>
      <trkpt lat="-31.41716" lon="-64.191028">
        <ele>428.8</ele>
        <time>2025-08-24T20:08:40Z</time>
      </trkpt>
      <trkpt lat="-31.417272" lon="-64.191097">
        <ele>428.8</ele>
        <time>2025-08-24T20:12:50Z</time>
      </trkpt>
      <trkpt lat="-31.41624" lon="-64.191679">
        <ele>429.8</ele>
        <time>2025-08-24T20:21:10Z</time>
      </trkpt>
      <trkpt lat="-31.41538" lon="-64.191963">
        <ele>429.3</ele>
        <time>2025-08-24T20:24:10Z</time>
      </trkpt>
      <trkpt lat="-31.415649" lon="-64.192348">
        <ele>429.7</ele>
        <time>2025-08-24T20:25:10Z</time>
      </trkpt>
      <trkpt lat="-31.416056" lon="-64.191859">
        <ele>430.4</ele>
        <time>2025-08-24T20:26:20Z</time>
      </trkpt>
      <trkpt lat="-31.415968" lon="-64.192495">
        <ele>430.9</ele>
        <time>2025-08-24T20:27:20Z</time>
      </trkpt>
      <trkpt lat="-31.415659" lon="-64.192743">
        <ele>430.1</ele>
        <time>2025-08-24T20:34:40Z</time>
      </trkpt>
      <trkpt lat="-31.415916" lon="-64.19193">
        <ele>404.8</ele>
        <time>2025-08-24T21:23:29Z</time>
      </trkpt>
      <trkpt lat="-31.416055" lon="-64.19228">
        <ele>402.2</ele>
        <time>2025-08-24T21:23:48Z</time>
      </trkpt>
      <trkpt lat="-31.415969" lon="-64.192585">
        <ele>402.1</ele>
        <time>2025-08-24T21:24:08Z</time>
      </trkpt>
      <trkpt lat="-31.415746" lon="-64.192478">
        <ele>402.5</ele>
        <time>2025-08-24T21:26:28Z</time>
      </trkpt>
      <trkpt lat="-31.415711" lon="-64.192654">
        <ele>401.8</ele>
        <time>2025-08-24T21:29:28Z</time>
      </trkpt>
      <trkpt lat="-31.415702" lon="-64.192424">
        <ele>401.9</ele>
        <time>2025-08-24T21:36:15Z</time>
      </trkpt>
      <trkpt lat="-31.415916" lon="-64.192652">
        <ele>400.9</ele>
        <time>2025-08-24T21:39:25Z</time>
      </trkpt>
      <trkpt lat="-31.416365" lon="-64.191433">
        <ele>401.4</ele>
        <time>2025-08-24T21:41:25Z</time>
      </trkpt>
      <trkpt lat="-31.416202" lon="-64.190502">
        <ele>400.6</ele>
        <time>2025-08-24T21:42:25Z</time>
      </trkpt>
      <trkpt lat="-31.413047" lon="-64.191549">
        <ele>398.8</ele>
        <time>2025-08-24T21:44:35Z</time>
      </trkpt>
      <trkpt lat="-31.412339" lon="-64.19153">
        <ele>398.7</ele>
        <time>2025-08-24T21:45:25Z</time>
      </trkpt>
      <trkpt lat="-31.407919" lon="-64.189779">
        <ele>395.5</ele>
        <time>2025-08-24T21:49:45Z</time>
      </trkpt>
      <trkpt lat="-31.407257" lon="-64.188101">
        <ele>394.5</ele>
        <time>2025-08-24T21:54:25Z</time>
      </trkpt>
      <trkpt lat="-31.405882" lon="-64.1877">
        <ele>395.3</ele>
        <time>2025-08-24T21:55:25Z</time>
      </trkpt>
      <trkpt lat="-31.403411" lon="-64.187408">
        <ele>404.6</ele>
        <time>2025-08-24T21:57:55Z</time>
      </trkpt>
      <trkpt lat="-31.3972" lon="-64.185012">
        <ele>423.0</ele>
        <time>2025-08-24T22:03:35Z</time>
      </trkpt>
      <trkpt lat="-31.39568" lon="-64.189988">
        <ele>424.4</ele>
        <time>2025-08-24T22:07:15Z</time>
      </trkpt>
      <trkpt lat="-31.390454" lon="-64.187937">
        <ele>424.6</ele>
        <time>2025-08-24T22:10:45Z</time>
      </trkpt>
      <trkpt lat="-31.390659" lon="-64.18752">
        <ele>423.6</ele>
        <time>2025-08-24T22:25:34Z</time>
      </trkpt>
      <trkpt lat="-31.390555" lon="-64.187578">
        <ele>422.8</ele>
        <time>2025-08-24T22:28:05Z</time>
      </trkpt>
      <trkpt lat="-31.390682" lon="-64.187682">
        <ele>423.1</ele>
        <time>2025-08-24T22:40:35Z</time>
      </trkpt>
      <trkpt lat="-31.390535" lon="-64.187516">
        <ele>419.6</ele>
        <time>2025-08-24T23:13:45Z</time>
      </trkpt>
      <trkpt lat="-31.390647" lon="-64.187621">
        <ele>419.4</ele>
        <time>2025-08-24T23:20:05Z</time>
      </trkpt>
      <trkpt lat="-31.39045" lon="-64.187915">
        <ele>419.1</ele>
        <time>2025-08-24T23:22:15Z</time>
      </trkpt>
      <trkpt lat="-31.389211" lon="-64.187409">
        <ele>418.4</ele>
        <time>2025-08-24T23:23:15Z</time>
      </trkpt>
      <trkpt lat="-31.389428" lon="-64.186742">
        <ele>418.6</ele>
        <time>2025-08-24T23:23:25Z</time>
      </trkpt>
      <trkpt lat="-31.389887" lon="-64.186154">
        <ele>418.2</ele>
        <time>2025-08-24T23:23:35Z</time>
      </trkpt>
      <trkpt lat="-31.391404" lon="-64.186906">
        <ele>418.4</ele>
        <time>2025-08-24T23:23:55Z</time>
      </trkpt>
      <trkpt lat="-31.391738" lon="-64.186715">
        <ele>417.7</ele>
        <time>2025-08-24T23:24:05Z</time>
      </trkpt>
      <trkpt lat="-31.396182" lon="-64.172403">
        <ele>414.0</ele>
        <time>2025-08-24T23:28:45Z</time>
      </trkpt>
      <trkpt lat="-31.396508" lon="-64.172109">
        <ele>413.5</ele>
        <time>2025-08-24T23:28:55Z</time>
      </trkpt>
      <trkpt lat="-31.399881" lon="-64.17364">
        <ele>413.7</ele>
        <time>2025-08-24T23:29:45Z</time>
      </trkpt>
      <trkpt lat="-31.40068" lon="-64.173391">
        <ele>413.8</ele>
        <time>2025-08-24T23:29:55Z</time>
      </trkpt>
      <trkpt lat="-31.404971" lon="-64.171797">
        <ele>408.6</ele>
        <time>2025-08-24T23:30:55Z</time>
      </trkpt>
      <trkpt lat="-31.404529" lon="-64.170159">
        <ele>407.9</ele>
        <time>2025-08-24T23:31:35Z</time>
      </trkpt>
      <trkpt lat="-31.40476" lon="-64.169821">
        <ele>410.2</ele>
        <time>2025-08-24T23:33:25Z</time>
      </trkpt>
      <trkpt lat="-31.404713" lon="-64.169581">
        <ele>409.5</ele>
        <time>2025-08-24T23:34:45Z</time>
      </trkpt>
      <trkpt lat="-31.404547" lon="-64.170166">
        <ele>407.8</ele>
        <time>2025-08-24T23:35:45Z</time>
      </trkpt>
      <trkpt lat="-31.403806" lon="-64.170281">
        <ele>408.7</ele>
        <time>2025-08-24T23:36:05Z</time>
      </trkpt>
      <trkpt lat="-31.40356" lon="-64.170572">
        <ele>410.5</ele>
        <time>2025-08-24T23:36:15Z</time>
      </trkpt>
      <trkpt lat="-31.405048" lon="-64.175739">
        <ele>398.7</ele>
        <time>2025-08-24T23:37:35Z</time>
      </trkpt>
      <trkpt lat="-31.40544" lon="-64.175841">
        <ele>396.8</ele>
        <time>2025-08-24T23:37:45Z</time>
      </trkpt>
      <trkpt lat="-31.406266" lon="-64.176928">
        <ele>388.8</ele>
        <time>2025-08-24T23:38:05Z</time>
      </trkpt>
      <trkpt lat="-31.410244" lon="-64.178634">
        <ele>383.6</ele>
        <time>2025-08-24T23:38:45Z</time>
      </trkpt>
      <trkpt lat="-31.410918" lon="-64.179087">
        <ele>384.4</ele>
        <time>2025-08-24T23:38:55Z</time>
      </trkpt>
      <trkpt lat="-31.406666" lon="-64.193436">
        <ele>388.7</ele>
        <time>2025-08-24T23:41:15Z</time>
      </trkpt>
      <trkpt lat="-31.406723" lon="-64.194092">
        <ele>388.6</ele>
        <time>2025-08-24T23:41:25Z</time>
      </trkpt>
      <trkpt lat="-31.409093" lon="-64.195038">
        <ele>388.1</ele>
        <time>2025-08-24T23:42:25Z</time>
      </trkpt>
      <trkpt lat="-31.409824" lon="-64.195148">
        <ele>388.2</ele>
        <time>2025-08-24T23:43:35Z</time>
      </trkpt>
      <trkpt lat="-31.409963" lon="-64.195533">
        <ele>388.5</ele>
        <time>2025-08-24T23:43:45Z</time>
      </trkpt>
      <trkpt lat="-31.405553" lon="-64.210515">
        <ele>401.5</ele>
        <time>2025-08-24T23:46:45Z</time>
      </trkpt>
      <trkpt lat="-31.395646" lon="-64.241546">
        <ele>433.4</ele>
        <time>2025-08-24T23:53:44Z</time>
      </trkpt>
      <trkpt lat="-31.395677" lon="-64.241786">
        <ele>432.2</ele>
        <time>2025-08-24T23:53:54Z</time>
      </trkpt>
      <trkpt lat="-31.395882" lon="-64.241813">
        <ele>431.0</ele>
        <time>2025-08-24T23:54:24Z</time>
      </trkpt>
      <trkpt lat="-31.396127" lon="-64.241603">
        <ele>430.2</ele>
        <time>2025-08-24T23:54:34Z</time>
      </trkpt>
      <trkpt lat="-31.396113" lon="-64.241291">
        <ele>429.6</ele>
        <time>2025-08-24T23:54:54Z</time>
      </trkpt>
      <trkpt lat="-31.395915" lon="-64.241726">
        <ele>430.7</ele>
        <time>2025-08-24T23:56:04Z</time>
      </trkpt>
      <trkpt lat="-31.395675" lon="-64.241424">
        <ele>432.9</ele>
        <time>2025-08-24T23:57:04Z</time>
      </trkpt>
      <trkpt lat="-31.396138" lon="-64.241399">
        <ele>432.7</ele>
        <time>2025-08-25T00:02:14Z</time>
      </trkpt>
      <trkpt lat="-31.395854" lon="-64.241549">
        <ele>433.2</ele>
        <time>2025-08-25T00:14:44Z</time>
      </trkpt>
      <trkpt lat="-31.395776" lon="-64.241368">
        <ele>433.2</ele>
        <time>2025-08-25T00:21:14Z</time>
      </trkpt>
      <trkpt lat="-31.396077" lon="-64.241503">
        <ele>431.0</ele>
        <time>2025-08-25T00:33:04Z</time>
      </trkpt>
      <trkpt lat="-31.395631" lon="-64.241526">
        <ele>430.0</ele>
        <time>2025-08-25T00:35:04Z</time>
      </trkpt>
      <trkpt lat="-31.39578" lon="-64.241676">
        <ele>429.0</ele>
        <time>2025-08-25T00:35:14Z</time>
      </trkpt>
      <trkpt lat="-31.396156" lon="-64.241409">
        <ele>427.0</ele>
        <time>2025-08-25T00:35:44Z</time>
      </trkpt>
      <trkpt lat="-31.396091" lon="-64.241251">
        <ele>426.7</ele>
        <time>2025-08-25T00:36:14Z</time>
      </trkpt>
      <trkpt lat="-31.395935" lon="-64.241682">
        <ele>428.3</ele>
        <time>2025-08-25T00:36:54Z</time>
      </trkpt>
      <trkpt lat="-31.395711" lon="-64.241449">
        <ele>430.1</ele>
        <time>2025-08-25T00:37:24Z</time>
      </trkpt>
      <trkpt lat="-31.396053" lon="-64.241517">
        <ele>430.5</ele>
        <time>2025-08-25T00:40:44Z</time>
      </trkpt>
      <trkpt lat="-31.406454" lon="-64.207626">
        <ele>401.6</ele>
        <time>2025-08-25T03:12:34Z</time>
      </trkpt>
      <trkpt lat="-31.411248" lon="-64.191099">
        <ele>394.8</ele>
        <time>2025-08-25T03:14:54Z</time>
      </trkpt>
      <trkpt lat="-31.407866" lon="-64.189748">
        <ele>392.1</ele>
        <time>2025-08-25T03:15:44Z</time>
      </trkpt>
      <trkpt lat="-31.407325" lon="-64.188413">
        <ele>391.5</ele>
        <time>2025-08-25T03:16:14Z</time>
      </trkpt>
      <trkpt lat="-31.406682" lon="-64.187962">
        <ele>392.4</ele>
        <time>2025-08-25T03:16:24Z</time>
      </trkpt>
      <trkpt lat="-31.404035" lon="-64.187571">
        <ele>398.1</ele>
        <time>2025-08-25T03:17:04Z</time>
      </trkpt>
      <trkpt lat="-31.401743" lon="-64.186868">
        <ele>413.0</ele>
        <time>2025-08-25T03:17:44Z</time>
      </trkpt>
      <trkpt lat="-31.398337" lon="-64.18551">
        <ele>420.5</ele>
        <time>2025-08-25T03:19:04Z</time>
      </trkpt>
      <trkpt lat="-31.396963" lon="-64.189795">
        <ele>423.1</ele>
        <time>2025-08-25T03:19:54Z</time>
      </trkpt>
      <trkpt lat="-31.396566" lon="-64.19052">
        <ele>422.6</ele>
        <time>2025-08-25T03:20:04Z</time>
      </trkpt>
      <trkpt lat="-31.390927" lon="-64.188141">
        <ele>422.5</ele>
        <time>2025-08-25T03:21:24Z</time>
      </trkpt>
      <trkpt lat="-31.390689" lon="-64.187985">
        <ele>422.6</ele>
        <time>2025-08-25T03:22:34Z</time>
      </trkpt>
      <trkpt lat="-31.390867" lon="-64.187548">
        <ele>422.4</ele>
        <time>2025-08-25T03:23:14Z</time>
      </trkpt>
      <trkpt lat="-31.390754" lon="-64.187968">
        <ele>422.6</ele>
        <time>2025-08-25T03:24:04Z</time>
      </trkpt>
      <trkpt lat="-31.390372" lon="-64.187951">
        <ele>422.7</ele>
        <time>2025-08-25T03:24:44Z</time>
      </trkpt>
      <trkpt lat="-31.390574" lon="-64.187517">
        <ele>423.5</ele>
        <time>2025-08-25T03:29:04Z</time>
      </trkpt>
      <trkpt lat="-31.39065" lon="-64.187654">
        <ele>423.3</ele>
        <time>2025-08-25T03:38:04Z</time>
      </trkpt>
      <trkpt lat="-31.390561" lon="-64.187579">
        <ele>422.3</ele>
        <time>2025-08-25T04:20:24Z</time>
      </trkpt>
      <trkpt lat="-31.390292" lon="-64.187943">
        <ele>425.4</ele>
        <time>2025-08-25T11:30:59Z</time>
      </trkpt>
      <trkpt lat="-31.391224" lon="-64.188137">
        <ele>425.4</ele>
        <time>2025-08-25T11:32:38Z</time>
      </trkpt>
      <trkpt lat="-31.395004" lon="-64.176118">
        <ele>420.3</ele>
        <time>2025-08-25T11:41:59Z</time>
      </trkpt>
      <trkpt lat="-31.39485" lon="-64.175887">
        <ele>420.3</ele>
        <time>2025-08-25T11:42:09Z</time>
      </trkpt>
      <trkpt lat="-31.39269" lon="-64.17587">
        <ele>421.5</ele>
        <time>2025-08-25T11:46:39Z</time>
      </trkpt>
      <trkpt lat="-31.39519" lon="-64.167709">
        <ele>420.1</ele>
        <time>2025-08-25T11:51:09Z</time>
      </trkpt>
      <trkpt lat="-31.378433" lon="-64.152837">
        <ele>419.5</ele>
        <time>2025-08-25T12:03:49Z</time>
      </trkpt>
      <trkpt lat="-31.364881" lon="-64.147629">
        <ele>417.8</ele>
        <time>2025-08-25T12:15:18Z</time>
      </trkpt>
      <trkpt lat="-31.360228" lon="-64.147477">
        <ele>420.8</ele>
        <time>2025-08-25T12:17:28Z</time>
      </trkpt>
      <trkpt lat="-31.357754" lon="-64.147642">
        <ele>421.0</ele>
        <time>2025-08-25T12:18:58Z</time>
      </trkpt>
      <trkpt lat="-31.321018" lon="-64.147368">
        <ele>437.4</ele>
        <time>2025-08-25T12:38:28Z</time>
      </trkpt>
      <trkpt lat="-31.320635" lon="-64.147153">
        <ele>437.9</ele>
        <time>2025-08-25T12:38:38Z</time>
      </trkpt>
      <trkpt lat="-31.320196" lon="-64.146233">
        <ele>438.2</ele>
        <time>2025-08-25T12:38:58Z</time>
      </trkpt>
      <trkpt lat="-31.317237" lon="-64.136719">
        <ele>437.6</ele>
        <time>2025-08-25T12:41:38Z</time>
      </trkpt>
      <trkpt lat="-31.31688" lon="-64.136339">
        <ele>437.8</ele>
        <time>2025-08-25T12:41:48Z</time>
      </trkpt>
      <trkpt lat="-31.314912" lon="-64.136183">
        <ele>437.9</ele>
        <time>2025-08-25T12:42:28Z</time>
      </trkpt>
      <trkpt lat="-31.314552" lon="-64.135727">
        <ele>438.0</ele>
        <time>2025-08-25T12:42:38Z</time>
      </trkpt>
      <trkpt lat="-31.313392" lon="-64.132146">
        <ele>436.9</ele>
        <time>2025-08-25T12:43:38Z</time>
      </trkpt>
      <trkpt lat="-31.312758" lon="-64.131188">
        <ele>436.7</ele>
        <time>2025-08-25T12:43:58Z</time>
      </trkpt>
      <trkpt lat="-31.306607" lon="-64.126882">
        <ele>436.7</ele>
        <time>2025-08-25T12:46:18Z</time>
      </trkpt>
      <trkpt lat="-31.306171" lon="-64.12649">
        <ele>436.2</ele>
        <time>2025-08-25T12:46:28Z</time>
      </trkpt>
      <trkpt lat="-31.305478" lon="-64.124825">
        <ele>436.4</ele>
        <time>2025-08-25T12:46:58Z</time>
      </trkpt>
      <trkpt lat="-31.305131" lon="-64.124368">
        <ele>436.6</ele>
        <time>2025-08-25T12:47:08Z</time>
      </trkpt>
      <trkpt lat="-31.303028" lon="-64.123357">
        <ele>435.8</ele>
        <time>2025-08-25T12:47:48Z</time>
      </trkpt>
      <trkpt lat="-31.302721" lon="-64.122834">
        <ele>435.7</ele>
        <time>2025-08-25T12:47:58Z</time>
      </trkpt>
      <trkpt lat="-31.302489" lon="-64.119655">
        <ele>434.2</ele>
        <time>2025-08-25T12:48:48Z</time>
      </trkpt>
      <trkpt lat="-31.302115" lon="-64.11922">
        <ele>434.0</ele>
        <time>2025-08-25T12:48:58Z</time>
      </trkpt>
      <trkpt lat="-31.301631" lon="-64.119085">
        <ele>434.0</ele>
        <time>2025-08-25T12:49:08Z</time>
      </trkpt>
      <trkpt lat="-31.296505" lon="-64.119033">
        <ele>435.3</ele>
        <time>2025-08-25T12:50:48Z</time>
      </trkpt>
      <trkpt lat="-31.296134" lon="-64.118685">
        <ele>435.7</ele>
        <time>2025-08-25T12:50:58Z</time>
      </trkpt>
      <trkpt lat="-31.295851" lon="-64.117535">
        <ele>436.0</ele>
        <time>2025-08-25T12:51:18Z</time>
      </trkpt>
      <trkpt lat="-31.295459" lon="-64.117103">
        <ele>435.9</ele>
        <time>2025-08-25T12:51:28Z</time>
      </trkpt>
      <trkpt lat="-31.294889" lon="-64.117035">
        <ele>435.6</ele>
        <time>2025-08-25T12:51:38Z</time>
      </trkpt>
      <trkpt lat="-31.282212" lon="-64.117078">
        <ele>441.7</ele>
        <time>2025-08-25T12:55:58Z</time>
      </trkpt>
      <trkpt lat="-31.268395" lon="-64.11683">
        <ele>447.5</ele>
        <time>2025-08-25T13:00:28Z</time>
      </trkpt>
      <trkpt lat="-31.26293" lon="-64.115858">
        <ele>450.1</ele>
        <time>2025-08-25T13:02:08Z</time>
      </trkpt>
      <trkpt lat="-31.258297" lon="-64.112806">
        <ele>449.7</ele>
        <time>2025-08-25T13:03:38Z</time>
      </trkpt>
      <trkpt lat="-31.257775" lon="-64.112426">
        <ele>449.3</ele>
        <time>2025-08-25T13:03:48Z</time>
      </trkpt>
      <trkpt lat="-31.25745" lon="-64.111812">
        <ele>449.2</ele>
        <time>2025-08-25T13:03:58Z</time>
      </trkpt>
      <trkpt lat="-31.257455" lon="-64.111091">
        <ele>448.9</ele>
        <time>2025-08-25T13:04:08Z</time>
      </trkpt>
      <trkpt lat="-31.258833" lon="-64.105766">
        <ele>444.7</ele>
        <time>2025-08-25T13:05:28Z</time>
      </trkpt>
      <trkpt lat="-31.259753" lon="-64.103745">
        <ele>443.1</ele>
        <time>2025-08-25T13:06:08Z</time>
      </trkpt>
      <trkpt lat="-31.259919" lon="-64.10254">
        <ele>442.3</ele>
        <time>2025-08-25T13:06:28Z</time>
      </trkpt>
      <trkpt lat="-31.259534" lon="-64.068896">
        <ele>417.7</ele>
        <time>2025-08-25T13:16:38Z</time>
      </trkpt>
      <trkpt lat="-31.259429" lon="-64.067307">
        <ele>417.7</ele>
        <time>2025-08-25T13:17:08Z</time>
      </trkpt>
      <trkpt lat="-31.259091" lon="-64.066925">
        <ele>417.8</ele>
        <time>2025-08-25T13:17:18Z</time>
      </trkpt>
      <trkpt lat="-31.25745" lon="-64.066748">
        <ele>417.5</ele>
        <time>2025-08-25T13:17:48Z</time>
      </trkpt>
      <trkpt lat="-31.206302" lon="-64.067207">
        <ele>421.4</ele>
        <time>2025-08-25T13:37:18Z</time>
      </trkpt>
      <trkpt lat="-31.205941" lon="-64.067196">
        <ele>421.6</ele>
        <time>2025-08-25T13:37:28Z</time>
      </trkpt>
      <trkpt lat="-31.205804" lon="-64.066994">
        <ele>421.5</ele>
        <time>2025-08-25T13:38:18Z</time>
      </trkpt>
      <trkpt lat="-31.205825" lon="-64.067158">
        <ele>421.2</ele>
        <time>2025-08-25T13:39:48Z</time>
      </trkpt>
      <trkpt lat="-31.205844" lon="-64.066986">
        <ele>422.2</ele>
        <time>2025-08-25T13:41:48Z</time>
      </trkpt>
      <trkpt lat="-31.205829" lon="-64.067212">
        <ele>420.5</ele>
        <time>2025-08-25T13:52:08Z</time>
      </trkpt>
      <trkpt lat="-31.205769" lon="-64.066924">
        <ele>420.2</ele>
        <time>2025-08-25T13:59:08Z</time>
      </trkpt>
      <trkpt lat="-31.20562" lon="-64.067229">
        <ele>420.2</ele>
        <time>2025-08-25T14:03:38Z</time>
      </trkpt>
      <trkpt lat="-31.167959" lon="-64.067532">
        <ele>443.1</ele>
        <time>2025-08-25T14:19:58Z</time>
      </trkpt>
      <trkpt lat="-31.166459" lon="-64.067434">
        <ele>443.3</ele>
        <time>2025-08-25T14:20:28Z</time>
      </trkpt>
      <trkpt lat="-31.165973" lon="-64.067153">
        <ele>443.2</ele>
        <time>2025-08-25T14:20:38Z</time>
      </trkpt>
      <trkpt lat="-31.092348" lon="-63.982022">
        <ele>403.3</ele>
        <time>2025-08-25T14:50:48Z</time>
      </trkpt>
      <trkpt lat="-31.091496" lon="-63.981069">
        <ele>403.2</ele>
        <time>2025-08-25T14:51:08Z</time>
      </trkpt>
      <trkpt lat="-31.090979" lon="-63.980753">
        <ele>403.3</ele>
        <time>2025-08-25T14:51:18Z</time>
      </trkpt>
      <trkpt lat="-31.090375" lon="-63.980865">
        <ele>403.5</ele>
        <time>2025-08-25T14:51:28Z</time>
      </trkpt>
      <trkpt lat="-31.089132" lon="-63.982127">
        <ele>403.2</ele>
        <time>2025-08-25T14:56:19Z</time>
      </trkpt>
      <trkpt lat="-31.052235" lon="-64.025559">
        <ele>445.6</ele>
        <time>2025-08-25T15:20:18Z</time>
      </trkpt>
      <trkpt lat="-31.050271" lon="-64.0278">
        <ele>447.0</ele>
        <time>2025-08-25T15:28:28Z</time>
      </trkpt>
      <trkpt lat="-31.050144" lon="-64.027714">
        <ele>446.8</ele>
        <time>2025-08-25T15:34:18Z</time>
      </trkpt>
      <trkpt lat="-31.05011" lon="-64.028056">
        <ele>447.6</ele>
        <time>2025-08-25T15:35:08Z</time>
      </trkpt>
      <trkpt lat="-31.050128" lon="-64.027725">
        <ele>446.6</ele>
        <time>2025-08-25T15:36:48Z</time>
      </trkpt>
      <trkpt lat="-31.050214" lon="-64.027892">
        <ele>447.4</ele>
        <time>2025-08-25T15:41:08Z</time>
      </trkpt>
      <trkpt lat="-31.050133" lon="-64.027813">
        <ele>448.1</ele>
        <time>2025-08-25T15:49:28Z</time>
      </trkpt>
      <trkpt lat="-31.050352" lon="-64.0278">
        <ele>448.9</ele>
        <time>2025-08-25T15:57:28Z</time>
      </trkpt>
      <trkpt lat="-31.050108" lon="-64.028061">
        <ele>449.2</ele>
        <time>2025-08-25T15:58:38Z</time>
      </trkpt>
      <trkpt lat="-31.049887" lon="-64.028016">
        <ele>449.5</ele>
        <time>2025-08-25T15:59:18Z</time>
      </trkpt>
      <trkpt lat="-31.049885" lon="-64.02835">
        <ele>449.5</ele>
        <time>2025-08-25T15:59:28Z</time>
      </trkpt>
      <trkpt lat="-31.05014" lon="-64.028273">
        <ele>449.5</ele>
        <time>2025-08-25T15:59:38Z</time>
      </trkpt>
      <trkpt lat="-31.050152" lon="-64.027972">
        <ele>449.8</ele>
        <time>2025-08-25T15:59:48Z</time>
      </trkpt>
      <trkpt lat="-31.049861" lon="-64.027986">
        <ele>449.6</ele>
        <time>2025-08-25T15:59:58Z</time>
      </trkpt>
      <trkpt lat="-31.049821" lon="-64.028306">
        <ele>449.9</ele>
        <time>2025-08-25T16:00:08Z</time>
      </trkpt>
      <trkpt lat="-31.050106" lon="-64.028366">
        <ele>449.8</ele>
        <time>2025-08-25T16:00:18Z</time>
      </trkpt>
      <trkpt lat="-31.050214" lon="-64.02802">
        <ele>449.5</ele>
        <time>2025-08-25T16:00:28Z</time>
      </trkpt>
      <trkpt lat="-31.049931" lon="-64.027922">
        <ele>449.5</ele>
        <time>2025-08-25T16:00:38Z</time>
      </trkpt>
      <trkpt lat="-31.049834" lon="-64.028319">
        <ele>449.7</ele>
        <time>2025-08-25T16:00:48Z</time>
      </trkpt>
      <trkpt lat="-31.05013" lon="-64.028352">
        <ele>449.8</ele>
        <time>2025-08-25T16:00:58Z</time>
      </trkpt>
      <trkpt lat="-31.0502" lon="-64.028007">
        <ele>449.7</ele>
        <time>2025-08-25T16:01:08Z</time>
      </trkpt>
      <trkpt lat="-31.049882" lon="-64.027949">
        <ele>449.4</ele>
        <time>2025-08-25T16:04:08Z</time>
      </trkpt>
      <trkpt lat="-31.049344" lon="-64.028894">
        <ele>449.6</ele>
        <time>2025-08-25T16:04:38Z</time>
      </trkpt>
      <trkpt lat="-31.046612" lon="-64.032139">
        <ele>454.1</ele>
        <time>2025-08-25T16:12:28Z</time>
      </trkpt>
      <trkpt lat="-31.008308" lon="-64.076804">
        <ele>502.8</ele>
        <time>2025-08-25T16:47:08Z</time>
      </trkpt>
      <trkpt lat="-31.008216" lon="-64.077201">
        <ele>503.2</ele>
        <time>2025-08-25T16:47:48Z</time>
      </trkpt>
      <trkpt lat="-31.009728" lon="-64.078948">
        <ele>504.2</ele>
        <time>2025-08-25T16:49:18Z</time>
      </trkpt>
      <trkpt lat="-31.00962" lon="-64.079193">
        <ele>504.0</ele>
        <time>2025-08-25T16:49:28Z</time>
      </trkpt>
      <trkpt lat="-30.999792" lon="-64.090694">
        <ele>516.6</ele>
        <time>2025-08-25T16:57:18Z</time>
      </trkpt>
      <trkpt lat="-30.999096" lon="-64.091345">
        <ele>517.1</ele>
        <time>2025-08-25T16:58:08Z</time>
      </trkpt>
      <trkpt lat="-30.998516" lon="-64.090656">
        <ele>517.4</ele>
        <time>2025-08-25T16:58:48Z</time>
      </trkpt>
      <trkpt lat="-30.99833" lon="-64.090544">
        <ele>517.1</ele>
        <time>2025-08-25T16:58:58Z</time>
      </trkpt>
      <trkpt lat="-30.998147" lon="-64.090664">
        <ele>517.4</ele>
        <time>2025-08-25T16:59:08Z</time>
      </trkpt>
      <trkpt lat="-30.997794" lon="-64.09116">
        <ele>518.0</ele>
        <time>2025-08-25T16:59:28Z</time>
      </trkpt>
      <trkpt lat="-30.998287" lon="-64.09157">
        <ele>520.7</ele>
        <time>2025-08-25T17:15:18Z</time>
      </trkpt>
      <trkpt lat="-30.99821" lon="-64.091717">
        <ele>522.7</ele>
        <time>2025-08-25T17:36:08Z</time>
      </trkpt>
      <trkpt lat="-30.998335" lon="-64.091565">
        <ele>522.1</ele>
        <time>2025-08-25T17:37:38Z</time>
      </trkpt>
      <trkpt lat="-30.998284" lon="-64.091805">
        <ele>523.3</ele>
        <time>2025-08-25T17:43:38Z</time>
      </trkpt>
      <trkpt lat="-30.998387" lon="-64.091538">
        <ele>524.1</ele>
        <time>2025-08-25T17:49:58Z</time>
      </trkpt>
      <trkpt lat="-30.998292" lon="-64.091628">
        <ele>525.0</ele>
        <time>2025-08-25T18:00:48Z</time>
      </trkpt>
      <trkpt lat="-30.998257" lon="-64.091467">
        <ele>527.0</ele>
        <time>2025-08-25T18:15:58Z</time>
      </trkpt>
      <trkpt lat="-30.998285" lon="-64.091675">
        <ele>526.5</ele>
        <time>2025-08-25T18:18:28Z</time>
      </trkpt>
      <trkpt lat="-30.998446" lon="-64.091373">
        <ele>527.1</ele>
        <time>2025-08-25T18:26:28Z</time>
      </trkpt>
      <trkpt lat="-30.99823" lon="-64.091579">
        <ele>530.3</ele>
        <time>2025-08-25T18:59:58Z</time>
      </trkpt>
      <trkpt lat="-30.998316" lon="-64.091685">
        <ele>530.4</ele>
        <time>2025-08-25T19:04:58Z</time>
      </trkpt>
      <trkpt lat="-30.998202" lon="-64.091584">
        <ele>530.7</ele>
        <time>2025-08-25T19:08:08Z</time>
      </trkpt>
      <trkpt lat="-30.998357" lon="-64.091733">
        <ele>530.2</ele>
        <time>2025-08-25T19:10:08Z</time>
      </trkpt>
      <trkpt lat="-30.998078" lon="-64.091441">
        <ele>533.0</ele>
        <time>2025-08-25T20:11:29Z</time>
      </trkpt>
      <trkpt lat="-30.998328" lon="-64.091534">
        <ele>533.2</ele>
        <time>2025-08-25T20:14:09Z</time>
      </trkpt>
      <trkpt lat="-30.997761" lon="-64.091135">
        <ele>533.8</ele>
        <time>2025-08-25T20:15:59Z</time>
      </trkpt>
      <trkpt lat="-30.991658" lon="-64.098258">
        <ele>540.4</ele>
        <time>2025-08-25T20:22:29Z</time>
      </trkpt>
      <trkpt lat="-30.991503" lon="-64.098253">
        <ele>540.8</ele>
        <time>2025-08-25T20:22:39Z</time>
      </trkpt>
      <trkpt lat="-30.990779" lon="-64.097204">
        <ele>541.2</ele>
        <time>2025-08-25T20:23:19Z</time>
      </trkpt>
      <trkpt lat="-30.989882" lon="-64.098432">
        <ele>542.3</ele>
        <time>2025-08-25T20:23:59Z</time>
      </trkpt>
      <trkpt lat="-30.98901" lon="-64.099193">
        <ele>542.6</ele>
        <time>2025-08-25T20:24:29Z</time>
      </trkpt>
      <trkpt lat="-30.988898" lon="-64.099524">
        <ele>543.3</ele>
        <time>2025-08-25T20:24:39Z</time>
      </trkpt>
      <trkpt lat="-30.985438" lon="-64.103736">
        <ele>546.7</ele>
        <time>2025-08-25T20:27:59Z</time>
      </trkpt>
      <trkpt lat="-30.986271" lon="-64.104918">
        <ele>549.5</ele>
        <time>2025-08-25T20:28:49Z</time>
      </trkpt>
      <trkpt lat="-30.988256" lon="-64.105764">
        <ele>550.9</ele>
        <time>2025-08-25T20:30:29Z</time>
      </trkpt>
      <trkpt lat="-30.986269" lon="-64.104895">
        <ele>549.1</ele>
        <time>2025-08-25T20:39:19Z</time>
      </trkpt>
      <trkpt lat="-30.985253" lon="-64.103652">
        <ele>546.1</ele>
        <time>2025-08-25T20:40:19Z</time>
      </trkpt>
      <trkpt lat="-30.977752" lon="-64.099871">
        <ele>543.7</ele>
        <time>2025-08-25T20:45:29Z</time>
      </trkpt>
      <trkpt lat="-30.977306" lon="-64.098303">
        <ele>544.0</ele>
        <time>2025-08-25T20:48:09Z</time>
      </trkpt>
      <trkpt lat="-30.977065" lon="-64.098296">
        <ele>544.9</ele>
        <time>2025-08-25T20:48:19Z</time>
      </trkpt>
      <trkpt lat="-30.976656" lon="-64.098763">
        <ele>543.6</ele>
        <time>2025-08-25T20:48:39Z</time>
      </trkpt>
      <trkpt lat="-30.976211" lon="-64.09864">
        <ele>541.7</ele>
        <time>2025-08-25T20:48:49Z</time>
      </trkpt>
      <trkpt lat="-30.97348" lon="-64.096637">
        <ele>540.4</ele>
        <time>2025-08-25T20:50:09Z</time>
      </trkpt>
      <trkpt lat="-30.973046" lon="-64.096094">
        <ele>542.8</ele>
        <time>2025-08-25T20:50:29Z</time>
      </trkpt>
      <trkpt lat="-30.971964" lon="-64.096092">
        <ele>541.9</ele>
        <time>2025-08-25T20:50:59Z</time>
      </trkpt>
      <trkpt lat="-30.970704" lon="-64.096904">
        <ele>544.4</ele>
        <time>2025-08-25T20:51:49Z</time>
      </trkpt>
      <trkpt lat="-30.970774" lon="-64.09713">
        <ele>545.2</ele>
        <time>2025-08-25T21:02:28Z</time>
      </trkpt>
      <trkpt lat="-30.970688" lon="-64.096923">
        <ele>544.7</ele>
        <time>2025-08-25T21:03:18Z</time>
      </trkpt>
      <trkpt lat="-30.970518" lon="-64.097237">
        <ele>544.4</ele>
        <time>2025-08-25T21:28:08Z</time>
      </trkpt>
      <trkpt lat="-30.970213" lon="-64.097238">
        <ele>544.1</ele>
        <time>2025-08-25T21:29:38Z</time>
      </trkpt>
      <trkpt lat="-30.97013" lon="-64.097486">
        <ele>543.0</ele>
        <time>2025-08-25T21:30:56Z</time>
      </trkpt>
      <trkpt lat="-30.970302" lon="-64.097184">
        <ele>543.1</ele>
        <time>2025-08-25T21:32:49Z</time>
      </trkpt>
      <trkpt lat="-30.970265" lon="-64.097437">
        <ele>544.7</ele>
        <time>2025-08-25T21:34:28Z</time>
      </trkpt>
      <trkpt lat="-30.970587" lon="-64.097222">
        <ele>542.9</ele>
        <time>2025-08-25T21:37:18Z</time>
      </trkpt>
      <trkpt lat="-30.970199" lon="-64.096354">
        <ele>540.4</ele>
        <time>2025-08-25T21:38:28Z</time>
      </trkpt>
      <trkpt lat="-30.969993" lon="-64.096254">
        <ele>540.8</ele>
        <time>2025-08-25T21:39:08Z</time>
      </trkpt>
      <trkpt lat="-30.970775" lon="-64.097124">
        <ele>542.1</ele>
        <time>2025-08-25T21:46:48Z</time>
      </trkpt>
      <trkpt lat="-30.971796" lon="-64.096205">
        <ele>538.9</ele>
        <time>2025-08-25T21:47:38Z</time>
      </trkpt>
      <trkpt lat="-30.972834" lon="-64.096284">
        <ele>539.5</ele>
        <time>2025-08-25T21:48:08Z</time>
      </trkpt>
      <trkpt lat="-30.973101" lon="-64.096156">
        <ele>539.7</ele>
        <time>2025-08-25T21:48:18Z</time>
      </trkpt>
      <trkpt lat="-30.974452" lon="-64.092453">
        <ele>536.4</ele>
        <time>2025-08-25T21:50:08Z</time>
      </trkpt>
      <trkpt lat="-30.974608" lon="-64.092128">
        <ele>536.4</ele>
        <time>2025-08-25T21:50:18Z</time>
      </trkpt>
      <trkpt lat="-30.974915" lon="-64.092166">
        <ele>536.0</ele>
        <time>2025-08-25T21:50:28Z</time>
      </trkpt>
      <trkpt lat="-30.987724" lon="-64.098714">
        <ele>538.5</ele>
        <time>2025-08-25T21:58:08Z</time>
      </trkpt>
      <trkpt lat="-30.988736" lon="-64.098907">
        <ele>538.1</ele>
        <time>2025-08-25T22:03:18Z</time>
      </trkpt>
      <trkpt lat="-30.988603" lon="-64.098905">
        <ele>537.0</ele>
        <time>2025-08-25T22:05:28Z</time>
      </trkpt>
      <trkpt lat="-30.989603" lon="-64.096216">
        <ele>535.1</ele>
        <time>2025-08-25T22:07:28Z</time>
      </trkpt>
      <trkpt lat="-30.989894" lon="-64.096066">
        <ele>535.0</ele>
        <time>2025-08-25T22:10:38Z</time>
      </trkpt>
      <trkpt lat="-30.990615" lon="-64.097204">
        <ele>535.3</ele>
        <time>2025-08-25T22:11:38Z</time>
      </trkpt>
      <trkpt lat="-30.991992" lon="-64.096017">
        <ele>533.4</ele>
        <time>2025-08-25T22:12:38Z</time>
      </trkpt>
      <trkpt lat="-30.997477" lon="-64.089646">
        <ele>520.3</ele>
        <time>2025-08-25T23:32:39Z</time>
      </trkpt>
      <trkpt lat="-30.998216" lon="-64.090334">
        <ele>520.2</ele>
        <time>2025-08-25T23:32:59Z</time>
      </trkpt>
      <trkpt lat="-30.997824" lon="-64.091196">
        <ele>520.6</ele>
        <time>2025-08-25T23:33:29Z</time>
      </trkpt>
      <trkpt lat="-30.998368" lon="-64.091574">
        <ele>517.3</ele>
        <time>2025-08-26T00:01:39Z</time>
      </trkpt>
      <trkpt lat="-30.998213" lon="-64.091305">
        <ele>524.9</ele>
        <time>2025-08-26T12:36:57Z</time>
      </trkpt>
      <trkpt lat="-30.998172" lon="-64.0916">
        <ele>528.2</ele>
        <time>2025-08-26T12:38:07Z</time>
      </trkpt>
      <trkpt lat="-30.997726" lon="-64.091206">
        <ele>528.0</ele>
        <time>2025-08-26T12:42:07Z</time>
      </trkpt>
      <trkpt lat="-30.99171" lon="-64.098261">
        <ele>535.4</ele>
        <time>2025-08-26T12:46:57Z</time>
      </trkpt>
      <trkpt lat="-30.991548" lon="-64.098325">
        <ele>535.5</ele>
        <time>2025-08-26T12:47:07Z</time>
      </trkpt>
      <trkpt lat="-30.990873" lon="-64.097165">
        <ele>536.0</ele>
        <time>2025-08-26T12:47:47Z</time>
      </trkpt>
      <trkpt lat="-30.989336" lon="-64.099067">
        <ele>537.3</ele>
        <time>2025-08-26T12:48:47Z</time>
      </trkpt>
      <trkpt lat="-30.988306" lon="-64.09879">
        <ele>537.6</ele>
        <time>2025-08-26T12:49:17Z</time>
      </trkpt>
      <trkpt lat="-30.9847" lon="-64.097">
        <ele>537.8</ele>
        <time>2025-08-26T12:51:27Z</time>
      </trkpt>
      <trkpt lat="-30.984137" lon="-64.097473">
        <ele>538.2</ele>
        <time>2025-08-26T12:52:17Z</time>
      </trkpt>
      <trkpt lat="-30.981677" lon="-64.096235">
        <ele>538.1</ele>
        <time>2025-08-26T12:53:27Z</time>
      </trkpt>
      <trkpt lat="-30.980977" lon="-64.096094">
        <ele>538.3</ele>
        <time>2025-08-26T12:53:57Z</time>
      </trkpt>
      <trkpt lat="-30.980925" lon="-64.095914">
        <ele>537.4</ele>
        <time>2025-08-26T13:05:36Z</time>
      </trkpt>
      <trkpt lat="-30.978921" lon="-64.095178">
        <ele>535.6</ele>
        <time>2025-08-26T13:20:25Z</time>
      </trkpt>
      <trkpt lat="-30.978482" lon="-64.094758">
        <ele>534.3</ele>
        <time>2025-08-26T13:20:44Z</time>
      </trkpt>
      <trkpt lat="-30.974553" lon="-64.092774">
        <ele>532.1</ele>
        <time>2025-08-26T13:22:34Z</time>
      </trkpt>
      <trkpt lat="-30.974261" lon="-64.092931">
        <ele>531.5</ele>
        <time>2025-08-26T13:22:44Z</time>
      </trkpt>
      <trkpt lat="-30.973078" lon="-64.095997">
        <ele>535.8</ele>
        <time>2025-08-26T13:24:14Z</time>
      </trkpt>
      <trkpt lat="-30.972761" lon="-64.096209">
        <ele>534.5</ele>
        <time>2025-08-26T13:24:24Z</time>
      </trkpt>
      <trkpt lat="-30.972049" lon="-64.096076">
        <ele>534.1</ele>
        <time>2025-08-26T13:24:44Z</time>
      </trkpt>
      <trkpt lat="-30.971749" lon="-64.096185">
        <ele>533.7</ele>
        <time>2025-08-26T13:24:54Z</time>
      </trkpt>
      <trkpt lat="-30.97091" lon="-64.096906">
        <ele>535.8</ele>
        <time>2025-08-26T13:25:34Z</time>
      </trkpt>
      <trkpt lat="-30.97057" lon="-64.097744">
        <ele>539.7</ele>
        <time>2025-08-26T13:26:14Z</time>
      </trkpt>
      <trkpt lat="-30.970313" lon="-64.097798">
        <ele>540.4</ele>
        <time>2025-08-26T13:26:24Z</time>
      </trkpt>
      <trkpt lat="-30.965493" lon="-64.096953">
        <ele>542.7</ele>
        <time>2025-08-26T13:29:04Z</time>
      </trkpt>
      <trkpt lat="-30.961945" lon="-64.097181">
        <ele>542.1</ele>
        <time>2025-08-26T13:30:54Z</time>
      </trkpt>
      <trkpt lat="-30.959904" lon="-64.097119">
        <ele>541.5</ele>
        <time>2025-08-26T13:31:54Z</time>
      </trkpt>
      <trkpt lat="-30.958204" lon="-64.096848">
        <ele>539.2</ele>
        <time>2025-08-26T13:32:44Z</time>
      </trkpt>
      <trkpt lat="-30.955785" lon="-64.095741">
        <ele>540.2</ele>
        <time>2025-08-26T13:34:14Z</time>
      </trkpt>
      <trkpt lat="-30.953031" lon="-64.095188">
        <ele>537.9</ele>
        <time>2025-08-26T13:35:34Z</time>
      </trkpt>
      <trkpt lat="-30.951183" lon="-64.093152">
        <ele>536.0</ele>
        <time>2025-08-26T13:36:44Z</time>
      </trkpt>
      <trkpt lat="-30.948408" lon="-64.091851">
        <ele>535.9</ele>
        <time>2025-08-26T13:38:14Z</time>
      </trkpt>
      <trkpt lat="-30.941892" lon="-64.093751">
        <ele>545.3</ele>
        <time>2025-08-26T13:41:54Z</time>
      </trkpt>
      <trkpt lat="-30.940704" lon="-64.093961">
        <ele>550.2</ele>
        <time>2025-08-26T13:42:44Z</time>
      </trkpt>
      <trkpt lat="-30.939532" lon="-64.093862">
        <ele>551.2</ele>
        <time>2025-08-26T13:43:44Z</time>
      </trkpt>
      <trkpt lat="-30.939401" lon="-64.094046">
        <ele>552.0</ele>
        <time>2025-08-26T13:44:54Z</time>
      </trkpt>
      <trkpt lat="-30.939601" lon="-64.093935">
        <ele>550.9</ele>
        <time>2025-08-26T13:48:04Z</time>
      </trkpt>
      <trkpt lat="-30.939406" lon="-64.094046">
        <ele>550.5</ele>
        <time>2025-08-26T14:00:24Z</time>
      </trkpt>
      <trkpt lat="-30.939415" lon="-64.094265">
        <ele>551.8</ele>
        <time>2025-08-26T14:06:14Z</time>
      </trkpt>
      <trkpt lat="-30.93941" lon="-64.094098">
        <ele>551.9</ele>
        <time>2025-08-26T14:08:14Z</time>
      </trkpt>
      <trkpt lat="-30.93959" lon="-64.094238">
        <ele>551.6</ele>
        <time>2025-08-26T14:11:24Z</time>
      </trkpt>
      <trkpt lat="-30.939472" lon="-64.094435">
        <ele>551.4</ele>
        <time>2025-08-26T14:13:44Z</time>
      </trkpt>
      <trkpt lat="-30.939695" lon="-64.094194">
        <ele>551.5</ele>
        <time>2025-08-26T14:16:04Z</time>
      </trkpt>
      <trkpt lat="-30.939827" lon="-64.094467">
        <ele>551.9</ele>
        <time>2025-08-26T14:21:14Z</time>
      </trkpt>
      <trkpt lat="-30.939861" lon="-64.094202">
        <ele>551.8</ele>
        <time>2025-08-26T14:23:54Z</time>
      </trkpt>
      <trkpt lat="-30.939313" lon="-64.09405">
        <ele>551.4</ele>
        <time>2025-08-26T14:33:34Z</time>
      </trkpt>
      <trkpt lat="-30.939948" lon="-64.094288">
        <ele>552.0</ele>
        <time>2025-08-26T14:42:44Z</time>
      </trkpt>
      <trkpt lat="-30.939979" lon="-64.094532">
        <ele>554.2</ele>
        <time>2025-08-26T14:43:04Z</time>
      </trkpt>
      <trkpt lat="-30.939818" lon="-64.094627">
        <ele>555.2</ele>
        <time>2025-08-26T14:44:04Z</time>
      </trkpt>
      <trkpt lat="-30.939414" lon="-64.094359">
        <ele>554.1</ele>
        <time>2025-08-26T14:44:54Z</time>
      </trkpt>
      <trkpt lat="-30.939597" lon="-64.093776">
        <ele>551.1</ele>
        <time>2025-08-26T15:01:44Z</time>
      </trkpt>
      <trkpt lat="-30.9408" lon="-64.093973">
        <ele>550.9</ele>
        <time>2025-08-26T15:06:25Z</time>
      </trkpt>
      <trkpt lat="-30.941601" lon="-64.093858">
        <ele>547.5</ele>
        <time>2025-08-26T15:06:45Z</time>
      </trkpt>
      <trkpt lat="-30.942042" lon="-64.093676">
        <ele>546.1</ele>
        <time>2025-08-26T15:06:55Z</time>
      </trkpt>
      <trkpt lat="-30.942105" lon="-64.093489">
        <ele>544.8</ele>
        <time>2025-08-26T15:07:05Z</time>
      </trkpt>
      <trkpt lat="-30.943841" lon="-64.084265">
        <ele>534.3</ele>
        <time>2025-08-26T15:10:55Z</time>
      </trkpt>
      <trkpt lat="-30.943916" lon="-64.082355">
        <ele>533.1</ele>
        <time>2025-08-26T15:11:25Z</time>
      </trkpt>
      <trkpt lat="-30.943757" lon="-64.080394">
        <ele>530.0</ele>
        <time>2025-08-26T15:11:55Z</time>
      </trkpt>
      <trkpt lat="-30.943961" lon="-64.07886">
        <ele>526.8</ele>
        <time>2025-08-26T15:13:05Z</time>
      </trkpt>
      <trkpt lat="-30.943836" lon="-64.078692">
        <ele>527.6</ele>
        <time>2025-08-26T15:13:15Z</time>
      </trkpt>
      <trkpt lat="-30.859109" lon="-64.067329">
        <ele>562.8</ele>
        <time>2025-08-26T15:50:25Z</time>
      </trkpt>
      <trkpt lat="-30.851538" lon="-64.068247">
        <ele>568.5</ele>
        <time>2025-08-26T15:53:35Z</time>
      </trkpt>
      <trkpt lat="-30.851352" lon="-64.067823">
        <ele>569.4</ele>
        <time>2025-08-26T16:26:34Z</time>
      </trkpt>
      <trkpt lat="-30.85141" lon="-64.068146">
        <ele>571.1</ele>
        <time>2025-08-26T16:33:25Z</time>
      </trkpt>
      <trkpt lat="-30.851233" lon="-64.068295">
        <ele>571.9</ele>
        <time>2025-08-26T16:34:05Z</time>
      </trkpt>
      <trkpt lat="-30.808603" lon="-64.073874">
        <ele>574.1</ele>
        <time>2025-08-26T17:06:34Z</time>
      </trkpt>
      <trkpt lat="-30.807435" lon="-64.074092">
        <ele>574.0</ele>
        <time>2025-08-26T17:07:04Z</time>
      </trkpt>
      <trkpt lat="-30.806832" lon="-64.074546">
        <ele>575.7</ele>
        <time>2025-08-26T17:07:34Z</time>
      </trkpt>
      <trkpt lat="-30.80675" lon="-64.074738">
        <ele>574.3</ele>
        <time>2025-08-26T17:09:14Z</time>
      </trkpt>
      <trkpt lat="-30.80692" lon="-64.074729">
        <ele>575.5</ele>
        <time>2025-08-26T17:09:54Z</time>
      </trkpt>
      <trkpt lat="-30.806757" lon="-64.074574">
        <ele>576.3</ele>
        <time>2025-08-26T17:11:24Z</time>
      </trkpt>
      <trkpt lat="-30.806877" lon="-64.074528">
        <ele>576.1</ele>
        <time>2025-08-26T17:11:54Z</time>
      </trkpt>
      <trkpt lat="-30.80693" lon="-64.074718">
        <ele>576.0</ele>
        <time>2025-08-26T17:12:14Z</time>
      </trkpt>
      <trkpt lat="-30.80673" lon="-64.074623">
        <ele>576.8</ele>
        <time>2025-08-26T17:13:14Z</time>
      </trkpt>
      <trkpt lat="-30.806818" lon="-64.0747">
        <ele>576.1</ele>
        <time>2025-08-26T17:14:14Z</time>
      </trkpt>
      <trkpt lat="-30.806796" lon="-64.074465">
        <ele>576.2</ele>
        <time>2025-08-26T17:15:54Z</time>
      </trkpt>
      <trkpt lat="-30.806743" lon="-64.074722">
        <ele>580.3</ele>
        <time>2025-08-26T17:46:24Z</time>
      </trkpt>
      <trkpt lat="-30.806735" lon="-64.074465">
        <ele>581.2</ele>
        <time>2025-08-26T17:53:04Z</time>
      </trkpt>
      <trkpt lat="-30.806847" lon="-64.074844">
        <ele>582.6</ele>
        <time>2025-08-26T18:21:55Z</time>
      </trkpt>
      <trkpt lat="-30.806795" lon="-64.074538">
        <ele>583.6</ele>
        <time>2025-08-26T18:29:04Z</time>
      </trkpt>
      <trkpt lat="-30.806545" lon="-64.074561">
        <ele>582.9</ele>
        <time>2025-08-26T18:30:24Z</time>
      </trkpt>
      <trkpt lat="-30.806754" lon="-64.074817">
        <ele>583.4</ele>
        <time>2025-08-26T18:32:15Z</time>
      </trkpt>
      <trkpt lat="-30.806879" lon="-64.074706">
        <ele>582.9</ele>
        <time>2025-08-26T18:33:14Z</time>
      </trkpt>
      <trkpt lat="-30.806515" lon="-64.074826">
        <ele>582.8</ele>
        <time>2025-08-26T18:34:14Z</time>
      </trkpt>
      <trkpt lat="-30.806872" lon="-64.074614">
        <ele>583.2</ele>
        <time>2025-08-26T18:34:54Z</time>
      </trkpt>
      <trkpt lat="-30.807065" lon="-64.074849">
        <ele>583.7</ele>
        <time>2025-08-26T18:41:54Z</time>
      </trkpt>
      <trkpt lat="-30.806707" lon="-64.074749">
        <ele>584.1</ele>
        <time>2025-08-26T18:45:14Z</time>
      </trkpt>
      <trkpt lat="-30.806831" lon="-64.074586">
        <ele>584.1</ele>
        <time>2025-08-26T18:46:14Z</time>
      </trkpt>
      <trkpt lat="-30.807019" lon="-64.074872">
        <ele>585.0</ele>
        <time>2025-08-26T18:53:24Z</time>
      </trkpt>
      <trkpt lat="-30.806779" lon="-64.074674">
        <ele>585.3</ele>
        <time>2025-08-26T18:56:24Z</time>
      </trkpt>
      <trkpt lat="-30.807001" lon="-64.074701">
        <ele>585.1</ele>
        <time>2025-08-26T18:57:04Z</time>
      </trkpt>
      <trkpt lat="-30.8069" lon="-64.074645">
        <ele>585.7</ele>
        <time>2025-08-26T19:02:24Z</time>
      </trkpt>
      <trkpt lat="-30.807143" lon="-64.074296">
        <ele>584.6</ele>
        <time>2025-08-26T19:02:54Z</time>
      </trkpt>
      <trkpt lat="-30.806996" lon="-64.074081">
        <ele>584.7</ele>
        <time>2025-08-26T19:03:14Z</time>
      </trkpt>
      <trkpt lat="-30.80531" lon="-64.07372">
        <ele>583.4</ele>
        <time>2025-08-26T19:04:04Z</time>
      </trkpt>
      <trkpt lat="-30.792461" lon="-64.06855">
        <ele>584.1</ele>
        <time>2025-08-26T19:09:54Z</time>
      </trkpt>
      <trkpt lat="-30.790895" lon="-64.068168">
        <ele>584.6</ele>
        <time>2025-08-26T19:10:34Z</time>
      </trkpt>
      <trkpt lat="-30.788927" lon="-64.068481">
        <ele>583.7</ele>
        <time>2025-08-26T19:11:24Z</time>
      </trkpt>
      <trkpt lat="-30.788115" lon="-64.06836">
        <ele>583.4</ele>
        <time>2025-08-26T19:11:44Z</time>
      </trkpt>
      <trkpt lat="-30.787027" lon="-64.067714">
        <ele>582.9</ele>
        <time>2025-08-26T19:12:14Z</time>
      </trkpt>
      <trkpt lat="-30.785984" lon="-64.066347">
        <ele>582.2</ele>
        <time>2025-08-26T19:12:54Z</time>
      </trkpt>
      <trkpt lat="-30.784973" lon="-64.065613">
        <ele>582.9</ele>
        <time>2025-08-26T19:13:24Z</time>
      </trkpt>
      <trkpt lat="-30.765226" lon="-64.057706">
        <ele>573.9</ele>
        <time>2025-08-26T19:21:14Z</time>
      </trkpt>
      <trkpt lat="-30.763336" lon="-64.057133">
        <ele>576.1</ele>
        <time>2025-08-26T19:22:04Z</time>
      </trkpt>
      <trkpt lat="-30.761714" lon="-64.057005">
        <ele>579.0</ele>
        <time>2025-08-26T19:22:44Z</time>
      </trkpt>
      <trkpt lat="-30.71199" lon="-64.058051">
        <ele>564.1</ele>
        <time>2025-08-26T19:45:44Z</time>
      </trkpt>
      <trkpt lat="-30.708819" lon="-64.057985">
        <ele>565.8</ele>
        <time>2025-08-26T19:47:04Z</time>
      </trkpt>
      <trkpt lat="-30.707631" lon="-64.057493">
        <ele>566.1</ele>
        <time>2025-08-26T19:47:34Z</time>
      </trkpt>
      <trkpt lat="-30.706818" lon="-64.056666">
        <ele>565.2</ele>
        <time>2025-08-26T19:48:54Z</time>
      </trkpt>
      <trkpt lat="-30.705939" lon="-64.054822">
        <ele>562.5</ele>
        <time>2025-08-26T19:50:04Z</time>
      </trkpt>
      <trkpt lat="-30.704547" lon="-64.052749">
        <ele>561.6</ele>
        <time>2025-08-26T20:04:54Z</time>
      </trkpt>
      <trkpt lat="-30.697739" lon="-64.040547">
        <ele>549.7</ele>
        <time>2025-08-26T20:09:34Z</time>
      </trkpt>
      <trkpt lat="-30.693966" lon="-64.035712">
        <ele>544.6</ele>
        <time>2025-08-26T20:11:34Z</time>
      </trkpt>
      <trkpt lat="-30.686617" lon="-64.020411">
        <ele>537.0</ele>
        <time>2025-08-26T20:16:54Z</time>
      </trkpt>
      <trkpt lat="-30.676537" lon="-64.009685">
        <ele>513.3</ele>
        <time>2025-08-26T20:21:14Z</time>
      </trkpt>
      <trkpt lat="-30.675498" lon="-64.008825">
        <ele>509.7</ele>
        <time>2025-08-26T20:21:34Z</time>
      </trkpt>
      <trkpt lat="-30.674378" lon="-64.008314">
        <ele>508.1</ele>
        <time>2025-08-26T20:21:54Z</time>
      </trkpt>
      <trkpt lat="-30.67275" lon="-64.008176">
        <ele>508.0</ele>
        <time>2025-08-26T20:22:24Z</time>
      </trkpt>
      <trkpt lat="-30.656623" lon="-64.00883">
        <ele>498.6</ele>
        <time>2025-08-26T20:27:34Z</time>
      </trkpt>
      <trkpt lat="-30.63918" lon="-64.008132">
        <ele>501.6</ele>
        <time>2025-08-26T20:33:34Z</time>
      </trkpt>
      <trkpt lat="-30.602367" lon="-64.002494">
        <ele>501.4</ele>
        <time>2025-08-26T20:45:44Z</time>
      </trkpt>
      <trkpt lat="-30.562688" lon="-64.003112">
        <ele>502.9</ele>
        <time>2025-08-26T21:11:14Z</time>
      </trkpt>
      <trkpt lat="-30.562076" lon="-64.002955">
        <ele>501.9</ele>
        <time>2025-08-26T21:11:34Z</time>
      </trkpt>
      <trkpt lat="-30.562154" lon="-64.00274">
        <ele>500.8</ele>
        <time>2025-08-26T21:12:04Z</time>
      </trkpt>
      <trkpt lat="-30.562524" lon="-64.002765">
        <ele>501.0</ele>
        <time>2025-08-26T21:15:34Z</time>
      </trkpt>
      <trkpt lat="-30.562478" lon="-64.002611">
        <ele>501.0</ele>
        <time>2025-08-26T21:29:04Z</time>
      </trkpt>
      <trkpt lat="-30.56255" lon="-64.00279">
        <ele>501.0</ele>
        <time>2025-08-26T21:32:24Z</time>
      </trkpt>
      <trkpt lat="-30.561521" lon="-64.003121">
        <ele>501.8</ele>
        <time>2025-08-26T21:38:54Z</time>
      </trkpt>
      <trkpt lat="-30.546888" lon="-64.003485">
        <ele>502.7</ele>
        <time>2025-08-26T21:44:04Z</time>
      </trkpt>
      <trkpt lat="-30.533458" lon="-64.003498">
        <ele>510.8</ele>
        <time>2025-08-26T21:49:04Z</time>
      </trkpt>
      <trkpt lat="-30.526715" lon="-64.001603">
        <ele>504.9</ele>
        <time>2025-08-26T21:50:54Z</time>
      </trkpt>
      <trkpt lat="-30.50884" lon="-63.997814">
        <ele>516.0</ele>
        <time>2025-08-26T21:57:44Z</time>
      </trkpt>
      <trkpt lat="-30.493864" lon="-63.994215">
        <ele>504.8</ele>
        <time>2025-08-26T22:12:24Z</time>
      </trkpt>
      <trkpt lat="-30.475425" lon="-63.984897">
        <ele>500.5</ele>
        <time>2025-08-26T22:18:44Z</time>
      </trkpt>
      <trkpt lat="-30.442265" lon="-63.973794">
        <ele>535.9</ele>
        <time>2025-08-26T22:31:54Z</time>
      </trkpt>
      <trkpt lat="-30.44047" lon="-63.972946">
        <ele>540.5</ele>
        <time>2025-08-26T22:32:54Z</time>
      </trkpt>
      <trkpt lat="-30.438619" lon="-63.971476">
        <ele>541.9</ele>
        <time>2025-08-26T22:33:54Z</time>
      </trkpt>
      <trkpt lat="-30.434094" lon="-63.970794">
        <ele>531.0</ele>
        <time>2025-08-26T22:34:54Z</time>
      </trkpt>
      <trkpt lat="-30.432374" lon="-63.970212">
        <ele>525.1</ele>
        <time>2025-08-26T22:35:14Z</time>
      </trkpt>
      <trkpt lat="-30.381742" lon="-63.95083">
        <ele>493.4</ele>
        <time>2025-08-26T22:51:34Z</time>
      </trkpt>
      <trkpt lat="-30.36602" lon="-63.944616">
        <ele>482.2</ele>
        <time>2025-08-26T23:06:44Z</time>
      </trkpt>
      <trkpt lat="-30.362449" lon="-63.943058">
        <ele>480.3</ele>
        <time>2025-08-26T23:07:44Z</time>
      </trkpt>
      <trkpt lat="-30.361434" lon="-63.942802">
        <ele>480.0</ele>
        <time>2025-08-26T23:08:04Z</time>
      </trkpt>
      <trkpt lat="-30.361795" lon="-63.943043">
        <ele>479.9</ele>
        <time>2025-08-26T23:08:14Z</time>
      </trkpt>
      <trkpt lat="-30.36157" lon="-63.942645">
        <ele>480.0</ele>
        <time>2025-08-26T23:08:24Z</time>
      </trkpt>
      <trkpt lat="-30.360492" lon="-63.949242">
        <ele>485.5</ele>
        <time>2025-08-26T23:13:14Z</time>
      </trkpt>
      <trkpt lat="-30.351283" lon="-63.947257">
        <ele>484.9</ele>
        <time>2025-08-26T23:19:54Z</time>
      </trkpt>
      <trkpt lat="-30.351099" lon="-63.948053">
        <ele>483.6</ele>
        <time>2025-08-26T23:46:34Z</time>
      </trkpt>
      <trkpt lat="-30.351125" lon="-63.947834">
        <ele>482.4</ele>
        <time>2025-08-26T23:50:24Z</time>
      </trkpt>
      <trkpt lat="-30.35124" lon="-63.947933">
        <ele>481.4</ele>
        <time>2025-08-27T00:01:14Z</time>
      </trkpt>
      <trkpt lat="-30.351066" lon="-63.947845">
        <ele>480.4</ele>
        <time>2025-08-27T00:14:34Z</time>
      </trkpt>
      <trkpt lat="-30.351223" lon="-63.947269">
        <ele>478.1</ele>
        <time>2025-08-27T00:22:54Z</time>
      </trkpt>
      <trkpt lat="-30.353386" lon="-63.947727">
        <ele>477.4</ele>
        <time>2025-08-27T00:24:24Z</time>
      </trkpt>
      <trkpt lat="-30.353561" lon="-63.946323">
        <ele>476.3</ele>
        <time>2025-08-27T00:25:14Z</time>
      </trkpt>
      <trkpt lat="-30.353733" lon="-63.946224">
        <ele>476.3</ele>
        <time>2025-08-27T00:25:24Z</time>
      </trkpt>
      <trkpt lat="-30.355272" lon="-63.946515">
        <ele>476.0</ele>
        <time>2025-08-27T00:26:24Z</time>
      </trkpt>
      <trkpt lat="-30.359576" lon="-63.94758">
        <ele>475.2</ele>
        <time>2025-08-27T00:31:04Z</time>
      </trkpt>
      <trkpt lat="-30.359472" lon="-63.947721">
        <ele>467.3</ele>
        <time>2025-08-27T02:32:01Z</time>
      </trkpt>
      <trkpt lat="-30.359526" lon="-63.947567">
        <ele>468.6</ele>
        <time>2025-08-27T02:34:11Z</time>
      </trkpt>
      <trkpt lat="-30.357471" lon="-63.947137">
        <ele>468.5</ele>
        <time>2025-08-27T02:37:51Z</time>
      </trkpt>
      <trkpt lat="-30.357217" lon="-63.948416">
        <ele>469.9</ele>
        <time>2025-08-27T02:38:41Z</time>
      </trkpt>
      <trkpt lat="-30.357007" lon="-63.948474">
        <ele>469.8</ele>
        <time>2025-08-27T02:38:51Z</time>
      </trkpt>
      <trkpt lat="-30.350761" lon="-63.947214">
        <ele>472.0</ele>
        <time>2025-08-27T02:42:51Z</time>
      </trkpt>
      <trkpt lat="-30.350757" lon="-63.947848">
        <ele>472.5</ele>
        <time>2025-08-27T02:43:41Z</time>
      </trkpt>
      <trkpt lat="-30.35125" lon="-63.94792">
        <ele>470.8</ele>
        <time>2025-08-27T03:02:21Z</time>
      </trkpt>
      <trkpt lat="-30.351109" lon="-63.948013">
        <ele>469.3</ele>
        <time>2025-08-27T03:20:01Z</time>
      </trkpt>
      <trkpt lat="-30.35124" lon="-63.947336">
        <ele>472.5</ele>
        <time>2025-08-27T13:33:51Z</time>
      </trkpt>
      <trkpt lat="-30.354446" lon="-63.948016">
        <ele>471.3</ele>
        <time>2025-08-27T13:36:21Z</time>
      </trkpt>
      <trkpt lat="-30.354652" lon="-63.947832">
        <ele>471.1</ele>
        <time>2025-08-27T13:36:31Z</time>
      </trkpt>
      <trkpt lat="-30.354807" lon="-63.947136">
        <ele>470.7</ele>
        <time>2025-08-27T13:36:51Z</time>
      </trkpt>
      <trkpt lat="-30.35485" lon="-63.946481">
        <ele>470.4</ele>
        <time>2025-08-27T13:37:11Z</time>
      </trkpt>
      <trkpt lat="-30.354678" lon="-63.946417">
        <ele>470.4</ele>
        <time>2025-08-27T13:38:21Z</time>
      </trkpt>
      <trkpt lat="-30.354628" lon="-63.946561">
        <ele>470.5</ele>
        <time>2025-08-27T13:39:01Z</time>
      </trkpt>
      <trkpt lat="-30.354794" lon="-63.946379">
        <ele>470.7</ele>
        <time>2025-08-27T13:47:30Z</time>
      </trkpt>
      <trkpt lat="-30.354668" lon="-63.946434">
        <ele>470.0</ele>
        <time>2025-08-27T13:48:21Z</time>
      </trkpt>
      <trkpt lat="-30.354712" lon="-63.946022">
        <ele>468.1</ele>
        <time>2025-08-27T14:22:16Z</time>
      </trkpt>
      <trkpt lat="-30.354595" lon="-63.946187">
        <ele>468.3</ele>
        <time>2025-08-27T14:22:46Z</time>
      </trkpt>
      <trkpt lat="-30.354737" lon="-63.946472">
        <ele>468.1</ele>
        <time>2025-08-27T14:26:06Z</time>
      </trkpt>
      <trkpt lat="-30.354414" lon="-63.946437">
        <ele>468.6</ele>
        <time>2025-08-27T14:38:06Z</time>
      </trkpt>
      <trkpt lat="-30.354847" lon="-63.946419">
        <ele>469.5</ele>
        <time>2025-08-27T14:42:36Z</time>
      </trkpt>
      <trkpt lat="-30.35464" lon="-63.94792">
        <ele>470.5</ele>
        <time>2025-08-27T14:49:26Z</time>
      </trkpt>
      <trkpt lat="-30.355884" lon="-63.948436">
        <ele>470.6</ele>
        <time>2025-08-27T14:51:06Z</time>
      </trkpt>
      <trkpt lat="-30.355615" lon="-63.950649">
        <ele>472.0</ele>
        <time>2025-08-27T14:52:26Z</time>
      </trkpt>
      <trkpt lat="-30.35666" lon="-63.951155">
        <ele>472.2</ele>
        <time>2025-08-27T14:59:26Z</time>
      </trkpt>
      <trkpt lat="-30.356528" lon="-63.952456">
        <ele>474.4</ele>
        <time>2025-08-27T15:03:46Z</time>
      </trkpt>
      <trkpt lat="-30.356595" lon="-63.952351">
        <ele>473.2</ele>
        <time>2025-08-27T15:08:16Z</time>
      </trkpt>
      <trkpt lat="-30.357115" lon="-63.952654">
        <ele>474.2</ele>
        <time>2025-08-27T15:09:16Z</time>
      </trkpt>
      <trkpt lat="-30.359712" lon="-63.953137">
        <ele>476.6</ele>
        <time>2025-08-27T15:11:16Z</time>
      </trkpt>
      <trkpt lat="-30.360268" lon="-63.951122">
        <ele>475.9</ele>
        <time>2025-08-27T15:14:46Z</time>
      </trkpt>
      <trkpt lat="-30.356454" lon="-63.948492">
        <ele>468.9</ele>
        <time>2025-08-27T16:35:37Z</time>
      </trkpt>
      <trkpt lat="-30.355983" lon="-63.948316">
        <ele>468.3</ele>
        <time>2025-08-27T16:36:26Z</time>
      </trkpt>
      <trkpt lat="-30.357134" lon="-63.940987">
        <ele>466.0</ele>
        <time>2025-08-27T16:52:46Z</time>
      </trkpt>
      <trkpt lat="-30.350716" lon="-63.939537">
        <ele>467.5</ele>
        <time>2025-08-27T16:56:26Z</time>
      </trkpt>
      <trkpt lat="-30.336516" lon="-63.933737">
        <ele>473.5</ele>
        <time>2025-08-27T17:03:06Z</time>
      </trkpt>
      <trkpt lat="-30.321963" lon="-63.925948">
        <ele>477.0</ele>
        <time>2025-08-27T17:09:26Z</time>
      </trkpt>
      <trkpt lat="-30.320744" lon="-63.92572">
        <ele>477.5</ele>
        <time>2025-08-27T17:09:56Z</time>
      </trkpt>
      <trkpt lat="-30.31686" lon="-63.925976">
        <ele>477.1</ele>
        <time>2025-08-27T17:11:26Z</time>
      </trkpt>
      <trkpt lat="-30.315168" lon="-63.925759">
        <ele>476.2</ele>
        <time>2025-08-27T17:12:06Z</time>
      </trkpt>
      <trkpt lat="-30.259351" lon="-63.90353">
        <ele>479.2</ele>
        <time>2025-08-27T17:40:18Z</time>
      </trkpt>
      <trkpt lat="-30.252801" lon="-63.902097">
        <ele>479.3</ele>
        <time>2025-08-27T17:42:58Z</time>
      </trkpt>
      <trkpt lat="-30.234995" lon="-63.890924">
        <ele>459.1</ele>
        <time>2025-08-27T17:51:28Z</time>
      </trkpt>
      <trkpt lat="-30.229624" lon="-63.887744">
        <ele>462.1</ele>
        <time>2025-08-27T17:53:58Z</time>
      </trkpt>
      <trkpt lat="-30.217226" lon="-63.878912">
        <ele>449.4</ele>
        <time>2025-08-27T17:59:18Z</time>
      </trkpt>
      <trkpt lat="-30.216425" lon="-63.87852">
        <ele>448.3</ele>
        <time>2025-08-27T18:00:48Z</time>
      </trkpt>
      <trkpt lat="-30.216775" lon="-63.878372">
        <ele>447.2</ele>
        <time>2025-08-27T18:01:58Z</time>
      </trkpt>
      <trkpt lat="-30.216706" lon="-63.878144">
        <ele>447.9</ele>
        <time>2025-08-27T18:02:58Z</time>
      </trkpt>
      <trkpt lat="-30.216437" lon="-63.878523">
        <ele>449.2</ele>
        <time>2025-08-27T18:14:58Z</time>
      </trkpt>
      <trkpt lat="-30.216497" lon="-63.878354">
        <ele>450.2</ele>
        <time>2025-08-27T18:17:18Z</time>
      </trkpt>
      <trkpt lat="-30.211325" lon="-63.874698">
        <ele>451.1</ele>
        <time>2025-08-27T18:20:28Z</time>
      </trkpt>
      <trkpt lat="-30.177117" lon="-63.864648">
        <ele>463.5</ele>
        <time>2025-08-27T18:35:38Z</time>
      </trkpt>
      <trkpt lat="-30.139685" lon="-63.851477">
        <ele>446.3</ele>
        <time>2025-08-27T18:57:58Z</time>
      </trkpt>
      <trkpt lat="-30.138489" lon="-63.851167">
        <ele>447.2</ele>
        <time>2025-08-27T18:58:28Z</time>
      </trkpt>
      <trkpt lat="-30.124441" lon="-63.849024">
        <ele>459.2</ele>
        <time>2025-08-27T19:04:58Z</time>
      </trkpt>
      <trkpt lat="-30.123295" lon="-63.84817">
        <ele>456.7</ele>
        <time>2025-08-27T19:05:28Z</time>
      </trkpt>
      <trkpt lat="-30.120203" lon="-63.845039">
        <ele>454.1</ele>
        <time>2025-08-27T19:07:58Z</time>
      </trkpt>
      <trkpt lat="-30.116692" lon="-63.841427">
        <ele>451.2</ele>
        <time>2025-08-27T19:10:08Z</time>
      </trkpt>
      <trkpt lat="-30.116701" lon="-63.841125">
        <ele>449.4</ele>
        <time>2025-08-27T19:10:48Z</time>
      </trkpt>
      <trkpt lat="-30.094102" lon="-63.829746">
        <ele>440.1</ele>
        <time>2025-08-27T19:23:36Z</time>
      </trkpt>
      <trkpt lat="-30.090707" lon="-63.828298">
        <ele>440.2</ele>
        <time>2025-08-27T19:25:05Z</time>
      </trkpt>
      <trkpt lat="-30.079679" lon="-63.824698">
        <ele>439.9</ele>
        <time>2025-08-27T19:30:15Z</time>
      </trkpt>
      <trkpt lat="-30.077952" lon="-63.824397">
        <ele>442.2</ele>
        <time>2025-08-27T19:31:05Z</time>
      </trkpt>
      <trkpt lat="-30.076915" lon="-63.823946">
        <ele>443.6</ele>
        <time>2025-08-27T19:32:05Z</time>
      </trkpt>
      <trkpt lat="-30.077065" lon="-63.824168">
        <ele>443.3</ele>
        <time>2025-08-27T19:32:35Z</time>
      </trkpt>
      <trkpt lat="-30.076541" lon="-63.825535">
        <ele>445.7</ele>
        <time>2025-08-27T19:33:25Z</time>
      </trkpt>
      <trkpt lat="-30.0733" lon="-63.823942">
        <ele>447.4</ele>
        <time>2025-08-27T19:35:35Z</time>
      </trkpt>
      <trkpt lat="-30.07294" lon="-63.823905">
        <ele>447.3</ele>
        <time>2025-08-27T19:41:25Z</time>
      </trkpt>
      <trkpt lat="-30.073017" lon="-63.824199">
        <ele>447.0</ele>
        <time>2025-08-27T19:45:25Z</time>
      </trkpt>
      <trkpt lat="-30.073069" lon="-63.823989">
        <ele>446.9</ele>
        <time>2025-08-27T19:46:55Z</time>
      </trkpt>
      <trkpt lat="-30.073389" lon="-63.824262">
        <ele>446.7</ele>
        <time>2025-08-27T19:48:15Z</time>
      </trkpt>
      <trkpt lat="-30.073336" lon="-63.824114">
        <ele>447.0</ele>
        <time>2025-08-27T19:48:25Z</time>
      </trkpt>
      <trkpt lat="-30.072926" lon="-63.824044">
        <ele>446.4</ele>
        <time>2025-08-27T19:50:35Z</time>
      </trkpt>
      <trkpt lat="-30.073068" lon="-63.823817">
        <ele>445.3</ele>
        <time>2025-08-27T20:05:55Z</time>
      </trkpt>
      <trkpt lat="-30.072959" lon="-63.82408">
        <ele>445.2</ele>
        <time>2025-08-27T20:10:55Z</time>
      </trkpt>
      <trkpt lat="-30.073042" lon="-63.823834">
        <ele>445.1</ele>
        <time>2025-08-27T20:14:05Z</time>
      </trkpt>
      <trkpt lat="-30.073123" lon="-63.823987">
        <ele>444.5</ele>
        <time>2025-08-27T20:30:45Z</time>
      </trkpt>
      <trkpt lat="-30.072977" lon="-63.823822">
        <ele>444.9</ele>
        <time>2025-08-27T20:32:45Z</time>
      </trkpt>
      <trkpt lat="-30.073093" lon="-63.822711">
        <ele>442.7</ele>
        <time>2025-08-27T20:39:05Z</time>
      </trkpt>
      <trkpt lat="-30.072999" lon="-63.821675">
        <ele>442.0</ele>
        <time>2025-08-27T20:39:35Z</time>
      </trkpt>
      <trkpt lat="-30.07281" lon="-63.821452">
        <ele>442.0</ele>
        <time>2025-08-27T20:39:45Z</time>
      </trkpt>
      <trkpt lat="-30.063899" lon="-63.816662">
        <ele>444.5</ele>
        <time>2025-08-27T20:44:45Z</time>
      </trkpt>
      <trkpt lat="-30.056249" lon="-63.813555">
        <ele>449.7</ele>
        <time>2025-08-27T20:55:45Z</time>
      </trkpt>
      <trkpt lat="-30.051454" lon="-63.810242">
        <ele>445.6</ele>
        <time>2025-08-27T20:57:55Z</time>
      </trkpt>
      <trkpt lat="-30.04465" lon="-63.806974">
        <ele>438.3</ele>
        <time>2025-08-27T21:00:55Z</time>
      </trkpt>
      <trkpt lat="-30.043393" lon="-63.806142">
        <ele>437.3</ele>
        <time>2025-08-27T21:01:25Z</time>
      </trkpt>
      <trkpt lat="-30.041952" lon="-63.804683">
        <ele>435.6</ele>
        <time>2025-08-27T21:02:05Z</time>
      </trkpt>
      <trkpt lat="-30.034149" lon="-63.795507">
        <ele>436.3</ele>
        <time>2025-08-27T21:06:05Z</time>
      </trkpt>
      <trkpt lat="-30.032146" lon="-63.793523">
        <ele>436.4</ele>
        <time>2025-08-27T21:07:05Z</time>
      </trkpt>
      <trkpt lat="-30.031379" lon="-63.792974">
        <ele>436.3</ele>
        <time>2025-08-27T21:07:25Z</time>
      </trkpt>
      <trkpt lat="-30.009979" lon="-63.7814">
        <ele>425.8</ele>
        <time>2025-08-27T21:14:55Z</time>
      </trkpt>
      <trkpt lat="-29.999592" lon="-63.774539">
        <ele>416.4</ele>
        <time>2025-08-27T21:18:45Z</time>
      </trkpt>
      <trkpt lat="-29.984405" lon="-63.76492">
        <ele>416.4</ele>
        <time>2025-08-27T21:24:56Z</time>
      </trkpt>
      <trkpt lat="-29.983579" lon="-63.764032">
        <ele>414.1</ele>
        <time>2025-08-27T21:25:16Z</time>
      </trkpt>
      <trkpt lat="-29.980929" lon="-63.760175">
        <ele>411.4</ele>
        <time>2025-08-27T21:26:26Z</time>
      </trkpt>
      <trkpt lat="-29.975192" lon="-63.753308">
        <ele>397.1</ele>
        <time>2025-08-27T21:28:36Z</time>
      </trkpt>
      <trkpt lat="-29.970784" lon="-63.746902">
        <ele>394.0</ele>
        <time>2025-08-27T21:30:46Z</time>
      </trkpt>
      <trkpt lat="-29.969566" lon="-63.745782">
        <ele>395.0</ele>
        <time>2025-08-27T21:31:26Z</time>
      </trkpt>
      <trkpt lat="-29.962066" lon="-63.742027">
        <ele>390.1</ele>
        <time>2025-08-27T21:34:06Z</time>
      </trkpt>
      <trkpt lat="-29.960226" lon="-63.741377">
        <ele>388.0</ele>
        <time>2025-08-27T21:34:46Z</time>
      </trkpt>
      <trkpt lat="-29.914466" lon="-63.727127">
        <ele>334.9</ele>
        <time>2025-08-27T22:00:26Z</time>
      </trkpt>
      <trkpt lat="-29.906533" lon="-63.725033">
        <ele>335.2</ele>
        <time>2025-08-27T22:03:36Z</time>
      </trkpt>
      <trkpt lat="-29.905676" lon="-63.725098">
        <ele>334.6</ele>
        <time>2025-08-27T22:06:06Z</time>
      </trkpt>
      <trkpt lat="-29.905502" lon="-63.724955">
        <ele>333.5</ele>
        <time>2025-08-27T22:22:46Z</time>
      </trkpt>
      <trkpt lat="-29.905234" lon="-63.725147">
        <ele>333.7</ele>
        <time>2025-08-27T22:23:26Z</time>
      </trkpt>
      <trkpt lat="-29.903988" lon="-63.729785">
        <ele>336.8</ele>
        <time>2025-08-27T22:25:56Z</time>
      </trkpt>
      <trkpt lat="-29.903783" lon="-63.729952">
        <ele>337.3</ele>
        <time>2025-08-27T22:26:06Z</time>
      </trkpt>
      <trkpt lat="-29.901118" lon="-63.728943">
        <ele>339.8</ele>
        <time>2025-08-27T22:27:46Z</time>
      </trkpt>
      <trkpt lat="-29.900921" lon="-63.728936">
        <ele>340.2</ele>
        <time>2025-08-27T22:27:56Z</time>
      </trkpt>
      <trkpt lat="-29.900835" lon="-63.729136">
        <ele>340.5</ele>
        <time>2025-08-27T22:28:46Z</time>
      </trkpt>
      <trkpt lat="-29.900662" lon="-63.729017">
        <ele>340.4</ele>
        <time>2025-08-27T22:30:06Z</time>
      </trkpt>
      <trkpt lat="-29.900568" lon="-63.729178">
        <ele>340.3</ele>
        <time>2025-08-27T22:35:46Z</time>
      </trkpt>
      <trkpt lat="-29.900682" lon="-63.729208">
        <ele>340.1</ele>
        <time>2025-08-27T22:37:06Z</time>
      </trkpt>
      <trkpt lat="-29.900631" lon="-63.729048">
        <ele>339.5</ele>
        <time>2025-08-27T22:45:26Z</time>
      </trkpt>
      <trkpt lat="-29.900712" lon="-63.729194">
        <ele>337.5</ele>
        <time>2025-08-27T23:12:06Z</time>
      </trkpt>
      <trkpt lat="-29.900663" lon="-63.729044">
        <ele>336.6</ele>
        <time>2025-08-27T23:15:16Z</time>
      </trkpt>
      <trkpt lat="-29.900714" lon="-63.729174">
        <ele>336.6</ele>
        <time>2025-08-27T23:16:36Z</time>
      </trkpt>
      <trkpt lat="-29.901759" lon="-63.729198">
        <ele>336.3</ele>
        <time>2025-08-27T23:19:36Z</time>
      </trkpt>
      <trkpt lat="-29.900763" lon="-63.729086">
        <ele>334.8</ele>
        <time>2025-08-27T23:45:35Z</time>
      </trkpt>
      <trkpt lat="-29.900714" lon="-63.729206">
        <ele>333.4</ele>
        <time>2025-08-27T23:54:45Z</time>
      </trkpt>
      <trkpt lat="-29.901032" lon="-63.72869">
        <ele>346.4</ele>
        <time>2025-08-28T13:03:31Z</time>
      </trkpt>
      <trkpt lat="-29.900519" lon="-63.729095">
        <ele>349.3</ele>
        <time>2025-08-28T13:25:19Z</time>
      </trkpt>
      <trkpt lat="-29.900822" lon="-63.729007">
        <ele>348.7</ele>
        <time>2025-08-28T13:30:49Z</time>
      </trkpt>
      <trkpt lat="-29.900851" lon="-63.72914">
        <ele>349.2</ele>
        <time>2025-08-28T13:35:09Z</time>
      </trkpt>
      <trkpt lat="-29.902585" lon="-63.724461">
        <ele>345.6</ele>
        <time>2025-08-28T13:38:19Z</time>
      </trkpt>
      <trkpt lat="-29.902624" lon="-63.724205">
        <ele>345.6</ele>
        <time>2025-08-28T13:38:29Z</time>
      </trkpt>
      <trkpt lat="-29.901698" lon="-63.72396">
        <ele>346.6</ele>
        <time>2025-08-28T13:39:29Z</time>
      </trkpt>
      <trkpt lat="-29.901629" lon="-63.723771">
        <ele>347.5</ele>
        <time>2025-08-28T13:39:39Z</time>
      </trkpt>
      <trkpt lat="-29.901786" lon="-63.723567">
        <ele>347.1</ele>
        <time>2025-08-28T13:39:49Z</time>
      </trkpt>
      <trkpt lat="-29.902695" lon="-63.723692">
        <ele>346.1</ele>
        <time>2025-08-28T13:40:19Z</time>
      </trkpt>
      <trkpt lat="-29.902712" lon="-63.723535">
        <ele>346.1</ele>
        <time>2025-08-28T13:46:39Z</time>
      </trkpt>
      <trkpt lat="-29.90262" lon="-63.723901">
        <ele>347.1</ele>
        <time>2025-08-28T13:59:29Z</time>
      </trkpt>
      <trkpt lat="-29.898386" lon="-63.723118">
        <ele>353.1</ele>
        <time>2025-08-28T14:01:39Z</time>
      </trkpt>
      <trkpt lat="-29.871025" lon="-63.722363">
        <ele>402.7</ele>
        <time>2025-08-28T14:21:19Z</time>
      </trkpt>
      <trkpt lat="-29.869214" lon="-63.722452">
        <ele>404.2</ele>
        <time>2025-08-28T14:23:19Z</time>
      </trkpt>
      <trkpt lat="-29.867003" lon="-63.723493">
        <ele>406.1</ele>
        <time>2025-08-28T14:24:29Z</time>
      </trkpt>
      <trkpt lat="-29.854339" lon="-63.730346">
        <ele>440.2</ele>
        <time>2025-08-28T14:32:59Z</time>
      </trkpt>
      <trkpt lat="-29.853785" lon="-63.731003">
        <ele>444.9</ele>
        <time>2025-08-28T14:33:39Z</time>
      </trkpt>
      <trkpt lat="-29.852095" lon="-63.734719">
        <ele>468.8</ele>
        <time>2025-08-28T14:37:29Z</time>
      </trkpt>
      <trkpt lat="-29.851228" lon="-63.73569">
        <ele>471.4</ele>
        <time>2025-08-28T14:38:29Z</time>
      </trkpt>
      <trkpt lat="-29.844782" lon="-63.738021">
        <ele>507.2</ele>
        <time>2025-08-28T14:46:09Z</time>
      </trkpt>
      <trkpt lat="-29.838402" lon="-63.738013">
        <ele>517.7</ele>
        <time>2025-08-28T14:53:49Z</time>
      </trkpt>
      <trkpt lat="-29.826611" lon="-63.734615">
        <ele>524.2</ele>
        <time>2025-08-28T15:16:19Z</time>
      </trkpt>
      <trkpt lat="-29.825311" lon="-63.734392">
        <ele>520.1</ele>
        <time>2025-08-28T15:16:39Z</time>
      </trkpt>
      <trkpt lat="-29.808903" lon="-63.736407">
        <ele>536.6</ele>
        <time>2025-08-28T15:24:19Z</time>
      </trkpt>
      <trkpt lat="-29.806775" lon="-63.736342">
        <ele>541.2</ele>
        <time>2025-08-28T15:25:49Z</time>
      </trkpt>
      <trkpt lat="-29.804977" lon="-63.736536">
        <ele>543.0</ele>
        <time>2025-08-28T15:26:59Z</time>
      </trkpt>
      <trkpt lat="-29.8019" lon="-63.73563">
        <ele>550.7</ele>
        <time>2025-08-28T15:29:19Z</time>
      </trkpt>
      <trkpt lat="-29.793958" lon="-63.734067">
        <ele>584.9</ele>
        <time>2025-08-28T15:41:59Z</time>
      </trkpt>
      <trkpt lat="-29.792079" lon="-63.733858">
        <ele>585.4</ele>
        <time>2025-08-28T15:45:39Z</time>
      </trkpt>
      <trkpt lat="-29.791071" lon="-63.734046">
        <ele>584.3</ele>
        <time>2025-08-28T15:46:09Z</time>
      </trkpt>
      <trkpt lat="-29.790182" lon="-63.734516">
        <ele>585.3</ele>
        <time>2025-08-28T15:46:39Z</time>
      </trkpt>
      <trkpt lat="-29.787048" lon="-63.73777">
        <ele>602.6</ele>
        <time>2025-08-28T15:50:19Z</time>
      </trkpt>
      <trkpt lat="-29.783711" lon="-63.740441">
        <ele>586.2</ele>
        <time>2025-08-28T15:59:39Z</time>
      </trkpt>
      <trkpt lat="-29.782868" lon="-63.74089">
        <ele>582.1</ele>
        <time>2025-08-28T15:59:49Z</time>
      </trkpt>
      <trkpt lat="-29.777488" lon="-63.741963">
        <ele>570.0</ele>
        <time>2025-08-28T16:01:09Z</time>
      </trkpt>
      <trkpt lat="-29.770656" lon="-63.741941">
        <ele>559.0</ele>
        <time>2025-08-28T16:03:19Z</time>
      </trkpt>
      <trkpt lat="-29.764824" lon="-63.739943">
        <ele>558.2</ele>
        <time>2025-08-28T16:05:59Z</time>
      </trkpt>
      <trkpt lat="-29.763722" lon="-63.739361">
        <ele>554.6</ele>
        <time>2025-08-28T16:06:19Z</time>
      </trkpt>
      <trkpt lat="-29.76243" lon="-63.73822">
        <ele>553.0</ele>
        <time>2025-08-28T16:09:59Z</time>
      </trkpt>
      <trkpt lat="-29.762423" lon="-63.738388">
        <ele>552.9</ele>
        <time>2025-08-28T16:10:39Z</time>
      </trkpt>
      <trkpt lat="-29.762548" lon="-63.738298">
        <ele>553.2</ele>
        <time>2025-08-28T16:12:49Z</time>
      </trkpt>
      <trkpt lat="-29.762469" lon="-63.738413">
        <ele>553.8</ele>
        <time>2025-08-28T16:16:49Z</time>
      </trkpt>
      <trkpt lat="-29.76253" lon="-63.738305">
        <ele>556.8</ele>
        <time>2025-08-28T16:19:39Z</time>
      </trkpt>
      <trkpt lat="-29.756297" lon="-63.73244">
        <ele>571.6</ele>
        <time>2025-08-28T16:36:39Z</time>
      </trkpt>
      <trkpt lat="-29.755114" lon="-63.731538">
        <ele>576.3</ele>
        <time>2025-08-28T16:37:59Z</time>
      </trkpt>
      <trkpt lat="-29.740787" lon="-63.724771">
        <ele>609.9</ele>
        <time>2025-08-28T16:48:49Z</time>
      </trkpt>
      <trkpt lat="-29.739503" lon="-63.724332">
        <ele>615.1</ele>
        <time>2025-08-28T16:49:49Z</time>
      </trkpt>
      <trkpt lat="-29.737781" lon="-63.724376">
        <ele>611.8</ele>
        <time>2025-08-28T16:50:49Z</time>
      </trkpt>
      <trkpt lat="-29.719018" lon="-63.728492">
        <ele>645.5</ele>
        <time>2025-08-28T17:06:29Z</time>
      </trkpt>
      <trkpt lat="-29.697718" lon="-63.728191">
        <ele>633.0</ele>
        <time>2025-08-28T17:21:09Z</time>
      </trkpt>
      <trkpt lat="-29.663742" lon="-63.722131">
        <ele>616.1</ele>
        <time>2025-08-28T17:52:09Z</time>
      </trkpt>
      <trkpt lat="-29.596891" lon="-63.710589">
        <ele>632.8</ele>
        <time>2025-08-28T19:16:59Z</time>
      </trkpt>
      <trkpt lat="-29.554833" lon="-63.711414">
        <ele>605.7</ele>
        <time>2025-08-28T19:42:09Z</time>
      </trkpt>
      <trkpt lat="-29.570911" lon="-63.711178">
        <ele>585.0</ele>
        <time>2025-08-28T19:47:59Z</time>
      </trkpt>
      <trkpt lat="-29.571165" lon="-63.711245">
        <ele>585.1</ele>
        <time>2025-08-28T19:48:09Z</time>
      </trkpt>
      <trkpt lat="-29.571261" lon="-63.711528">
        <ele>584.1</ele>
        <time>2025-08-28T19:48:19Z</time>
      </trkpt>
      <trkpt lat="-29.571689" lon="-63.711839">
        <ele>586.0</ele>
        <time>2025-08-28T19:48:39Z</time>
      </trkpt>
      <trkpt lat="-29.572956" lon="-63.71368">
        <ele>584.8</ele>
        <time>2025-08-28T19:51:39Z</time>
      </trkpt>
      <trkpt lat="-29.572791" lon="-63.713977">
        <ele>584.7</ele>
        <time>2025-08-28T20:00:39Z</time>
      </trkpt>
      <trkpt lat="-29.572883" lon="-63.713709">
        <ele>587.8</ele>
        <time>2025-08-28T20:21:19Z</time>
      </trkpt>
      <trkpt lat="-29.572907" lon="-63.713834">
        <ele>588.1</ele>
        <time>2025-08-28T20:22:59Z</time>
      </trkpt>
      <trkpt lat="-29.573101" lon="-63.713645">
        <ele>588.6</ele>
        <time>2025-08-28T20:24:59Z</time>
      </trkpt>
      <trkpt lat="-29.571054" lon="-63.711121">
        <ele>587.9</ele>
        <time>2025-08-28T20:26:39Z</time>
      </trkpt>
      <trkpt lat="-29.552497" lon="-63.711495">
        <ele>590.3</ele>
        <time>2025-08-28T20:28:29Z</time>
      </trkpt>
      <trkpt lat="-29.53477" lon="-63.709959">
        <ele>592.5</ele>
        <time>2025-08-28T20:29:49Z</time>
      </trkpt>
      <trkpt lat="-29.524772" lon="-63.710124">
        <ele>616.5</ele>
        <time>2025-08-28T20:30:49Z</time>
      </trkpt>
      <trkpt lat="-29.518779" lon="-63.707106">
        <ele>601.3</ele>
        <time>2025-08-28T20:31:28Z</time>
      </trkpt>
      <trkpt lat="-29.509199" lon="-63.701777">
        <ele>599.5</ele>
        <time>2025-08-28T20:32:38Z</time>
      </trkpt>
      <trkpt lat="-29.505183" lon="-63.700188">
        <ele>581.4</ele>
        <time>2025-08-28T20:33:08Z</time>
      </trkpt>
      <trkpt lat="-29.504373" lon="-63.699454">
        <ele>580.0</ele>
        <time>2025-08-28T20:33:18Z</time>
      </trkpt>
      <trkpt lat="-29.503723" lon="-63.698389">
        <ele>576.5</ele>
        <time>2025-08-28T20:33:38Z</time>
      </trkpt>
      <trkpt lat="-29.503512" lon="-63.698485">
        <ele>576.4</ele>
        <time>2025-08-28T20:36:48Z</time>
      </trkpt>
      <trkpt lat="-29.503628" lon="-63.698294">
        <ele>577.1</ele>
        <time>2025-08-28T20:50:08Z</time>
      </trkpt>
      <trkpt lat="-29.503737" lon="-63.698414">
        <ele>577.6</ele>
        <time>2025-08-28T20:56:48Z</time>
      </trkpt>
      <trkpt lat="-29.50348" lon="-63.698459">
        <ele>578.2</ele>
        <time>2025-08-28T20:58:38Z</time>
      </trkpt>
      <trkpt lat="-29.503758" lon="-63.698392">
        <ele>578.0</ele>
        <time>2025-08-28T21:03:58Z</time>
      </trkpt>
      <trkpt lat="-29.504444" lon="-63.699774">
        <ele>580.8</ele>
        <time>2025-08-28T21:06:08Z</time>
      </trkpt>
      <trkpt lat="-29.502071" lon="-63.698982">
        <ele>592.8</ele>
        <time>2025-08-28T21:06:58Z</time>
      </trkpt>
      <trkpt lat="-29.501712" lon="-63.698691">
        <ele>590.8</ele>
        <time>2025-08-28T21:07:08Z</time>
      </trkpt>
      <trkpt lat="-29.501524" lon="-63.694852">
        <ele>577.7</ele>
        <time>2025-08-28T21:08:28Z</time>
      </trkpt>
      <trkpt lat="-29.501252" lon="-63.694699">
        <ele>578.3</ele>
        <time>2025-08-28T21:08:38Z</time>
      </trkpt>
      <trkpt lat="-29.500684" lon="-63.69473">
        <ele>579.4</ele>
        <time>2025-08-28T21:09:18Z</time>
      </trkpt>
      <trkpt lat="-29.500736" lon="-63.694572">
        <ele>580.6</ele>
        <time>2025-08-28T21:11:28Z</time>
      </trkpt>
      <trkpt lat="-29.500755" lon="-63.694733">
        <ele>579.2</ele>
        <time>2025-08-28T21:14:28Z</time>
      </trkpt>
      <trkpt lat="-29.500531" lon="-63.694784">
        <ele>579.1</ele>
        <time>2025-08-28T21:14:58Z</time>
      </trkpt>
      <trkpt lat="-29.500522" lon="-63.695861">
        <ele>573.9</ele>
        <time>2025-08-28T21:15:28Z</time>
      </trkpt>
      <trkpt lat="-29.503212" lon="-63.696317">
        <ele>572.5</ele>
        <time>2025-08-28T21:16:18Z</time>
      </trkpt>
      <trkpt lat="-29.503902" lon="-63.698779">
        <ele>578.6</ele>
        <time>2025-08-28T21:16:58Z</time>
      </trkpt>
      <trkpt lat="-29.504502" lon="-63.699847">
        <ele>580.8</ele>
        <time>2025-08-28T21:17:18Z</time>
      </trkpt>
      <trkpt lat="-29.508906" lon="-63.701685">
        <ele>595.8</ele>
        <time>2025-08-28T21:17:58Z</time>
      </trkpt>
      <trkpt lat="-29.513513" lon="-63.704202">
        <ele>586.0</ele>
        <time>2025-08-28T21:18:38Z</time>
      </trkpt>
      <trkpt lat="-29.514914" lon="-63.70457">
        <ele>582.8</ele>
        <time>2025-08-28T21:19:08Z</time>
      </trkpt>
      <trkpt lat="-29.515012" lon="-63.704692">
        <ele>582.8</ele>
        <time>2025-08-28T21:20:08Z</time>
      </trkpt>
      <trkpt lat="-29.514879" lon="-63.704792">
        <ele>582.8</ele>
        <time>2025-08-28T21:21:39Z</time>
      </trkpt>
      <trkpt lat="-29.51564" lon="-63.705465">
        <ele>584.8</ele>
        <time>2025-08-28T21:27:39Z</time>
      </trkpt>
      <trkpt lat="-29.524665" lon="-63.710144">
        <ele>622.1</ele>
        <time>2025-08-28T21:28:59Z</time>
      </trkpt>
      <trkpt lat="-29.526497" lon="-63.7104">
        <ele>622.4</ele>
        <time>2025-08-28T21:29:09Z</time>
      </trkpt>
      <trkpt lat="-29.534101" lon="-63.709981">
        <ele>598.7</ele>
        <time>2025-08-28T21:29:49Z</time>
      </trkpt>
      <trkpt lat="-29.552765" lon="-63.711558">
        <ele>602.7</ele>
        <time>2025-08-28T21:31:19Z</time>
      </trkpt>
      <trkpt lat="-29.571145" lon="-63.711216">
        <ele>590.0</ele>
        <time>2025-08-28T21:32:59Z</time>
      </trkpt>
      <trkpt lat="-29.572933" lon="-63.713656">
        <ele>590.5</ele>
        <time>2025-08-28T21:34:39Z</time>
      </trkpt>
      <trkpt lat="-29.572736" lon="-63.713875">
        <ele>589.4</ele>
        <time>2025-08-28T21:37:29Z</time>
      </trkpt>
      <trkpt lat="-29.57299" lon="-63.713751">
        <ele>590.3</ele>
        <time>2025-08-28T21:39:39Z</time>
      </trkpt>
      <trkpt lat="-29.57266" lon="-63.713899">
        <ele>589.1</ele>
        <time>2025-08-28T21:43:29Z</time>
      </trkpt>
      <trkpt lat="-29.572891" lon="-63.713984">
        <ele>589.5</ele>
        <time>2025-08-28T21:46:09Z</time>
      </trkpt>
      <trkpt lat="-29.572673" lon="-63.713833">
        <ele>589.5</ele>
        <time>2025-08-28T21:51:09Z</time>
      </trkpt>
      <trkpt lat="-29.572933" lon="-63.713734">
        <ele>590.6</ele>
        <time>2025-08-28T21:52:59Z</time>
      </trkpt>
      <trkpt lat="-29.572628" lon="-63.713903">
        <ele>588.9</ele>
        <time>2025-08-28T22:01:59Z</time>
      </trkpt>
      <trkpt lat="-29.572666" lon="-63.713784">
        <ele>589.3</ele>
        <time>2025-08-28T22:05:49Z</time>
      </trkpt>
      <trkpt lat="-29.572801" lon="-63.713977">
        <ele>589.1</ele>
        <time>2025-08-28T22:13:39Z</time>
      </trkpt>
      <trkpt lat="-29.572853" lon="-63.713796">
        <ele>589.4</ele>
        <time>2025-08-28T22:17:39Z</time>
      </trkpt>
      <trkpt lat="-29.572732" lon="-63.713949">
        <ele>589.0</ele>
        <time>2025-08-28T22:18:39Z</time>
      </trkpt>
      <trkpt lat="-29.572667" lon="-63.713835">
        <ele>589.1</ele>
        <time>2025-08-28T22:19:09Z</time>
      </trkpt>
      <trkpt lat="-29.572784" lon="-63.713945">
        <ele>588.7</ele>
        <time>2025-08-28T22:22:29Z</time>
      </trkpt>
      <trkpt lat="-29.572907" lon="-63.71368">
        <ele>590.6</ele>
        <time>2025-08-28T22:30:09Z</time>
      </trkpt>
      <trkpt lat="-29.572956" lon="-63.713861">
        <ele>590.6</ele>
        <time>2025-08-28T22:37:29Z</time>
      </trkpt>
      <trkpt lat="-29.572886" lon="-63.713717">
        <ele>590.2</ele>
        <time>2025-08-28T22:40:59Z</time>
      </trkpt>
      <trkpt lat="-29.57266" lon="-63.713859">
        <ele>589.6</ele>
        <time>2025-08-28T22:49:19Z</time>
      </trkpt>
      <trkpt lat="-29.572911" lon="-63.713718">
        <ele>590.6</ele>
        <time>2025-08-28T22:50:19Z</time>
      </trkpt>
      <trkpt lat="-29.572996" lon="-63.713857">
        <ele>590.8</ele>
        <time>2025-08-28T22:50:49Z</time>
      </trkpt>
      <trkpt lat="-29.572905" lon="-63.713632">
        <ele>590.6</ele>
        <time>2025-08-28T22:58:49Z</time>
      </trkpt>
      <trkpt lat="-29.572938" lon="-63.71399">
        <ele>589.8</ele>
        <time>2025-08-28T22:59:59Z</time>
      </trkpt>
      <trkpt lat="-29.572787" lon="-63.71384">
        <ele>589.6</ele>
        <time>2025-08-28T23:01:29Z</time>
      </trkpt>
      <trkpt lat="-29.572975" lon="-63.713907">
        <ele>590.4</ele>
        <time>2025-08-28T23:02:49Z</time>
      </trkpt>
      <trkpt lat="-29.572927" lon="-63.713684">
        <ele>590.4</ele>
        <time>2025-08-28T23:03:29Z</time>
      </trkpt>
      <trkpt lat="-29.572814" lon="-63.71385">
        <ele>540.2</ele>
        <time>2025-08-29T11:24:31Z</time>
      </trkpt>
      <trkpt lat="-29.572714" lon="-63.713398">
        <ele>543.4</ele>
        <time>2025-08-29T11:36:11Z</time>
      </trkpt>
      <trkpt lat="-29.571656" lon="-63.711833">
        <ele>544.1</ele>
        <time>2025-08-29T11:38:41Z</time>
      </trkpt>
      <trkpt lat="-29.571145" lon="-63.711452">
        <ele>541.7</ele>
        <time>2025-08-29T11:39:31Z</time>
      </trkpt>
      <trkpt lat="-29.571097" lon="-63.711132">
        <ele>543.8</ele>
        <time>2025-08-29T11:40:01Z</time>
      </trkpt>
      <trkpt lat="-29.552713" lon="-63.711494">
        <ele>556.4</ele>
        <time>2025-08-29T11:55:00Z</time>
      </trkpt>
      <trkpt lat="-29.534731" lon="-63.709918">
        <ele>540.7</ele>
        <time>2025-08-29T12:03:10Z</time>
      </trkpt>
      <trkpt lat="-29.52558" lon="-63.710345">
        <ele>572.0</ele>
        <time>2025-08-29T12:29:10Z</time>
      </trkpt>
      <trkpt lat="-29.524298" lon="-63.709966">
        <ele>573.7</ele>
        <time>2025-08-29T12:29:50Z</time>
      </trkpt>
      <trkpt lat="-29.520682" lon="-63.708141">
        <ele>558.6</ele>
        <time>2025-08-29T12:31:10Z</time>
      </trkpt>
      <trkpt lat="-29.509847" lon="-63.702149">
        <ele>547.9</ele>
        <time>2025-08-29T12:36:10Z</time>
      </trkpt>
      <trkpt lat="-29.507883" lon="-63.701267">
        <ele>542.0</ele>
        <time>2025-08-29T12:37:20Z</time>
      </trkpt>
      <trkpt lat="-29.507042" lon="-63.700648">
        <ele>535.2</ele>
        <time>2025-08-29T12:37:40Z</time>
      </trkpt>
      <trkpt lat="-29.504661" lon="-63.6997">
        <ele>529.7</ele>
        <time>2025-08-29T12:38:30Z</time>
      </trkpt>
      <trkpt lat="-29.504342" lon="-63.699779">
        <ele>531.8</ele>
        <time>2025-08-29T12:38:50Z</time>
      </trkpt>
      <trkpt lat="-29.501837" lon="-63.698928">
        <ele>542.6</ele>
        <time>2025-08-29T12:46:50Z</time>
      </trkpt>
      <trkpt lat="-29.48648" lon="-63.694977">
        <ele>546.9</ele>
        <time>2025-08-29T12:55:00Z</time>
      </trkpt>
      <trkpt lat="-29.485668" lon="-63.69484">
        <ele>547.0</ele>
        <time>2025-08-29T12:55:20Z</time>
      </trkpt>
      <trkpt lat="-29.485189" lon="-63.695166">
        <ele>547.0</ele>
        <time>2025-08-29T12:55:50Z</time>
      </trkpt>
      <trkpt lat="-29.485261" lon="-63.695334">
        <ele>548.3</ele>
        <time>2025-08-29T13:24:20Z</time>
      </trkpt>
      <trkpt lat="-29.485261" lon="-63.695184">
        <ele>547.7</ele>
        <time>2025-08-29T13:27:20Z</time>
      </trkpt>
      <trkpt lat="-29.485014" lon="-63.695248">
        <ele>546.8</ele>
        <time>2025-08-29T13:28:40Z</time>
      </trkpt>
      <trkpt lat="-29.485113" lon="-63.695084">
        <ele>548.0</ele>
        <time>2025-08-29T13:29:40Z</time>
      </trkpt>
      <trkpt lat="-29.485188" lon="-63.695324">
        <ele>547.9</ele>
        <time>2025-08-29T13:31:00Z</time>
      </trkpt>
      <trkpt lat="-29.48529" lon="-63.69513">
        <ele>548.3</ele>
        <time>2025-08-29T13:40:10Z</time>
      </trkpt>
      <trkpt lat="-29.485143" lon="-63.69517">
        <ele>548.4</ele>
        <time>2025-08-29T13:44:30Z</time>
      </trkpt>
      <trkpt lat="-29.484765" lon="-63.694544">
        <ele>548.0</ele>
        <time>2025-08-29T13:45:00Z</time>
      </trkpt>
      <trkpt lat="-29.481993" lon="-63.693857">
        <ele>538.2</ele>
        <time>2025-08-29T13:46:30Z</time>
      </trkpt>
      <trkpt lat="-29.475384" lon="-63.693714">
        <ele>528.5</ele>
        <time>2025-08-29T13:48:40Z</time>
      </trkpt>
      <trkpt lat="-29.470774" lon="-63.694047">
        <ele>515.5</ele>
        <time>2025-08-29T13:50:00Z</time>
      </trkpt>
      <trkpt lat="-29.466558" lon="-63.693613">
        <ele>513.7</ele>
        <time>2025-08-29T13:51:30Z</time>
      </trkpt>
      <trkpt lat="-29.465644" lon="-63.693703">
        <ele>513.2</ele>
        <time>2025-08-29T13:51:50Z</time>
      </trkpt>
      <trkpt lat="-29.463292" lon="-63.694708">
        <ele>510.1</ele>
        <time>2025-08-29T13:52:50Z</time>
      </trkpt>
      <trkpt lat="-29.458575" lon="-63.695792">
        <ele>504.7</ele>
        <time>2025-08-29T13:59:30Z</time>
      </trkpt>
      <trkpt lat="-29.457521" lon="-63.696326">
        <ele>499.2</ele>
        <time>2025-08-29T13:59:51Z</time>
      </trkpt>
      <trkpt lat="-29.454913" lon="-63.698698">
        <ele>499.2</ele>
        <time>2025-08-29T14:00:50Z</time>
      </trkpt>
      <trkpt lat="-29.453951" lon="-63.699277">
        <ele>498.4</ele>
        <time>2025-08-29T14:01:10Z</time>
      </trkpt>
      <trkpt lat="-29.450195" lon="-63.700606">
        <ele>497.1</ele>
        <time>2025-08-29T14:02:30Z</time>
      </trkpt>
      <trkpt lat="-29.443617" lon="-63.703289">
        <ele>491.4</ele>
        <time>2025-08-29T14:05:10Z</time>
      </trkpt>
      <trkpt lat="-29.432913" lon="-63.707883">
        <ele>482.7</ele>
        <time>2025-08-29T14:09:10Z</time>
      </trkpt>
      <trkpt lat="-29.431028" lon="-63.708266">
        <ele>482.2</ele>
        <time>2025-08-29T14:09:50Z</time>
      </trkpt>
      <trkpt lat="-29.424836" lon="-63.708542">
        <ele>482.0</ele>
        <time>2025-08-29T14:12:30Z</time>
      </trkpt>
      <trkpt lat="-29.410731" lon="-63.710268">
        <ele>469.3</ele>
        <time>2025-08-29T14:34:41Z</time>
      </trkpt>
      <trkpt lat="-29.409729" lon="-63.710845">
        <ele>471.4</ele>
        <time>2025-08-29T14:35:11Z</time>
      </trkpt>
      <trkpt lat="-29.407373" lon="-63.71338">
        <ele>471.1</ele>
        <time>2025-08-29T14:36:35Z</time>
      </trkpt>
      <trkpt lat="-29.401064" lon="-63.720991">
        <ele>457.7</ele>
        <time>2025-08-29T14:39:00Z</time>
      </trkpt>
      <trkpt lat="-29.388867" lon="-63.730208">
        <ele>458.3</ele>
        <time>2025-08-29T14:44:20Z</time>
      </trkpt>
      <trkpt lat="-29.386951" lon="-63.731932">
        <ele>460.8</ele>
        <time>2025-08-29T14:45:30Z</time>
      </trkpt>
      <trkpt lat="-29.360045" lon="-63.764581">
        <ele>458.3</ele>
        <time>2025-08-29T15:01:00Z</time>
      </trkpt>
      <trkpt lat="-29.358159" lon="-63.767452">
        <ele>460.3</ele>
        <time>2025-08-29T15:02:10Z</time>
      </trkpt>
      <trkpt lat="-29.354271" lon="-63.775357">
        <ele>458.5</ele>
        <time>2025-08-29T15:04:41Z</time>
      </trkpt>
      <trkpt lat="-29.354105" lon="-63.775992">
        <ele>458.9</ele>
        <time>2025-08-29T15:11:41Z</time>
      </trkpt>
      <trkpt lat="-29.353821" lon="-63.77629">
        <ele>461.7</ele>
        <time>2025-08-29T15:21:01Z</time>
      </trkpt>
      <trkpt lat="-29.351268" lon="-63.7814">
        <ele>461.3</ele>
        <time>2025-08-29T15:22:51Z</time>
      </trkpt>
      <trkpt lat="-29.348618" lon="-63.784307">
        <ele>466.8</ele>
        <time>2025-08-29T15:24:21Z</time>
      </trkpt>
      <trkpt lat="-29.347728" lon="-63.785567">
        <ele>466.6</ele>
        <time>2025-08-29T15:24:51Z</time>
      </trkpt>
      <trkpt lat="-29.346099" lon="-63.788915">
        <ele>462.4</ele>
        <time>2025-08-29T15:25:51Z</time>
      </trkpt>
      <trkpt lat="-29.342557" lon="-63.79793">
        <ele>470.9</ele>
        <time>2025-08-29T15:29:01Z</time>
      </trkpt>
      <trkpt lat="-29.341947" lon="-63.799049">
        <ele>471.9</ele>
        <time>2025-08-29T15:29:31Z</time>
      </trkpt>
      <trkpt lat="-29.341036" lon="-63.80012">
        <ele>472.1</ele>
        <time>2025-08-29T15:30:01Z</time>
      </trkpt>
      <trkpt lat="-29.339697" lon="-63.800996">
        <ele>469.4</ele>
        <time>2025-08-29T15:30:31Z</time>
      </trkpt>
      <trkpt lat="-29.338666" lon="-63.801336">
        <ele>467.3</ele>
        <time>2025-08-29T15:30:51Z</time>
      </trkpt>
      <trkpt lat="-29.335498" lon="-63.801542">
        <ele>463.1</ele>
        <time>2025-08-29T15:31:51Z</time>
      </trkpt>
      <trkpt lat="-29.33452" lon="-63.801764">
        <ele>462.1</ele>
        <time>2025-08-29T15:32:11Z</time>
      </trkpt>
      <trkpt lat="-29.333526" lon="-63.802239">
        <ele>460.3</ele>
        <time>2025-08-29T15:32:31Z</time>
      </trkpt>
      <trkpt lat="-29.332551" lon="-63.802977">
        <ele>457.8</ele>
        <time>2025-08-29T15:32:51Z</time>
      </trkpt>
      <trkpt lat="-29.331019" lon="-63.805122">
        <ele>455.6</ele>
        <time>2025-08-29T15:33:31Z</time>
      </trkpt>
      <trkpt lat="-29.327487" lon="-63.811024">
        <ele>446.5</ele>
        <time>2025-08-29T15:35:21Z</time>
      </trkpt>
      <trkpt lat="-29.324912" lon="-63.816043">
        <ele>445.5</ele>
        <time>2025-08-29T15:36:51Z</time>
      </trkpt>
      <trkpt lat="-29.324089" lon="-63.817054">
        <ele>440.7</ele>
        <time>2025-08-29T15:37:11Z</time>
      </trkpt>
      <trkpt lat="-29.319038" lon="-63.820346">
        <ele>427.4</ele>
        <time>2025-08-29T15:38:41Z</time>
      </trkpt>
      <trkpt lat="-29.311828" lon="-63.82682">
        <ele>409.7</ele>
        <time>2025-08-29T15:40:51Z</time>
      </trkpt>
      <trkpt lat="-29.30417" lon="-63.834131">
        <ele>394.2</ele>
        <time>2025-08-29T15:43:31Z</time>
      </trkpt>
      <trkpt lat="-29.302736" lon="-63.83509">
        <ele>393.5</ele>
        <time>2025-08-29T15:44:01Z</time>
      </trkpt>
      <trkpt lat="-29.3012" lon="-63.835646">
        <ele>389.2</ele>
        <time>2025-08-29T15:44:31Z</time>
      </trkpt>
      <trkpt lat="-29.294884" lon="-63.837141">
        <ele>380.3</ele>
        <time>2025-08-29T15:46:31Z</time>
      </trkpt>
      <trkpt lat="-29.293517" lon="-63.837606">
        <ele>379.9</ele>
        <time>2025-08-29T15:47:01Z</time>
      </trkpt>
      <trkpt lat="-29.26979" lon="-63.850413">
        <ele>346.7</ele>
        <time>2025-08-29T15:54:31Z</time>
      </trkpt>
      <trkpt lat="-29.245651" lon="-63.858477">
        <ele>334.2</ele>
        <time>2025-08-29T16:02:51Z</time>
      </trkpt>
      <trkpt lat="-29.243944" lon="-63.859345">
        <ele>333.6</ele>
        <time>2025-08-29T16:03:31Z</time>
      </trkpt>
      <trkpt lat="-29.232623" lon="-63.869566">
        <ele>325.4</ele>
        <time>2025-08-29T16:08:11Z</time>
      </trkpt>
      <trkpt lat="-29.218973" lon="-63.881299">
        <ele>313.3</ele>
        <time>2025-08-29T16:35:41Z</time>
      </trkpt>
      <trkpt lat="-29.186803" lon="-63.910096">
        <ele>297.0</ele>
        <time>2025-08-29T16:48:11Z</time>
      </trkpt>
      <trkpt lat="-29.185011" lon="-63.911382">
        <ele>296.1</ele>
        <time>2025-08-29T16:48:51Z</time>
      </trkpt>
      <trkpt lat="-29.182795" lon="-63.912598">
        <ele>294.9</ele>
        <time>2025-08-29T16:49:41Z</time>
      </trkpt>
      <trkpt lat="-29.180527" lon="-63.913426">
        <ele>294.4</ele>
        <time>2025-08-29T16:50:31Z</time>
      </trkpt>
      <trkpt lat="-29.12134" lon="-63.93134">
        <ele>255.3</ele>
        <time>2025-08-29T17:10:30Z</time>
      </trkpt>
      <trkpt lat="-29.121199" lon="-63.930908">
        <ele>256.3</ele>
        <time>2025-08-29T17:23:00Z</time>
      </trkpt>
      <trkpt lat="-29.121366" lon="-63.930904">
        <ele>255.7</ele>
        <time>2025-08-29T17:24:40Z</time>
      </trkpt>
      <trkpt lat="-29.12122" lon="-63.930869">
        <ele>258.5</ele>
        <time>2025-08-29T17:29:30Z</time>
      </trkpt>
      <trkpt lat="-29.121251" lon="-63.931359">
        <ele>259.0</ele>
        <time>2025-08-29T17:39:00Z</time>
      </trkpt>
      <trkpt lat="-29.052787" lon="-63.952092">
        <ele>224.7</ele>
        <time>2025-08-29T18:06:50Z</time>
      </trkpt>
      <trkpt lat="-29.052115" lon="-63.952387">
        <ele>222.5</ele>
        <time>2025-08-29T18:09:00Z</time>
      </trkpt>
      <trkpt lat="-29.052085" lon="-63.952716">
        <ele>222.0</ele>
        <time>2025-08-29T18:09:10Z</time>
      </trkpt>
      <trkpt lat="-29.052345" lon="-63.952959">
        <ele>222.1</ele>
        <time>2025-08-29T18:09:50Z</time>
      </trkpt>
      <trkpt lat="-29.052172" lon="-63.953083">
        <ele>222.5</ele>
        <time>2025-08-29T18:10:00Z</time>
      </trkpt>
      <trkpt lat="-29.052386" lon="-63.953707">
        <ele>221.8</ele>
        <time>2025-08-29T18:10:20Z</time>
      </trkpt>
      <trkpt lat="-29.052467" lon="-63.955642">
        <ele>224.3</ele>
        <time>2025-08-29T18:22:00Z</time>
      </trkpt>
      <trkpt lat="-29.052403" lon="-63.95372">
        <ele>225.9</ele>
        <time>2025-08-29T18:30:10Z</time>
      </trkpt>
      <trkpt lat="-29.05205" lon="-63.952866">
        <ele>225.5</ele>
        <time>2025-08-29T18:34:50Z</time>
      </trkpt>
      <trkpt lat="-29.051542" lon="-63.95247">
        <ele>230.3</ele>
        <time>2025-08-29T18:54:40Z</time>
      </trkpt>
      <trkpt lat="-29.031607" lon="-63.958358">
        <ele>218.2</ele>
        <time>2025-08-29T19:03:10Z</time>
      </trkpt>
      <trkpt lat="-28.956832" lon="-63.97496">
        <ele>185.0</ele>
        <time>2025-08-29T19:30:10Z</time>
      </trkpt>
      <trkpt lat="-28.936805" lon="-63.979228">
        <ele>184.4</ele>
        <time>2025-08-29T19:39:00Z</time>
      </trkpt>
      <trkpt lat="-28.932753" lon="-63.979217">
        <ele>183.8</ele>
        <time>2025-08-29T19:44:30Z</time>
      </trkpt>
      <trkpt lat="-28.924929" lon="-63.978677">
        <ele>184.6</ele>
        <time>2025-08-29T19:53:40Z</time>
      </trkpt>
      <trkpt lat="-28.889651" lon="-63.978134">
        <ele>185.0</ele>
        <time>2025-08-29T20:12:11Z</time>
      </trkpt>
      <trkpt lat="-28.889061" lon="-63.976958">
        <ele>184.2</ele>
        <time>2025-08-29T20:18:41Z</time>
      </trkpt>
      <trkpt lat="-28.889039" lon="-63.977071">
        <ele>184.1</ele>
        <time>2025-08-29T20:19:00Z</time>
      </trkpt>
      <trkpt lat="-28.888711" lon="-63.976959">
        <ele>184.4</ele>
        <time>2025-08-29T20:20:10Z</time>
      </trkpt>
      <trkpt lat="-28.889112" lon="-63.97686">
        <ele>184.2</ele>
        <time>2025-08-29T20:23:30Z</time>
      </trkpt>
      <trkpt lat="-28.888893" lon="-63.976913">
        <ele>183.5</ele>
        <time>2025-08-29T20:26:30Z</time>
      </trkpt>
      <trkpt lat="-28.888878" lon="-63.976683">
        <ele>183.6</ele>
        <time>2025-08-29T20:28:10Z</time>
      </trkpt>
      <trkpt lat="-28.88904" lon="-63.976962">
        <ele>111.0</ele>
        <time>2025-08-29T21:23:18Z</time>
      </trkpt>
      <trkpt lat="-28.881564" lon="-63.978271">
        <ele>111.9</ele>
        <time>2025-08-29T21:39:50Z</time>
      </trkpt>
      <trkpt lat="-28.880438" lon="-63.978631">
        <ele>113.3</ele>
        <time>2025-08-29T21:40:19Z</time>
      </trkpt>
      <trkpt lat="-28.879359" lon="-63.979159">
        <ele>114.1</ele>
        <time>2025-08-29T21:40:49Z</time>
      </trkpt>
      <trkpt lat="-28.874782" lon="-63.982117">
        <ele>113.8</ele>
        <time>2025-08-29T21:43:59Z</time>
      </trkpt>
      <trkpt lat="-28.872881" lon="-63.98305">
        <ele>112.2</ele>
        <time>2025-08-29T21:44:59Z</time>
      </trkpt>
      <trkpt lat="-28.771851" lon="-64.028426">
        <ele>111.0</ele>
        <time>2025-08-29T22:34:19Z</time>
      </trkpt>
      <trkpt lat="-28.770466" lon="-64.029092">
        <ele>111.1</ele>
        <time>2025-08-29T22:34:59Z</time>
      </trkpt>
      <trkpt lat="-28.770382" lon="-64.029352">
        <ele>109.5</ele>
        <time>2025-08-29T22:36:09Z</time>
      </trkpt>
      <trkpt lat="-28.77016" lon="-64.029164">
        <ele>110.6</ele>
        <time>2025-08-29T22:37:19Z</time>
      </trkpt>
      <trkpt lat="-28.748333" lon="-64.038929">
        <ele>111.8</ele>
        <time>2025-08-29T22:46:29Z</time>
      </trkpt>
      <trkpt lat="-28.748105" lon="-64.03915">
        <ele>111.5</ele>
        <time>2025-08-29T22:48:09Z</time>
      </trkpt>
      <trkpt lat="-28.748336" lon="-64.039695">
        <ele>110.0</ele>
        <time>2025-08-29T22:49:39Z</time>
      </trkpt>
      <trkpt lat="-28.748117" lon="-64.039059">
        <ele>110.5</ele>
        <time>2025-08-29T23:02:09Z</time>
      </trkpt>
      <trkpt lat="-28.747945" lon="-64.039075">
        <ele>110.3</ele>
        <time>2025-08-29T23:02:19Z</time>
      </trkpt>
      <trkpt lat="-28.614203" lon="-64.098743">
        <ele>105.9</ele>
        <time>2025-08-30T00:12:59Z</time>
      </trkpt>
      <trkpt lat="-28.596333" lon="-64.106014">
        <ele>107.3</ele>
        <time>2025-08-30T00:19:09Z</time>
      </trkpt>
      <trkpt lat="-28.581583" lon="-64.113173">
        <ele>105.0</ele>
        <time>2025-08-30T00:47:19Z</time>
      </trkpt>
      <trkpt lat="-28.51769" lon="-64.141446">
        <ele>108.3</ele>
        <time>2025-08-30T01:27:19Z</time>
      </trkpt>
      <trkpt lat="-28.515349" lon="-64.142347">
        <ele>108.5</ele>
        <time>2025-08-30T01:28:09Z</time>
      </trkpt>
      <trkpt lat="-28.507809" lon="-64.144519">
        <ele>109.2</ele>
        <time>2025-08-30T01:30:49Z</time>
      </trkpt>
      <trkpt lat="-28.45407" lon="-64.159577">
        <ele>109.7</ele>
        <time>2025-08-30T02:06:49Z</time>
      </trkpt>
      <trkpt lat="-28.42801" lon="-64.166121">
        <ele>110.1</ele>
        <time>2025-08-30T02:17:29Z</time>
      </trkpt>
      <trkpt lat="-28.322992" lon="-64.193461">
        <ele>116.0</ele>
        <time>2025-08-30T02:54:49Z</time>
      </trkpt>
      <trkpt lat="-28.319556" lon="-64.193639">
        <ele>115.7</ele>
        <time>2025-08-30T02:55:59Z</time>
      </trkpt>
      <trkpt lat="-28.317196" lon="-64.193326">
        <ele>116.0</ele>
        <time>2025-08-30T02:56:49Z</time>
      </trkpt>
      <trkpt lat="-28.315488" lon="-64.192874">
        <ele>115.8</ele>
        <time>2025-08-30T02:57:29Z</time>
      </trkpt>
      <trkpt lat="-28.306069" lon="-64.188727">
        <ele>116.4</ele>
        <time>2025-08-30T03:01:19Z</time>
      </trkpt>
      <trkpt lat="-28.305424" lon="-64.188061">
        <ele>116.3</ele>
        <time>2025-08-30T03:02:09Z</time>
      </trkpt>
      <trkpt lat="-28.305064" lon="-64.187942">
        <ele>116.2</ele>
        <time>2025-08-30T03:02:39Z</time>
      </trkpt>
      <trkpt lat="-28.304649" lon="-64.188185">
        <ele>116.6</ele>
        <time>2025-08-30T03:04:29Z</time>
      </trkpt>
      <trkpt lat="-28.301969" lon="-64.186908">
        <ele>116.9</ele>
        <time>2025-08-30T03:14:19Z</time>
      </trkpt>
      <trkpt lat="-28.301415" lon="-64.188654">
        <ele>117.2</ele>
        <time>2025-08-30T03:15:19Z</time>
      </trkpt>
      <trkpt lat="-28.301573" lon="-64.190079">
        <ele>117.0</ele>
        <time>2025-08-30T03:15:59Z</time>
      </trkpt>
      <trkpt lat="-28.303155" lon="-64.18937">
        <ele>115.9</ele>
        <time>2025-08-30T03:16:59Z</time>
      </trkpt>
      <trkpt lat="-28.303218" lon="-64.189533">
        <ele>116.6</ele>
        <time>2025-08-30T03:21:09Z</time>
      </trkpt>
      <trkpt lat="-28.303309" lon="-64.189425">
        <ele>115.5</ele>
        <time>2025-08-30T03:37:19Z</time>
      </trkpt>
      <trkpt lat="-28.303255" lon="-64.189567">
        <ele>116.2</ele>
        <time>2025-08-30T03:55:59Z</time>
      </trkpt>
      <trkpt lat="-28.303318" lon="-64.189425">
        <ele>115.8</ele>
        <time>2025-08-30T04:07:19Z</time>
      </trkpt>
      <trkpt lat="-28.303192" lon="-64.189437">
        <ele>115.1</ele>
        <time>2025-08-30T04:13:39Z</time>
      </trkpt>
      <trkpt lat="-28.303338" lon="-64.189432">
        <ele>113.4</ele>
        <time>2025-08-30T04:37:09Z</time>
      </trkpt>
      <trkpt lat="-28.303241" lon="-64.189501">
        <ele>114.2</ele>
        <time>2025-08-30T05:20:59Z</time>
      </trkpt>
      <trkpt lat="-28.303199" lon="-64.188984">
        <ele>140.2</ele>
        <time>2025-08-30T14:42:15Z</time>
      </trkpt>
      <trkpt lat="-28.30324" lon="-64.18962">
        <ele>140.3</ele>
        <time>2025-08-30T14:46:05Z</time>
      </trkpt>
      <trkpt lat="-28.303138" lon="-64.189229">
        <ele>140.3</ele>
        <time>2025-08-30T18:08:21Z</time>
      </trkpt>
      <trkpt lat="-28.303191" lon="-64.189388">
        <ele>139.1</ele>
        <time>2025-08-30T18:09:00Z</time>
      </trkpt>
      <trkpt lat="-28.301731" lon="-64.190107">
        <ele>139.7</ele>
        <time>2025-08-30T18:09:41Z</time>
      </trkpt>
      <trkpt lat="-28.301491" lon="-64.189931">
        <ele>140.0</ele>
        <time>2025-08-30T18:09:51Z</time>
      </trkpt>
      <trkpt lat="-28.301395" lon="-64.188628">
        <ele>140.3</ele>
        <time>2025-08-30T18:10:21Z</time>
      </trkpt>
      <trkpt lat="-28.301916" lon="-64.186946">
        <ele>139.9</ele>
        <time>2025-08-30T18:11:11Z</time>
      </trkpt>
      <trkpt lat="-28.300815" lon="-64.186309">
        <ele>139.5</ele>
        <time>2025-08-30T18:11:51Z</time>
      </trkpt>
      <trkpt lat="-28.30236" lon="-64.181769">
        <ele>138.9</ele>
        <time>2025-08-30T18:15:01Z</time>
      </trkpt>
      <trkpt lat="-28.30298" lon="-64.180501">
        <ele>140.0</ele>
        <time>2025-08-30T18:18:21Z</time>
      </trkpt>
      <trkpt lat="-28.305686" lon="-64.181753">
        <ele>139.4</ele>
        <time>2025-08-30T18:19:41Z</time>
      </trkpt>
      <trkpt lat="-28.305825" lon="-64.182037">
        <ele>139.1</ele>
        <time>2025-08-30T18:19:51Z</time>
      </trkpt>
      <trkpt lat="-28.305518" lon="-64.182867">
        <ele>139.0</ele>
        <time>2025-08-30T18:20:11Z</time>
      </trkpt>
      <trkpt lat="-28.306437" lon="-64.183409">
        <ele>139.2</ele>
        <time>2025-08-30T18:20:41Z</time>
      </trkpt>
      <trkpt lat="-28.306258" lon="-64.184475">
        <ele>139.7</ele>
        <time>2025-08-30T18:21:11Z</time>
      </trkpt>
      <trkpt lat="-28.306469" lon="-64.184747">
        <ele>139.4</ele>
        <time>2025-08-30T18:21:21Z</time>
      </trkpt>
      <trkpt lat="-28.308007" lon="-64.185615">
        <ele>139.7</ele>
        <time>2025-08-30T18:22:11Z</time>
      </trkpt>
      <trkpt lat="-28.306832" lon="-64.188821">
        <ele>139.1</ele>
        <time>2025-08-30T18:23:31Z</time>
      </trkpt>
      <trkpt lat="-28.305137" lon="-64.187946">
        <ele>140.1</ele>
        <time>2025-08-30T18:24:21Z</time>
      </trkpt>
      <trkpt lat="-28.304854" lon="-64.188299">
        <ele>139.5</ele>
        <time>2025-08-30T18:26:20Z</time>
      </trkpt>
      <trkpt lat="-28.306772" lon="-64.189027">
        <ele>139.5</ele>
        <time>2025-08-30T18:27:40Z</time>
      </trkpt>
      <trkpt lat="-28.305055" lon="-64.188184">
        <ele>139.1</ele>
        <time>2025-08-30T18:29:00Z</time>
      </trkpt>
      <trkpt lat="-28.304986" lon="-64.188413">
        <ele>139.1</ele>
        <time>2025-08-30T18:33:00Z</time>
      </trkpt>
      <trkpt lat="-28.305033" lon="-64.188119">
        <ele>140.1</ele>
        <time>2025-08-30T18:39:41Z</time>
      </trkpt>
      <trkpt lat="-28.304851" lon="-64.18862">
        <ele>140.3</ele>
        <time>2025-08-30T18:42:21Z</time>
      </trkpt>
      <trkpt lat="-28.304965" lon="-64.188286">
        <ele>141.1</ele>
        <time>2025-08-30T18:43:31Z</time>
      </trkpt>
      <trkpt lat="-28.305149" lon="-64.188506">
        <ele>141.1</ele>
        <time>2025-08-30T18:44:01Z</time>
      </trkpt>
      <trkpt lat="-28.304927" lon="-64.188308">
        <ele>141.2</ele>
        <time>2025-08-30T18:45:01Z</time>
      </trkpt>
      <trkpt lat="-28.305058" lon="-64.188352">
        <ele>140.2</ele>
        <time>2025-08-30T18:49:21Z</time>
      </trkpt>
      <trkpt lat="-28.304938" lon="-64.188273">
        <ele>140.4</ele>
        <time>2025-08-30T18:51:51Z</time>
      </trkpt>
      <trkpt lat="-28.305067" lon="-64.187856">
        <ele>139.3</ele>
        <time>2025-08-30T18:52:41Z</time>
      </trkpt>
      <trkpt lat="-28.304981" lon="-64.18836">
        <ele>140.2</ele>
        <time>2025-08-30T18:59:31Z</time>
      </trkpt>
      <trkpt lat="-28.304602" lon="-64.188123">
        <ele>140.4</ele>
        <time>2025-08-30T19:00:31Z</time>
      </trkpt>
      <trkpt lat="-28.304822" lon="-64.188047">
        <ele>140.0</ele>
        <time>2025-08-30T19:01:11Z</time>
      </trkpt>
      <trkpt lat="-28.304686" lon="-64.187886">
        <ele>139.7</ele>
        <time>2025-08-30T19:01:21Z</time>
      </trkpt>
      <trkpt lat="-28.301088" lon="-64.186272">
        <ele>140.3</ele>
        <time>2025-08-30T19:05:21Z</time>
      </trkpt>
      <trkpt lat="-28.300875" lon="-64.185991">
        <ele>140.2</ele>
        <time>2025-08-30T19:05:31Z</time>
      </trkpt>
      <trkpt lat="-28.301178" lon="-64.184936">
        <ele>140.4</ele>
        <time>2025-08-30T19:06:01Z</time>
      </trkpt>
      <trkpt lat="-28.301017" lon="-64.184144">
        <ele>140.9</ele>
        <time>2025-08-30T19:06:31Z</time>
      </trkpt>
      <trkpt lat="-28.300838" lon="-64.184189">
        <ele>140.6</ele>
        <time>2025-08-30T19:06:41Z</time>
      </trkpt>
      <trkpt lat="-28.300939" lon="-64.184347">
        <ele>140.8</ele>
        <time>2025-08-30T19:06:51Z</time>
      </trkpt>
      <trkpt lat="-28.301066" lon="-64.184262">
        <ele>140.2</ele>
        <time>2025-08-30T19:07:01Z</time>
      </trkpt>
      <trkpt lat="-28.300977" lon="-64.184113">
        <ele>141.8</ele>
        <time>2025-08-30T19:07:11Z</time>
      </trkpt>
      <trkpt lat="-28.30036" lon="-64.184408">
        <ele>139.6</ele>
        <time>2025-08-30T19:07:51Z</time>
      </trkpt>
      <trkpt lat="-28.300697" lon="-64.183532">
        <ele>139.5</ele>
        <time>2025-08-30T19:08:31Z</time>
      </trkpt>
      <trkpt lat="-28.301453" lon="-64.183865">
        <ele>139.6</ele>
        <time>2025-08-30T19:09:01Z</time>
      </trkpt>
      <trkpt lat="-28.300935" lon="-64.184305">
        <ele>139.5</ele>
        <time>2025-08-30T19:10:11Z</time>
      </trkpt>
      <trkpt lat="-28.300818" lon="-64.18413">
        <ele>133.0</ele>
        <time>2025-08-30T19:58:21Z</time>
      </trkpt>
      <trkpt lat="-28.300796" lon="-64.184301">
        <ele>132.6</ele>
        <time>2025-08-30T20:08:21Z</time>
      </trkpt>
      <trkpt lat="-28.300412" lon="-64.184438">
        <ele>133.0</ele>
        <time>2025-08-30T20:08:41Z</time>
      </trkpt>
      <trkpt lat="-28.29981" lon="-64.185816">
        <ele>133.1</ele>
        <time>2025-08-30T20:09:31Z</time>
      </trkpt>
      <trkpt lat="-28.30073" lon="-64.186353">
        <ele>133.6</ele>
        <time>2025-08-30T20:10:01Z</time>
      </trkpt>
      <trkpt lat="-28.300692" lon="-64.18678">
        <ele>133.5</ele>
        <time>2025-08-30T20:10:51Z</time>
      </trkpt>
      <trkpt lat="-28.301689" lon="-64.187272">
        <ele>133.6</ele>
        <time>2025-08-30T20:11:21Z</time>
      </trkpt>
      <trkpt lat="-28.301362" lon="-64.188968">
        <ele>133.8</ele>
        <time>2025-08-30T20:12:01Z</time>
      </trkpt>
      <trkpt lat="-28.301492" lon="-64.189973">
        <ele>133.4</ele>
        <time>2025-08-30T20:12:21Z</time>
      </trkpt>
      <trkpt lat="-28.301792" lon="-64.190105">
        <ele>133.6</ele>
        <time>2025-08-30T20:12:31Z</time>
      </trkpt>
      <trkpt lat="-28.303186" lon="-64.189403">
        <ele>131.1</ele>
        <time>2025-08-30T20:23:51Z</time>
      </trkpt>
      <trkpt lat="-28.301608" lon="-64.19015">
        <ele>131.1</ele>
        <time>2025-08-30T20:27:31Z</time>
      </trkpt>
      <trkpt lat="-28.301411" lon="-64.189262">
        <ele>131.0</ele>
        <time>2025-08-30T20:28:11Z</time>
      </trkpt>
      <trkpt lat="-28.301571" lon="-64.187947">
        <ele>131.4</ele>
        <time>2025-08-30T20:28:51Z</time>
      </trkpt>
      <trkpt lat="-28.300721" lon="-64.186524">
        <ele>130.5</ele>
        <time>2025-08-30T20:29:51Z</time>
      </trkpt>
      <trkpt lat="-28.299781" lon="-64.186345">
        <ele>130.3</ele>
        <time>2025-08-30T20:31:01Z</time>
      </trkpt>
      <trkpt lat="-28.299901" lon="-64.185876">
        <ele>130.1</ele>
        <time>2025-08-30T20:32:01Z</time>
      </trkpt>
      <trkpt lat="-28.298744" lon="-64.185162">
        <ele>129.1</ele>
        <time>2025-08-30T20:33:01Z</time>
      </trkpt>
      <trkpt lat="-28.286213" lon="-64.179087">
        <ele>128.5</ele>
        <time>2025-08-30T20:40:21Z</time>
      </trkpt>
      <trkpt lat="-28.283686" lon="-64.178285">
        <ele>126.9</ele>
        <time>2025-08-30T20:44:31Z</time>
      </trkpt>
      <trkpt lat="-28.28195" lon="-64.178224">
        <ele>126.6</ele>
        <time>2025-08-30T20:47:31Z</time>
      </trkpt>
      <trkpt lat="-28.281927" lon="-64.178365">
        <ele>124.4</ele>
        <time>2025-08-30T20:54:51Z</time>
      </trkpt>
      <trkpt lat="-28.281995" lon="-64.178208">
        <ele>124.4</ele>
        <time>2025-08-30T20:56:01Z</time>
      </trkpt>
      <trkpt lat="-28.273762" lon="-64.180108">
        <ele>140.7</ele>
        <time>2025-08-30T21:12:50Z</time>
      </trkpt>
      <trkpt lat="-28.273296" lon="-64.179836">
        <ele>141.4</ele>
        <time>2025-08-30T21:13:50Z</time>
      </trkpt>
      <trkpt lat="-28.28072" lon="-64.178391">
        <ele>140.6</ele>
        <time>2025-08-30T21:17:28Z</time>
      </trkpt>
      <trkpt lat="-28.280924" lon="-64.176191">
        <ele>141.1</ele>
        <time>2025-08-30T21:18:44Z</time>
      </trkpt>
      <trkpt lat="-28.279874" lon="-64.174179">
        <ele>139.9</ele>
        <time>2025-08-30T21:21:11Z</time>
      </trkpt>
      <trkpt lat="-28.281219" lon="-64.177088">
        <ele>140.3</ele>
        <time>2025-08-30T21:22:24Z</time>
      </trkpt>
      <trkpt lat="-28.283389" lon="-64.178249">
        <ele>140.1</ele>
        <time>2025-08-30T21:23:39Z</time>
      </trkpt>
      <trkpt lat="-28.286318" lon="-64.179138">
        <ele>140.6</ele>
        <time>2025-08-30T21:24:51Z</time>
      </trkpt>
      <trkpt lat="-28.29064" lon="-64.181266">
        <ele>141.0</ele>
        <time>2025-08-30T21:27:19Z</time>
      </trkpt>
      <trkpt lat="-28.293038" lon="-64.181888">
        <ele>141.3</ele>
        <time>2025-08-30T21:28:32Z</time>
      </trkpt>
      <trkpt lat="-28.294475" lon="-64.180819">
        <ele>140.8</ele>
        <time>2025-08-30T21:29:44Z</time>
      </trkpt>
      <trkpt lat="-28.295955" lon="-64.180279">
        <ele>140.9</ele>
        <time>2025-08-30T21:32:34Z</time>
      </trkpt>
      <trkpt lat="-28.29766" lon="-64.180712">
        <ele>139.7</ele>
        <time>2025-08-30T21:33:50Z</time>
      </trkpt>
      <trkpt lat="-28.298941" lon="-64.181717">
        <ele>139.0</ele>
        <time>2025-08-30T21:35:00Z</time>
      </trkpt>
      <trkpt lat="-28.298597" lon="-64.183781">
        <ele>138.0</ele>
        <time>2025-08-30T21:36:16Z</time>
      </trkpt>
      <trkpt lat="-28.30221" lon="-64.185385">
        <ele>137.1</ele>
        <time>2025-08-30T21:39:59Z</time>
      </trkpt>
      <trkpt lat="-28.302593" lon="-64.184261">
        <ele>137.1</ele>
        <time>2025-08-30T21:40:39Z</time>
      </trkpt>
      <trkpt lat="-28.301758" lon="-64.183908">
        <ele>136.8</ele>
        <time>2025-08-30T21:41:09Z</time>
      </trkpt>
      <trkpt lat="-28.302801" lon="-64.180705">
        <ele>136.2</ele>
        <time>2025-08-30T21:44:49Z</time>
      </trkpt>
      <trkpt lat="-28.302924" lon="-64.180518">
        <ele>135.9</ele>
        <time>2025-08-30T21:44:59Z</time>
      </trkpt>
      <trkpt lat="-28.3038" lon="-64.180878">
        <ele>136.6</ele>
        <time>2025-08-30T21:45:29Z</time>
      </trkpt>
      <trkpt lat="-28.302278" lon="-64.185295">
        <ele>135.9</ele>
        <time>2025-08-30T21:47:39Z</time>
      </trkpt>
      <trkpt lat="-28.30211" lon="-64.185393">
        <ele>135.9</ele>
        <time>2025-08-30T21:47:49Z</time>
      </trkpt>
      <trkpt lat="-28.301193" lon="-64.184996">
        <ele>135.3</ele>
        <time>2025-08-30T21:48:29Z</time>
      </trkpt>
      <trkpt lat="-28.300852" lon="-64.184621">
        <ele>135.5</ele>
        <time>2025-08-30T21:48:49Z</time>
      </trkpt>
      <trkpt lat="-28.301001" lon="-64.184274">
        <ele>136.4</ele>
        <time>2025-08-30T21:48:59Z</time>
      </trkpt>
      <trkpt lat="-28.300866" lon="-64.184119">
        <ele>136.2</ele>
        <time>2025-08-30T21:49:09Z</time>
      </trkpt>
      <trkpt lat="-28.300365" lon="-64.184441">
        <ele>135.7</ele>
        <time>2025-08-30T21:49:29Z</time>
      </trkpt>
      <trkpt lat="-28.299816" lon="-64.184357">
        <ele>136.8</ele>
        <time>2025-08-30T21:58:39Z</time>
      </trkpt>
      <trkpt lat="-28.302042" lon="-64.185356">
        <ele>136.4</ele>
        <time>2025-08-30T22:01:09Z</time>
      </trkpt>
      <trkpt lat="-28.302283" lon="-64.185327">
        <ele>136.9</ele>
        <time>2025-08-30T22:01:19Z</time>
      </trkpt>
      <trkpt lat="-28.302703" lon="-64.184233">
        <ele>136.4</ele>
        <time>2025-08-30T22:01:59Z</time>
      </trkpt>
      <trkpt lat="-28.302945" lon="-64.18437">
        <ele>136.6</ele>
        <time>2025-08-30T22:02:19Z</time>
      </trkpt>
      <trkpt lat="-28.302702" lon="-64.184219">
        <ele>134.9</ele>
        <time>2025-08-30T22:03:49Z</time>
      </trkpt>
      <trkpt lat="-28.302611" lon="-64.184329">
        <ele>135.8</ele>
        <time>2025-08-30T22:03:59Z</time>
      </trkpt>
      <trkpt lat="-28.302122" lon="-64.185843">
        <ele>136.4</ele>
        <time>2025-08-30T22:04:39Z</time>
      </trkpt>
      <trkpt lat="-28.301965" lon="-64.186135">
        <ele>136.7</ele>
        <time>2025-08-30T22:04:59Z</time>
      </trkpt>
      <trkpt lat="-28.301875" lon="-64.186068">
        <ele>136.8</ele>
        <time>2025-08-30T22:06:09Z</time>
      </trkpt>
      <trkpt lat="-28.301381" lon="-64.18927">
        <ele>138.4</ele>
        <time>2025-08-30T22:09:39Z</time>
      </trkpt>
      <trkpt lat="-28.301585" lon="-64.190146">
        <ele>138.4</ele>
        <time>2025-08-30T22:09:59Z</time>
      </trkpt>
      <trkpt lat="-28.3032" lon="-64.189379">
        <ele>135.8</ele>
        <time>2025-08-30T22:19:19Z</time>
      </trkpt>
      <trkpt lat="-28.303282" lon="-64.189682">
        <ele>134.8</ele>
        <time>2025-08-30T22:29:19Z</time>
      </trkpt>
      <trkpt lat="-28.30323" lon="-64.189355">
        <ele>130.9</ele>
        <time>2025-08-30T23:47:20Z</time>
      </trkpt>
      <trkpt lat="-28.303233" lon="-64.189577">
        <ele>120.0</ele>
        <time>2025-08-31T00:08:50Z</time>
      </trkpt>
      <trkpt lat="-28.303191" lon="-64.189381">
        <ele>118.2</ele>
        <time>2025-08-31T00:13:00Z</time>
      </trkpt>
      <trkpt lat="-28.303382" lon="-64.18955">
        <ele>122.2</ele>
        <time>2025-08-31T00:41:50Z</time>
      </trkpt>
      <trkpt lat="-28.303173" lon="-64.189353">
        <ele>120.8</ele>
        <time>2025-08-31T00:48:20Z</time>
      </trkpt>
      <trkpt lat="-28.301738" lon="-64.190159">
        <ele>121.2</ele>
        <time>2025-08-31T00:50:00Z</time>
      </trkpt>
      <trkpt lat="-28.301436" lon="-64.189539">
        <ele>121.5</ele>
        <time>2025-08-31T00:50:20Z</time>
      </trkpt>
      <trkpt lat="-28.301397" lon="-64.18877">
        <ele>121.7</ele>
        <time>2025-08-31T00:50:40Z</time>
      </trkpt>
      <trkpt lat="-28.301937" lon="-64.18688">
        <ele>120.0</ele>
        <time>2025-08-31T00:52:30Z</time>
      </trkpt>
      <trkpt lat="-28.301623" lon="-64.186465">
        <ele>119.0</ele>
        <time>2025-08-31T00:52:50Z</time>
      </trkpt>
      <trkpt lat="-28.301015" lon="-64.186208">
        <ele>118.8</ele>
        <time>2025-08-31T00:53:10Z</time>
      </trkpt>
      <trkpt lat="-28.300901" lon="-64.185953">
        <ele>118.9</ele>
        <time>2025-08-31T00:53:20Z</time>
      </trkpt>
      <trkpt lat="-28.302844" lon="-64.180484">
        <ele>120.8</ele>
        <time>2025-08-31T01:00:00Z</time>
      </trkpt>
      <trkpt lat="-28.303667" lon="-64.180822">
        <ele>121.5</ele>
        <time>2025-08-31T01:00:50Z</time>
      </trkpt>
      <trkpt lat="-28.303822" lon="-64.181062">
        <ele>121.8</ele>
        <time>2025-08-31T01:01:00Z</time>
      </trkpt>
      <trkpt lat="-28.303469" lon="-64.182032">
        <ele>121.8</ele>
        <time>2025-08-31T01:01:30Z</time>
      </trkpt>
      <trkpt lat="-28.301585" lon="-64.181177">
        <ele>121.2</ele>
        <time>2025-08-31T01:05:00Z</time>
      </trkpt>
      <trkpt lat="-28.300318" lon="-64.184449">
        <ele>118.1</ele>
        <time>2025-08-31T01:08:09Z</time>
      </trkpt>
      <trkpt lat="-28.302352" lon="-64.185501">
        <ele>117.1</ele>
        <time>2025-08-31T01:09:49Z</time>
      </trkpt>
      <trkpt lat="-28.30194" lon="-64.186327">
        <ele>117.1</ele>
        <time>2025-08-31T01:10:19Z</time>
      </trkpt>
      <trkpt lat="-28.301922" lon="-64.186857">
        <ele>117.7</ele>
        <time>2025-08-31T01:10:59Z</time>
      </trkpt>
      <trkpt lat="-28.302706" lon="-64.187351">
        <ele>117.5</ele>
        <time>2025-08-31T01:11:39Z</time>
      </trkpt>
      <trkpt lat="-28.30258" lon="-64.187573">
        <ele>117.7</ele>
        <time>2025-08-31T01:11:59Z</time>
      </trkpt>
      <trkpt lat="-28.302774" lon="-64.187722">
        <ele>118.5</ele>
        <time>2025-08-31T01:15:09Z</time>
      </trkpt>
      <trkpt lat="-28.302763" lon="-64.187551">
        <ele>118.4</ele>
        <time>2025-08-31T01:15:59Z</time>
      </trkpt>
      <trkpt lat="-28.30257" lon="-64.187575">
        <ele>118.1</ele>
        <time>2025-08-31T01:16:09Z</time>
      </trkpt>
      <trkpt lat="-28.30269" lon="-64.187889">
        <ele>118.8</ele>
        <time>2025-08-31T01:16:29Z</time>
      </trkpt>
      <trkpt lat="-28.303165" lon="-64.188026">
        <ele>118.4</ele>
        <time>2025-08-31T01:16:49Z</time>
      </trkpt>
      <trkpt lat="-28.303292" lon="-64.187782">
        <ele>118.4</ele>
        <time>2025-08-31T01:16:59Z</time>
      </trkpt>
      <trkpt lat="-28.302772" lon="-64.187322">
        <ele>118.7</ele>
        <time>2025-08-31T01:17:39Z</time>
      </trkpt>
      <trkpt lat="-28.30353" lon="-64.187584">
        <ele>117.8</ele>
        <time>2025-08-31T01:20:59Z</time>
      </trkpt>
      <trkpt lat="-28.303534" lon="-64.18781">
        <ele>117.2</ele>
        <time>2025-08-31T01:22:49Z</time>
      </trkpt>
      <trkpt lat="-28.303394" lon="-64.187723">
        <ele>117.0</ele>
        <time>2025-08-31T01:24:09Z</time>
      </trkpt>
      <trkpt lat="-28.303538" lon="-64.187832">
        <ele>116.4</ele>
        <time>2025-08-31T01:26:19Z</time>
      </trkpt>
      <trkpt lat="-28.303629" lon="-64.187721">
        <ele>115.8</ele>
        <time>2025-08-31T01:27:59Z</time>
      </trkpt>
      <trkpt lat="-28.30351" lon="-64.187894">
        <ele>116.2</ele>
        <time>2025-08-31T01:29:19Z</time>
      </trkpt>
      <trkpt lat="-28.303613" lon="-64.187702">
        <ele>116.4</ele>
        <time>2025-08-31T01:29:59Z</time>
      </trkpt>
      <trkpt lat="-28.303488" lon="-64.187601">
        <ele>117.9</ele>
        <time>2025-08-31T01:32:59Z</time>
      </trkpt>
      <trkpt lat="-28.303627" lon="-64.187573">
        <ele>116.5</ele>
        <time>2025-08-31T01:47:19Z</time>
      </trkpt>
      <trkpt lat="-28.303531" lon="-64.187716">
        <ele>116.9</ele>
        <time>2025-08-31T01:55:49Z</time>
      </trkpt>
      <trkpt lat="-28.30342" lon="-64.187409">
        <ele>115.0</ele>
        <time>2025-08-31T01:59:49Z</time>
      </trkpt>
      <trkpt lat="-28.302225" lon="-64.186822">
        <ele>114.5</ele>
        <time>2025-08-31T02:00:39Z</time>
      </trkpt>
      <trkpt lat="-28.301821" lon="-64.18707">
        <ele>116.0</ele>
        <time>2025-08-31T02:00:59Z</time>
      </trkpt>
      <trkpt lat="-28.301524" lon="-64.187715">
        <ele>114.9</ele>
        <time>2025-08-31T02:02:39Z</time>
      </trkpt>
      <trkpt lat="-28.301378" lon="-64.188639">
        <ele>116.0</ele>
        <time>2025-08-31T02:03:29Z</time>
      </trkpt>
      <trkpt lat="-28.301442" lon="-64.18972">
        <ele>113.6</ele>
        <time>2025-08-31T02:03:59Z</time>
      </trkpt>
      <trkpt lat="-28.302294" lon="-64.189759">
        <ele>114.8</ele>
        <time>2025-08-31T02:04:19Z</time>
      </trkpt>
      <trkpt lat="-28.303349" lon="-64.189444">
        <ele>118.8</ele>
        <time>2025-08-31T02:23:49Z</time>
      </trkpt>
      <trkpt lat="-28.30321" lon="-64.18955">
        <ele>115.2</ele>
        <time>2025-08-31T02:45:19Z</time>
      </trkpt>
      <trkpt lat="-28.303187" lon="-64.189282">
        <ele>113.3</ele>
        <time>2025-08-31T03:26:49Z</time>
      </trkpt>
      <trkpt lat="-28.303301" lon="-64.189576">
        <ele>113.9</ele>
        <time>2025-08-31T03:30:39Z</time>
      </trkpt>
      <trkpt lat="-28.303277" lon="-64.189392">
        <ele>113.0</ele>
        <time>2025-08-31T03:31:59Z</time>
      </trkpt>
      <trkpt lat="-28.303221" lon="-64.189586">
        <ele>111.0</ele>
        <time>2025-08-31T03:36:39Z</time>
      </trkpt>
      <trkpt lat="-28.303063" lon="-64.189393">
        <ele>140.0</ele>
        <time>2025-08-31T11:57:05Z</time>
      </trkpt>
      <trkpt lat="-28.301655" lon="-64.190127">
        <ele>138.8</ele>
        <time>2025-08-31T11:58:25Z</time>
      </trkpt>
      <trkpt lat="-28.301506" lon="-64.189989">
        <ele>138.4</ele>
        <time>2025-08-31T11:58:35Z</time>
      </trkpt>
      <trkpt lat="-28.301396" lon="-64.188772">
        <ele>138.2</ele>
        <time>2025-08-31T11:59:15Z</time>
      </trkpt>
      <trkpt lat="-28.30195" lon="-64.186896">
        <ele>137.0</ele>
        <time>2025-08-31T12:00:55Z</time>
      </trkpt>
      <trkpt lat="-28.304868" lon="-64.188241">
        <ele>136.2</ele>
        <time>2025-08-31T12:03:15Z</time>
      </trkpt>
      <trkpt lat="-28.305211" lon="-64.187875">
        <ele>135.2</ele>
        <time>2025-08-31T12:03:35Z</time>
      </trkpt>
      <trkpt lat="-28.305431" lon="-64.187831">
        <ele>134.9</ele>
        <time>2025-08-31T12:05:55Z</time>
      </trkpt>
      <trkpt lat="-28.305347" lon="-64.188029">
        <ele>136.1</ele>
        <time>2025-08-31T12:10:45Z</time>
      </trkpt>
      <trkpt lat="-28.305093" lon="-64.187718">
        <ele>134.6</ele>
        <time>2025-08-31T12:33:15Z</time>
      </trkpt>
      <trkpt lat="-28.305196" lon="-64.187672">
        <ele>134.4</ele>
        <time>2025-08-31T12:34:45Z</time>
      </trkpt>
      <trkpt lat="-28.305352" lon="-64.187793">
        <ele>132.6</ele>
        <time>2025-08-31T12:40:35Z</time>
      </trkpt>
      <trkpt lat="-28.305252" lon="-64.188027">
        <ele>132.7</ele>
        <time>2025-08-31T12:42:25Z</time>
      </trkpt>
      <trkpt lat="-28.305138" lon="-64.187919">
        <ele>133.2</ele>
        <time>2025-08-31T12:42:55Z</time>
      </trkpt>
      <trkpt lat="-28.305243" lon="-64.187604">
        <ele>133.9</ele>
        <time>2025-08-31T12:43:25Z</time>
      </trkpt>
      <trkpt lat="-28.30523" lon="-64.18782">
        <ele>133.4</ele>
        <time>2025-08-31T12:44:05Z</time>
      </trkpt>
      <trkpt lat="-28.305117" lon="-64.187722">
        <ele>133.7</ele>
        <time>2025-08-31T12:46:15Z</time>
      </trkpt>
      <trkpt lat="-28.305194" lon="-64.187929">
        <ele>134.7</ele>
        <time>2025-08-31T12:54:05Z</time>
      </trkpt>
      <trkpt lat="-28.305285" lon="-64.187831">
        <ele>134.8</ele>
        <time>2025-08-31T12:57:35Z</time>
      </trkpt>
      <trkpt lat="-28.305139" lon="-64.187912">
        <ele>130.8</ele>
        <time>2025-08-31T13:08:45Z</time>
      </trkpt>
      <trkpt lat="-28.305263" lon="-64.187792">
        <ele>131.5</ele>
        <time>2025-08-31T13:14:25Z</time>
      </trkpt>
      <trkpt lat="-28.305182" lon="-64.187918">
        <ele>131.1</ele>
        <time>2025-08-31T13:16:25Z</time>
      </trkpt>
      <trkpt lat="-28.305401" lon="-64.187921">
        <ele>130.4</ele>
        <time>2025-08-31T13:17:55Z</time>
      </trkpt>
      <trkpt lat="-28.305241" lon="-64.187919">
        <ele>129.9</ele>
        <time>2025-08-31T13:20:05Z</time>
      </trkpt>
      <trkpt lat="-28.305192" lon="-64.187687">
        <ele>129.8</ele>
        <time>2025-08-31T13:25:05Z</time>
      </trkpt>
      <trkpt lat="-28.305265" lon="-64.188023">
        <ele>129.3</ele>
        <time>2025-08-31T13:26:25Z</time>
      </trkpt>
      <trkpt lat="-28.305128" lon="-64.187631">
        <ele>128.7</ele>
        <time>2025-08-31T13:28:35Z</time>
      </trkpt>
      <trkpt lat="-28.305059" lon="-64.187804">
        <ele>128.8</ele>
        <time>2025-08-31T13:32:06Z</time>
      </trkpt>
      <trkpt lat="-28.305124" lon="-64.187653">
        <ele>126.1</ele>
        <time>2025-08-31T13:32:26Z</time>
      </trkpt>
      <trkpt lat="-28.304655" lon="-64.187819">
        <ele>129.6</ele>
        <time>2025-08-31T13:39:16Z</time>
      </trkpt>
      <trkpt lat="-28.301262" lon="-64.186377">
        <ele>131.8</ele>
        <time>2025-08-31T13:41:16Z</time>
      </trkpt>
      <trkpt lat="-28.294246" lon="-64.183162">
        <ele>133.8</ele>
        <time>2025-08-31T13:44:46Z</time>
      </trkpt>
      <trkpt lat="-28.288849" lon="-64.180317">
        <ele>133.8</ele>
        <time>2025-08-31T13:47:26Z</time>
      </trkpt>
      <trkpt lat="-28.285523" lon="-64.178785">
        <ele>133.8</ele>
        <time>2025-08-31T13:48:56Z</time>
      </trkpt>
      <trkpt lat="-28.283667" lon="-64.178278">
        <ele>133.7</ele>
        <time>2025-08-31T13:49:46Z</time>
      </trkpt>
      <trkpt lat="-28.282103" lon="-64.178199">
        <ele>134.2</ele>
        <time>2025-08-31T13:50:26Z</time>
      </trkpt>
      <trkpt lat="-28.28004" lon="-64.178485">
        <ele>132.7</ele>
        <time>2025-08-31T14:26:36Z</time>
      </trkpt>
      <trkpt lat="-28.203954" lon="-64.193381">
        <ele>140.5</ele>
        <time>2025-08-31T14:55:16Z</time>
      </trkpt>
      <trkpt lat="-28.200349" lon="-64.193586">
        <ele>140.6</ele>
        <time>2025-08-31T14:56:36Z</time>
      </trkpt>
      <trkpt lat="-28.194731" lon="-64.1916">
        <ele>140.3</ele>
        <time>2025-08-31T14:59:16Z</time>
      </trkpt>
      <trkpt lat="-28.191004" lon="-64.191392">
        <ele>140.1</ele>
        <time>2025-08-31T15:01:16Z</time>
      </trkpt>
      <trkpt lat="-28.184142" lon="-64.192809">
        <ele>138.6</ele>
        <time>2025-08-31T15:04:16Z</time>
      </trkpt>
      <trkpt lat="-28.179928" lon="-64.194052">
        <ele>142.2</ele>
        <time>2025-08-31T15:13:46Z</time>
      </trkpt>
      <trkpt lat="-28.184145" lon="-64.192806">
        <ele>142.3</ele>
        <time>2025-08-31T15:17:36Z</time>
      </trkpt>
      <trkpt lat="-28.179888" lon="-64.194056">
        <ele>145.1</ele>
        <time>2025-08-31T15:24:56Z</time>
      </trkpt>
      <trkpt lat="-28.168442" lon="-64.124939">
        <ele>145.3</ele>
        <time>2025-08-31T16:05:36Z</time>
      </trkpt>
      <trkpt lat="-28.167981" lon="-64.115659">
        <ele>147.4</ele>
        <time>2025-08-31T16:08:56Z</time>
      </trkpt>
      <trkpt lat="-28.169282" lon="-64.100277">
        <ele>148.2</ele>
        <time>2025-08-31T16:14:26Z</time>
      </trkpt>
      <trkpt lat="-28.169482" lon="-64.098887">
        <ele>147.1</ele>
        <time>2025-08-31T16:15:06Z</time>
      </trkpt>
      <trkpt lat="-28.169755" lon="-64.098644">
        <ele>146.9</ele>
        <time>2025-08-31T16:16:06Z</time>
      </trkpt>
      <trkpt lat="-28.166326" lon="-64.099734">
        <ele>146.6</ele>
        <time>2025-08-31T16:19:16Z</time>
      </trkpt>
      <trkpt lat="-28.165472" lon="-64.10022">
        <ele>147.4</ele>
        <time>2025-08-31T16:19:56Z</time>
      </trkpt>
      <trkpt lat="-28.163707" lon="-64.100856">
        <ele>146.6</ele>
        <time>2025-08-31T16:20:46Z</time>
      </trkpt>
      <trkpt lat="-28.154521" lon="-64.103689">
        <ele>148.3</ele>
        <time>2025-08-31T16:24:15Z</time>
      </trkpt>
      <trkpt lat="-28.149816" lon="-64.103503">
        <ele>149.1</ele>
        <time>2025-08-31T16:25:45Z</time>
      </trkpt>
      <trkpt lat="-28.147443" lon="-64.102916">
        <ele>150.2</ele>
        <time>2025-08-31T16:26:26Z</time>
      </trkpt>
      <trkpt lat="-28.144442" lon="-64.10066">
        <ele>150.4</ele>
        <time>2025-08-31T16:27:25Z</time>
      </trkpt>
      <trkpt lat="-28.142308" lon="-64.099309">
        <ele>149.9</ele>
        <time>2025-08-31T16:28:05Z</time>
      </trkpt>
      <trkpt lat="-28.138437" lon="-64.098695">
        <ele>150.0</ele>
        <time>2025-08-31T16:29:05Z</time>
      </trkpt>
      <trkpt lat="-28.136007" lon="-64.097973">
        <ele>151.1</ele>
        <time>2025-08-31T16:29:45Z</time>
      </trkpt>
      <trkpt lat="-28.133605" lon="-64.095677">
        <ele>152.4</ele>
        <time>2025-08-31T16:30:35Z</time>
      </trkpt>
      <trkpt lat="-28.129452" lon="-64.090381">
        <ele>153.5</ele>
        <time>2025-08-31T16:32:15Z</time>
      </trkpt>
      <trkpt lat="-28.128368" lon="-64.089551">
        <ele>152.6</ele>
        <time>2025-08-31T16:32:35Z</time>
      </trkpt>
      <trkpt lat="-28.124467" lon="-64.08718">
        <ele>152.5</ele>
        <time>2025-08-31T16:33:45Z</time>
      </trkpt>
      <trkpt lat="-28.122304" lon="-64.086115">
        <ele>152.6</ele>
        <time>2025-08-31T16:34:25Z</time>
      </trkpt>
      <trkpt lat="-28.114728" lon="-64.085557">
        <ele>155.8</ele>
        <time>2025-08-31T16:38:15Z</time>
      </trkpt>
      <trkpt lat="-28.109592" lon="-64.084828">
        <ele>156.3</ele>
        <time>2025-08-31T16:39:55Z</time>
      </trkpt>
      <trkpt lat="-28.103134" lon="-64.085276">
        <ele>156.8</ele>
        <time>2025-08-31T16:52:26Z</time>
      </trkpt>
      <trkpt lat="-28.103164" lon="-64.085407">
        <ele>159.0</ele>
        <time>2025-08-31T16:58:16Z</time>
      </trkpt>
      <trkpt lat="-28.100852" lon="-64.085678">
        <ele>158.6</ele>
        <time>2025-08-31T17:00:16Z</time>
      </trkpt>
      <trkpt lat="-28.09132" lon="-64.084388">
        <ele>159.3</ele>
        <time>2025-08-31T17:03:46Z</time>
      </trkpt>
      <trkpt lat="-28.087241" lon="-64.084175">
        <ele>160.3</ele>
        <time>2025-08-31T17:05:06Z</time>
      </trkpt>
      <trkpt lat="-28.081954" lon="-64.082561">
        <ele>159.9</ele>
        <time>2025-08-31T17:06:46Z</time>
      </trkpt>
      <trkpt lat="-28.079357" lon="-64.081499">
        <ele>159.7</ele>
        <time>2025-08-31T17:07:36Z</time>
      </trkpt>
      <trkpt lat="-28.077187" lon="-64.081221">
        <ele>159.1</ele>
        <time>2025-08-31T17:08:16Z</time>
      </trkpt>
      <trkpt lat="-28.071761" lon="-64.079387">
        <ele>159.3</ele>
        <time>2025-08-31T17:09:56Z</time>
      </trkpt>
      <trkpt lat="-28.070038" lon="-64.078979">
        <ele>159.5</ele>
        <time>2025-08-31T17:10:26Z</time>
      </trkpt>
      <trkpt lat="-28.068912" lon="-64.079335">
        <ele>159.8</ele>
        <time>2025-08-31T17:10:46Z</time>
      </trkpt>
      <trkpt lat="-28.059517" lon="-64.083872">
        <ele>160.4</ele>
        <time>2025-08-31T17:13:56Z</time>
      </trkpt>
      <trkpt lat="-28.05412" lon="-64.086903">
        <ele>161.0</ele>
        <time>2025-08-31T17:15:46Z</time>
      </trkpt>
      <trkpt lat="-28.04801" lon="-64.091309">
        <ele>163.6</ele>
        <time>2025-08-31T17:23:46Z</time>
      </trkpt>
      <trkpt lat="-28.046932" lon="-64.092644">
        <ele>163.0</ele>
        <time>2025-08-31T17:24:36Z</time>
      </trkpt>
      <trkpt lat="-28.047058" lon="-64.09254">
        <ele>162.7</ele>
        <time>2025-08-31T17:24:46Z</time>
      </trkpt>
      <trkpt lat="-28.046984" lon="-64.092197">
        <ele>161.1</ele>
        <time>2025-08-31T17:25:26Z</time>
      </trkpt>
      <trkpt lat="-28.047139" lon="-64.092432">
        <ele>163.5</ele>
        <time>2025-08-31T17:26:16Z</time>
      </trkpt>
      <trkpt lat="-28.048065" lon="-64.091284">
        <ele>162.2</ele>
        <time>2025-08-31T17:28:06Z</time>
      </trkpt>
      <trkpt lat="-28.047596" lon="-64.091707">
        <ele>162.7</ele>
        <time>2025-08-31T17:28:26Z</time>
      </trkpt>
      <trkpt lat="-28.044547" lon="-64.095816">
        <ele>163.3</ele>
        <time>2025-08-31T17:30:56Z</time>
      </trkpt>
      <trkpt lat="-28.037564" lon="-64.097524">
        <ele>164.0</ele>
        <time>2025-08-31T17:33:46Z</time>
      </trkpt>
      <trkpt lat="-28.033035" lon="-64.0996">
        <ele>163.3</ele>
        <time>2025-08-31T17:38:06Z</time>
      </trkpt>
      <trkpt lat="-28.032873" lon="-64.099201">
        <ele>162.6</ele>
        <time>2025-08-31T17:39:26Z</time>
      </trkpt>
      <trkpt lat="-28.032737" lon="-64.099387">
        <ele>164.2</ele>
        <time>2025-08-31T17:53:45Z</time>
      </trkpt>
      <trkpt lat="-28.032922" lon="-64.099009">
        <ele>166.1</ele>
        <time>2025-08-31T18:03:45Z</time>
      </trkpt>
      <trkpt lat="-28.03283" lon="-64.099706">
        <ele>160.9</ele>
        <time>2025-08-31T18:33:46Z</time>
      </trkpt>
      <trkpt lat="-28.027247" lon="-64.102014">
        <ele>162.8</ele>
        <time>2025-08-31T19:01:46Z</time>
      </trkpt>
      <trkpt lat="-28.023894" lon="-64.104016">
        <ele>162.0</ele>
        <time>2025-08-31T19:03:26Z</time>
      </trkpt>
      <trkpt lat="-28.020658" lon="-64.105117">
        <ele>161.6</ele>
        <time>2025-08-31T19:04:56Z</time>
      </trkpt>
      <trkpt lat="-28.018128" lon="-64.105674">
        <ele>161.2</ele>
        <time>2025-08-31T19:05:56Z</time>
      </trkpt>
      <trkpt lat="-28.017565" lon="-64.106298">
        <ele>162.1</ele>
        <time>2025-08-31T19:06:16Z</time>
      </trkpt>
      <trkpt lat="-28.017523" lon="-64.10675">
        <ele>161.9</ele>
        <time>2025-08-31T19:06:26Z</time>
      </trkpt>
      <trkpt lat="-28.021648" lon="-64.131345">
        <ele>160.2</ele>
        <time>2025-08-31T19:17:25Z</time>
      </trkpt>
      <trkpt lat="-28.021636" lon="-64.132629">
        <ele>160.4</ele>
        <time>2025-08-31T19:17:55Z</time>
      </trkpt>
      <trkpt lat="-28.021062" lon="-64.134979">
        <ele>160.2</ele>
        <time>2025-08-31T19:18:45Z</time>
      </trkpt>
      <trkpt lat="-28.020947" lon="-64.136201">
        <ele>160.6</ele>
        <time>2025-08-31T19:19:15Z</time>
      </trkpt>
      <trkpt lat="-28.021364" lon="-64.139804">
        <ele>159.9</ele>
        <time>2025-08-31T19:20:36Z</time>
      </trkpt>
      <trkpt lat="-28.022049" lon="-64.14324">
        <ele>160.2</ele>
        <time>2025-08-31T19:21:56Z</time>
      </trkpt>
      <trkpt lat="-28.022063" lon="-64.143663">
        <ele>160.4</ele>
        <time>2025-08-31T19:22:06Z</time>
      </trkpt>
      <trkpt lat="-28.021834" lon="-64.144008">
        <ele>159.9</ele>
        <time>2025-08-31T19:22:16Z</time>
      </trkpt>
      <trkpt lat="-28.017755" lon="-64.144123">
        <ele>160.2</ele>
        <time>2025-08-31T19:24:06Z</time>
      </trkpt>
      <trkpt lat="-28.012133" lon="-64.144763">
        <ele>160.2</ele>
        <time>2025-08-31T19:26:46Z</time>
      </trkpt>
      <trkpt lat="-28.011911" lon="-64.144671">
        <ele>162.0</ele>
        <time>2025-08-31T19:27:56Z</time>
      </trkpt>
      <trkpt lat="-28.012043" lon="-64.144814">
        <ele>160.4</ele>
        <time>2025-08-31T19:33:36Z</time>
      </trkpt>
      <trkpt lat="-28.01201" lon="-64.144645">
        <ele>160.1</ele>
        <time>2025-08-31T19:34:16Z</time>
      </trkpt>
      <trkpt lat="-28.011195" lon="-64.144846">
        <ele>160.2</ele>
        <time>2025-08-31T19:35:16Z</time>
      </trkpt>
      <trkpt lat="-28.010892" lon="-64.144567">
        <ele>160.4</ele>
        <time>2025-08-31T19:37:26Z</time>
      </trkpt>
      <trkpt lat="-28.011152" lon="-64.144716">
        <ele>159.2</ele>
        <time>2025-08-31T19:40:55Z</time>
      </trkpt>
      <trkpt lat="-28.011056" lon="-64.144827">
        <ele>161.3</ele>
        <time>2025-08-31T19:48:35Z</time>
      </trkpt>
      <trkpt lat="-28.010869" lon="-64.14454">
        <ele>158.7</ele>
        <time>2025-08-31T20:02:35Z</time>
      </trkpt>
      <trkpt lat="-28.010987" lon="-64.144447">
        <ele>157.4</ele>
        <time>2025-08-31T20:03:05Z</time>
      </trkpt>
      <trkpt lat="-28.011145" lon="-64.144837">
        <ele>157.4</ele>
        <time>2025-08-31T20:04:55Z</time>
      </trkpt>
      <trkpt lat="-28.010924" lon="-64.144957">
        <ele>157.0</ele>
        <time>2025-08-31T20:08:15Z</time>
      </trkpt>
      <trkpt lat="-28.003246" lon="-64.145945">
        <ele>157.5</ele>
        <time>2025-08-31T20:13:55Z</time>
      </trkpt>
      <trkpt lat="-27.997781" lon="-64.149447">
        <ele>156.8</ele>
        <time>2025-08-31T20:16:45Z</time>
      </trkpt>
      <trkpt lat="-27.993783" lon="-64.150986">
        <ele>157.4</ele>
        <time>2025-08-31T20:18:45Z</time>
      </trkpt>
      <trkpt lat="-27.94478" lon="-64.164465">
        <ele>170.2</ele>
        <time>2025-08-31T20:43:00Z</time>
      </trkpt>
      <trkpt lat="-27.937454" lon="-64.164784">
        <ele>167.2</ele>
        <time>2025-08-31T20:48:41Z</time>
      </trkpt>
      <trkpt lat="-27.938844" lon="-64.164614">
        <ele>165.5</ele>
        <time>2025-08-31T20:55:39Z</time>
      </trkpt>
      <trkpt lat="-27.941646" lon="-64.164667">
        <ele>163.8</ele>
        <time>2025-08-31T21:06:03Z</time>
      </trkpt>
      <trkpt lat="-27.942115" lon="-64.164697">
        <ele>163.4</ele>
        <time>2025-08-31T21:06:17Z</time>
      </trkpt>
      <trkpt lat="-27.94267" lon="-64.165039">
        <ele>163.1</ele>
        <time>2025-08-31T21:09:00Z</time>
      </trkpt>
      <trkpt lat="-27.945447" lon="-64.173485">
        <ele>159.7</ele>
        <time>2025-08-31T21:31:49Z</time>
      </trkpt>
      <trkpt lat="-27.944088" lon="-64.179423">
        <ele>160.2</ele>
        <time>2025-08-31T21:34:12Z</time>
      </trkpt>
      <trkpt lat="-27.930152" lon="-64.194075">
        <ele>160.5</ele>
        <time>2025-08-31T21:40:53Z</time>
      </trkpt>
      <trkpt lat="-27.926927" lon="-64.195282">
        <ele>162.1</ele>
        <time>2025-08-31T21:42:02Z</time>
      </trkpt>
      <trkpt lat="-27.919975" lon="-64.196823">
        <ele>162.4</ele>
        <time>2025-08-31T21:44:41Z</time>
      </trkpt>
      <trkpt lat="-27.898796" lon="-64.196937">
        <ele>164.0</ele>
        <time>2025-08-31T21:52:17Z</time>
      </trkpt>
      <trkpt lat="-27.896044" lon="-64.197179">
        <ele>164.1</ele>
        <time>2025-08-31T21:53:17Z</time>
      </trkpt>
      <trkpt lat="-27.89457" lon="-64.197849">
        <ele>164.5</ele>
        <time>2025-08-31T21:53:47Z</time>
      </trkpt>
      <trkpt lat="-27.890667" lon="-64.200126">
        <ele>163.8</ele>
        <time>2025-08-31T22:08:47Z</time>
      </trkpt>
      <trkpt lat="-27.878963" lon="-64.212334">
        <ele>165.7</ele>
        <time>2025-08-31T22:15:27Z</time>
      </trkpt>
      <trkpt lat="-27.877171" lon="-64.213734">
        <ele>164.9</ele>
        <time>2025-08-31T22:16:17Z</time>
      </trkpt>
      <trkpt lat="-27.875253" lon="-64.214606">
        <ele>164.6</ele>
        <time>2025-08-31T22:17:07Z</time>
      </trkpt>
      <trkpt lat="-27.866235" lon="-64.217966">
        <ele>165.1</ele>
        <time>2025-08-31T22:20:37Z</time>
      </trkpt>
      <trkpt lat="-27.864847" lon="-64.219184">
        <ele>165.3</ele>
        <time>2025-08-31T22:21:17Z</time>
      </trkpt>
      <trkpt lat="-27.86373" lon="-64.219513">
        <ele>165.4</ele>
        <time>2025-08-31T22:21:47Z</time>
      </trkpt>
      <trkpt lat="-27.855143" lon="-64.223163">
        <ele>164.9</ele>
        <time>2025-08-31T22:25:07Z</time>
      </trkpt>
      <trkpt lat="-27.841115" lon="-64.231221">
        <ele>167.5</ele>
        <time>2025-08-31T22:30:57Z</time>
      </trkpt>
      <trkpt lat="-27.840048" lon="-64.231582">
        <ele>167.4</ele>
        <time>2025-08-31T22:31:27Z</time>
      </trkpt>
      <trkpt lat="-27.819788" lon="-64.236115">
        <ele>166.6</ele>
        <time>2025-08-31T22:40:28Z</time>
      </trkpt>
      <trkpt lat="-27.819881" lon="-64.235925">
        <ele>167.1</ele>
        <time>2025-08-31T22:43:48Z</time>
      </trkpt>
      <trkpt lat="-27.81887" lon="-64.234226">
        <ele>165.9</ele>
        <time>2025-08-31T22:45:38Z</time>
      </trkpt>
      <trkpt lat="-27.816371" lon="-64.236894">
        <ele>165.5</ele>
        <time>2025-08-31T22:48:18Z</time>
      </trkpt>
      <trkpt lat="-27.816907" lon="-64.239798">
        <ele>165.1</ele>
        <time>2025-08-31T22:49:28Z</time>
      </trkpt>
      <trkpt lat="-27.8187" lon="-64.247622">
        <ele>165.2</ele>
        <time>2025-08-31T22:52:48Z</time>
      </trkpt>
      <trkpt lat="-27.823226" lon="-64.255185">
        <ele>166.1</ele>
        <time>2025-08-31T22:57:38Z</time>
      </trkpt>
      <trkpt lat="-27.82343" lon="-64.255555">
        <ele>166.0</ele>
        <time>2025-08-31T22:57:48Z</time>
      </trkpt>
      <trkpt lat="-27.823367" lon="-64.255932">
        <ele>165.8</ele>
        <time>2025-08-31T22:57:58Z</time>
      </trkpt>
      <trkpt lat="-27.812356" lon="-64.264421">
        <ele>165.0</ele>
        <time>2025-08-31T23:05:18Z</time>
      </trkpt>
      <trkpt lat="-27.810752" lon="-64.266125">
        <ele>164.1</ele>
        <time>2025-08-31T23:06:38Z</time>
      </trkpt>
      <trkpt lat="-27.797414" lon="-64.276177">
        <ele>165.9</ele>
        <time>2025-08-31T23:18:18Z</time>
      </trkpt>
      <trkpt lat="-27.794207" lon="-64.27805">
        <ele>164.7</ele>
        <time>2025-08-31T23:22:08Z</time>
      </trkpt>
      <trkpt lat="-27.793389" lon="-64.27571">
        <ele>164.9</ele>
        <time>2025-08-31T23:24:08Z</time>
      </trkpt>
      <trkpt lat="-27.793481" lon="-64.275833">
        <ele>165.1</ele>
        <time>2025-08-31T23:25:38Z</time>
      </trkpt>
      <trkpt lat="-27.793765" lon="-64.275614">
        <ele>164.6</ele>
        <time>2025-08-31T23:27:08Z</time>
      </trkpt>
      <trkpt lat="-27.793175" lon="-64.275558">
        <ele>164.3</ele>
        <time>2025-08-31T23:32:17Z</time>
      </trkpt>
      <trkpt lat="-27.79357" lon="-64.275809">
        <ele>163.8</ele>
        <time>2025-08-31T23:34:38Z</time>
      </trkpt>
      <trkpt lat="-27.793621" lon="-64.275635">
        <ele>163.8</ele>
        <time>2025-08-31T23:35:48Z</time>
      </trkpt>
      <trkpt lat="-27.794167" lon="-64.278263">
        <ele>188.8</ele>
        <time>2025-09-01T00:13:03Z</time>
      </trkpt>
      <trkpt lat="-27.793464" lon="-64.275846">
        <ele>186.3</ele>
        <time>2025-09-01T00:27:23Z</time>
      </trkpt>
      <trkpt lat="-27.793676" lon="-64.275674">
        <ele>186.8</ele>
        <time>2025-09-01T00:28:03Z</time>
      </trkpt>
      <trkpt lat="-27.793295" lon="-64.275592">
        <ele>187.3</ele>
        <time>2025-09-01T00:30:23Z</time>
      </trkpt>
      <trkpt lat="-27.793825" lon="-64.275641">
        <ele>186.9</ele>
        <time>2025-09-01T00:33:03Z</time>
      </trkpt>
      <trkpt lat="-27.793641" lon="-64.275462">
        <ele>186.4</ele>
        <time>2025-09-01T00:35:53Z</time>
      </trkpt>
      <trkpt lat="-27.793682" lon="-64.275708">
        <ele>187.1</ele>
        <time>2025-09-01T00:47:33Z</time>
      </trkpt>
      <trkpt lat="-27.793729" lon="-64.275422">
        <ele>185.9</ele>
        <time>2025-09-01T00:58:13Z</time>
      </trkpt>
      <trkpt lat="-27.793752" lon="-64.275641">
        <ele>185.5</ele>
        <time>2025-09-01T01:01:03Z</time>
      </trkpt>
      <trkpt lat="-27.793492" lon="-64.275748">
        <ele>185.7</ele>
        <time>2025-09-01T01:02:03Z</time>
      </trkpt>
      <trkpt lat="-27.793581" lon="-64.275834">
        <ele>185.3</ele>
        <time>2025-09-01T01:02:53Z</time>
      </trkpt>
      <trkpt lat="-27.793447" lon="-64.275725">
        <ele>186.1</ele>
        <time>2025-09-01T01:05:33Z</time>
      </trkpt>
      <trkpt lat="-27.793857" lon="-64.275545">
        <ele>184.0</ele>
        <time>2025-09-01T01:11:53Z</time>
      </trkpt>
      <trkpt lat="-27.793626" lon="-64.275688">
        <ele>184.5</ele>
        <time>2025-09-01T01:14:33Z</time>
      </trkpt>
      <trkpt lat="-27.793671" lon="-64.275565">
        <ele>184.1</ele>
        <time>2025-09-01T01:16:23Z</time>
      </trkpt>
      <trkpt lat="-27.793808" lon="-64.275619">
        <ele>184.1</ele>
        <time>2025-09-01T01:19:33Z</time>
      </trkpt>
      <trkpt lat="-27.793644" lon="-64.27574">
        <ele>184.7</ele>
        <time>2025-09-01T01:22:43Z</time>
      </trkpt>
      <trkpt lat="-27.793847" lon="-64.275571">
        <ele>184.0</ele>
        <time>2025-09-01T01:30:03Z</time>
      </trkpt>
      <trkpt lat="-27.793669" lon="-64.275742">
        <ele>184.4</ele>
        <time>2025-09-01T01:36:03Z</time>
      </trkpt>
      <trkpt lat="-27.793778" lon="-64.275629">
        <ele>183.5</ele>
        <time>2025-09-01T01:36:33Z</time>
      </trkpt>
      <trkpt lat="-27.793615" lon="-64.275568">
        <ele>183.5</ele>
        <time>2025-09-01T01:37:03Z</time>
      </trkpt>
      <trkpt lat="-27.793855" lon="-64.275637">
        <ele>183.4</ele>
        <time>2025-09-01T01:41:23Z</time>
      </trkpt>
      <trkpt lat="-27.793691" lon="-64.275698">
        <ele>183.7</ele>
        <time>2025-09-01T01:42:03Z</time>
      </trkpt>
      <trkpt lat="-27.793745" lon="-64.275501">
        <ele>183.4</ele>
        <time>2025-09-01T01:43:23Z</time>
      </trkpt>
      <trkpt lat="-27.793618" lon="-64.275655">
        <ele>183.8</ele>
        <time>2025-09-01T01:45:03Z</time>
      </trkpt>
      <trkpt lat="-27.793581" lon="-64.275523">
        <ele>183.7</ele>
        <time>2025-09-01T01:46:23Z</time>
      </trkpt>
      <trkpt lat="-27.793466" lon="-64.275833">
        <ele>183.5</ele>
        <time>2025-09-01T01:48:23Z</time>
      </trkpt>
      <trkpt lat="-27.793692" lon="-64.275559">
        <ele>183.3</ele>
        <time>2025-09-01T01:51:03Z</time>
      </trkpt>
      <trkpt lat="-27.793753" lon="-64.275689">
        <ele>183.3</ele>
        <time>2025-09-01T01:54:43Z</time>
      </trkpt>
      <trkpt lat="-27.79387" lon="-64.275594">
        <ele>182.9</ele>
        <time>2025-09-01T02:00:43Z</time>
      </trkpt>
      <trkpt lat="-27.793677" lon="-64.275722">
        <ele>182.8</ele>
        <time>2025-09-01T02:01:43Z</time>
      </trkpt>
      <trkpt lat="-27.793794" lon="-64.275591">
        <ele>182.6</ele>
        <time>2025-09-01T02:02:33Z</time>
      </trkpt>
      <trkpt lat="-27.793584" lon="-64.275583">
        <ele>182.3</ele>
        <time>2025-09-01T02:03:13Z</time>
      </trkpt>
      <trkpt lat="-27.793605" lon="-64.275814">
        <ele>182.3</ele>
        <time>2025-09-01T02:04:17Z</time>
      </trkpt>
      <trkpt lat="-27.793517" lon="-64.275744">
        <ele>182.2</ele>
        <time>2025-09-01T02:04:33Z</time>
      </trkpt>
      <trkpt lat="-27.793822" lon="-64.275592">
        <ele>182.5</ele>
        <time>2025-09-01T02:06:03Z</time>
      </trkpt>
      <trkpt lat="-27.793462" lon="-64.275703">
        <ele>182.8</ele>
        <time>2025-09-01T02:08:03Z</time>
      </trkpt>
      <trkpt lat="-27.793468" lon="-64.275559">
        <ele>182.9</ele>
        <time>2025-09-01T02:09:33Z</time>
      </trkpt>
      <trkpt lat="-27.793617" lon="-64.275628">
        <ele>183.0</ele>
        <time>2025-09-01T02:11:13Z</time>
      </trkpt>
      <trkpt lat="-27.793448" lon="-64.275451">
        <ele>182.3</ele>
        <time>2025-09-01T02:17:03Z</time>
      </trkpt>
      <trkpt lat="-27.793555" lon="-64.275633">
        <ele>182.1</ele>
        <time>2025-09-01T02:26:33Z</time>
      </trkpt>
      <trkpt lat="-27.793844" lon="-64.275635">
        <ele>182.9</ele>
        <time>2025-09-01T02:29:43Z</time>
      </trkpt>
      <trkpt lat="-27.793584" lon="-64.275683">
        <ele>182.8</ele>
        <time>2025-09-01T02:30:43Z</time>
      </trkpt>
      <trkpt lat="-27.793428" lon="-64.27552">
        <ele>182.6</ele>
        <time>2025-09-01T02:31:53Z</time>
      </trkpt>
      <trkpt lat="-27.793729" lon="-64.275666">
        <ele>183.4</ele>
        <time>2025-09-01T02:34:53Z</time>
      </trkpt>
      <trkpt lat="-27.793844" lon="-64.275512">
        <ele>183.2</ele>
        <time>2025-09-01T02:36:13Z</time>
      </trkpt>
      <trkpt lat="-27.793699" lon="-64.275585">
        <ele>182.8</ele>
        <time>2025-09-01T02:38:43Z</time>
      </trkpt>
      <trkpt lat="-27.793838" lon="-64.275643">
        <ele>182.9</ele>
        <time>2025-09-01T02:40:53Z</time>
      </trkpt>
      <trkpt lat="-27.793816" lon="-64.275514">
        <ele>183.1</ele>
        <time>2025-09-01T02:43:23Z</time>
      </trkpt>
      <trkpt lat="-27.79371" lon="-64.275753">
        <ele>160.1</ele>
        <time>2025-09-01T10:23:54Z</time>
      </trkpt>
      <trkpt lat="-27.793824" lon="-64.275566">
        <ele>158.3</ele>
        <time>2025-09-01T10:49:34Z</time>
      </trkpt>
      <trkpt lat="-27.793501" lon="-64.275717">
        <ele>159.0</ele>
        <time>2025-09-01T10:56:04Z</time>
      </trkpt>
      <trkpt lat="-27.793436" lon="-64.275586">
        <ele>158.9</ele>
        <time>2025-09-01T10:56:34Z</time>
      </trkpt>
      <trkpt lat="-27.793529" lon="-64.275747">
        <ele>158.7</ele>
        <time>2025-09-01T10:57:14Z</time>
      </trkpt>
      <trkpt lat="-27.793295" lon="-64.275618">
        <ele>157.0</ele>
        <time>2025-09-01T11:00:04Z</time>
      </trkpt>
      <trkpt lat="-27.793395" lon="-64.275556">
        <ele>156.5</ele>
        <time>2025-09-01T11:01:14Z</time>
      </trkpt>
      <trkpt lat="-27.793841" lon="-64.275613">
        <ele>155.7</ele>
        <time>2025-09-01T11:13:33Z</time>
      </trkpt>
      <trkpt lat="-27.793577" lon="-64.275713">
        <ele>155.6</ele>
        <time>2025-09-01T11:14:03Z</time>
      </trkpt>
      <trkpt lat="-27.793422" lon="-64.27555">
        <ele>155.9</ele>
        <time>2025-09-01T11:15:13Z</time>
      </trkpt>
      <trkpt lat="-27.793359" lon="-64.275684">
        <ele>151.4</ele>
        <time>2025-09-01T11:37:53Z</time>
      </trkpt>
      <trkpt lat="-27.79345" lon="-64.275463">
        <ele>151.4</ele>
        <time>2025-09-01T11:43:33Z</time>
      </trkpt>
      <trkpt lat="-27.793495" lon="-64.275795">
        <ele>150.9</ele>
        <time>2025-09-01T11:46:03Z</time>
      </trkpt>
      <trkpt lat="-27.793743" lon="-64.27556">
        <ele>151.2</ele>
        <time>2025-09-01T11:47:13Z</time>
      </trkpt>
      <trkpt lat="-27.793495" lon="-64.275705">
        <ele>150.2</ele>
        <time>2025-09-01T11:49:03Z</time>
      </trkpt>
      <trkpt lat="-27.793418" lon="-64.275603">
        <ele>150.2</ele>
        <time>2025-09-01T11:49:33Z</time>
      </trkpt>
      <trkpt lat="-27.793667" lon="-64.275594">
        <ele>149.7</ele>
        <time>2025-09-01T11:52:03Z</time>
      </trkpt>
      <trkpt lat="-27.793344" lon="-64.275555">
        <ele>149.2</ele>
        <time>2025-09-01T11:55:43Z</time>
      </trkpt>
      <trkpt lat="-27.793667" lon="-64.275577">
        <ele>149.2</ele>
        <time>2025-09-01T11:56:23Z</time>
      </trkpt>
      <trkpt lat="-27.793732" lon="-64.275729">
        <ele>149.1</ele>
        <time>2025-09-01T11:58:53Z</time>
      </trkpt>
      <trkpt lat="-27.793623" lon="-64.275647">
        <ele>149.4</ele>
        <time>2025-09-01T12:00:43Z</time>
      </trkpt>
      <trkpt lat="-27.793784" lon="-64.275618">
        <ele>149.5</ele>
        <time>2025-09-01T12:01:53Z</time>
      </trkpt>
      <trkpt lat="-27.793528" lon="-64.275684">
        <ele>150.2</ele>
        <time>2025-09-01T12:07:33Z</time>
      </trkpt>
      <trkpt lat="-27.793762" lon="-64.275658">
        <ele>147.6</ele>
        <time>2025-09-01T12:15:43Z</time>
      </trkpt>
      <trkpt lat="-27.793707" lon="-64.275382">
        <ele>147.7</ele>
        <time>2025-09-01T12:18:53Z</time>
      </trkpt>
      <trkpt lat="-27.793714" lon="-64.275626">
        <ele>147.6</ele>
        <time>2025-09-01T12:23:03Z</time>
      </trkpt>
      <trkpt lat="-27.793452" lon="-64.275796">
        <ele>148.1</ele>
        <time>2025-09-01T12:24:23Z</time>
      </trkpt>
      <trkpt lat="-27.793683" lon="-64.275686">
        <ele>147.5</ele>
        <time>2025-09-01T12:25:03Z</time>
      </trkpt>
      <trkpt lat="-27.793395" lon="-64.275591">
        <ele>147.5</ele>
        <time>2025-09-01T12:25:53Z</time>
      </trkpt>
      <trkpt lat="-27.793329" lon="-64.275734">
        <ele>147.3</ele>
        <time>2025-09-01T12:27:13Z</time>
      </trkpt>
      <trkpt lat="-27.793544" lon="-64.275805">
        <ele>146.2</ele>
        <time>2025-09-01T12:28:23Z</time>
      </trkpt>
      <trkpt lat="-27.793672" lon="-64.275525">
        <ele>144.1</ele>
        <time>2025-09-01T12:41:33Z</time>
      </trkpt>
      <trkpt lat="-27.79376" lon="-64.275691">
        <ele>143.1</ele>
        <time>2025-09-01T12:46:43Z</time>
      </trkpt>
      <trkpt lat="-27.793679" lon="-64.275565">
        <ele>142.3</ele>
        <time>2025-09-01T12:47:53Z</time>
      </trkpt>
      <trkpt lat="-27.793412" lon="-64.275641">
        <ele>141.4</ele>
        <time>2025-09-01T12:49:33Z</time>
      </trkpt>
      <trkpt lat="-27.793491" lon="-64.275511">
        <ele>141.3</ele>
        <time>2025-09-01T12:50:33Z</time>
      </trkpt>
      <trkpt lat="-27.793473" lon="-64.275833">
        <ele>141.7</ele>
        <time>2025-09-01T12:55:03Z</time>
      </trkpt>
      <trkpt lat="-27.793712" lon="-64.275577">
        <ele>140.5</ele>
        <time>2025-09-01T13:00:03Z</time>
      </trkpt>
      <trkpt lat="-27.793472" lon="-64.275747">
        <ele>140.7</ele>
        <time>2025-09-01T13:01:03Z</time>
      </trkpt>
      <trkpt lat="-27.793408" lon="-64.275542">
        <ele>140.4</ele>
        <time>2025-09-01T13:02:23Z</time>
      </trkpt>
      <trkpt lat="-27.793534" lon="-64.275617">
        <ele>140.5</ele>
        <time>2025-09-01T13:03:33Z</time>
      </trkpt>
      <trkpt lat="-27.793432" lon="-64.275794">
        <ele>140.7</ele>
        <time>2025-09-01T13:03:53Z</time>
      </trkpt>
      <trkpt lat="-27.79361" lon="-64.275636">
        <ele>140.9</ele>
        <time>2025-09-01T13:04:33Z</time>
      </trkpt>
      <trkpt lat="-27.793433" lon="-64.275555">
        <ele>141.0</ele>
        <time>2025-09-01T13:05:23Z</time>
      </trkpt>
      <trkpt lat="-27.793516" lon="-64.275785">
        <ele>140.8</ele>
        <time>2025-09-01T13:05:43Z</time>
      </trkpt>
      <trkpt lat="-27.793343" lon="-64.275983">
        <ele>141.2</ele>
        <time>2025-09-01T13:07:23Z</time>
      </trkpt>
      <trkpt lat="-27.793426" lon="-64.275857">
        <ele>141.8</ele>
        <time>2025-09-01T13:11:03Z</time>
      </trkpt>
      <trkpt lat="-27.793315" lon="-64.27591">
        <ele>141.2</ele>
        <time>2025-09-01T13:12:43Z</time>
      </trkpt>
      <trkpt lat="-27.79313" lon="-64.275181">
        <ele>141.2</ele>
        <time>2025-09-01T13:15:43Z</time>
      </trkpt>
      <trkpt lat="-27.792937" lon="-64.275039">
        <ele>141.7</ele>
        <time>2025-09-01T13:16:33Z</time>
      </trkpt>
      <trkpt lat="-27.790554" lon="-64.275921">
        <ele>141.9</ele>
        <time>2025-09-01T13:17:43Z</time>
      </trkpt>
      <trkpt lat="-27.786697" lon="-64.276804">
        <ele>142.5</ele>
        <time>2025-09-01T13:19:23Z</time>
      </trkpt>
      <trkpt lat="-27.787086" lon="-64.277849">
        <ele>142.6</ele>
        <time>2025-09-01T13:20:03Z</time>
      </trkpt>
      <trkpt lat="-27.790908" lon="-64.285197">
        <ele>149.2</ele>
        <time>2025-09-01T13:25:23Z</time>
      </trkpt>
      <trkpt lat="-27.791029" lon="-64.285491">
        <ele>149.4</ele>
        <time>2025-09-01T13:25:33Z</time>
      </trkpt>
      <trkpt lat="-27.790902" lon="-64.285609">
        <ele>149.8</ele>
        <time>2025-09-01T13:25:43Z</time>
      </trkpt>
      <trkpt lat="-27.791138" lon="-64.285683">
        <ele>149.9</ele>
        <time>2025-09-01T13:26:03Z</time>
      </trkpt>
      <trkpt lat="-27.791476" lon="-64.286351">
        <ele>150.0</ele>
        <time>2025-09-01T13:26:33Z</time>
      </trkpt>
      <trkpt lat="-27.793962" lon="-64.284564">
        <ele>146.4</ele>
        <time>2025-09-01T13:29:03Z</time>
      </trkpt>
      <trkpt lat="-27.794297" lon="-64.284525">
        <ele>146.2</ele>
        <time>2025-09-01T13:29:13Z</time>
      </trkpt>
      <trkpt lat="-27.796207" lon="-64.284542">
        <ele>144.8</ele>
        <time>2025-09-01T13:30:03Z</time>
      </trkpt>
      <trkpt lat="-27.797234" lon="-64.287256">
        <ele>148.9</ele>
        <time>2025-09-01T13:31:23Z</time>
      </trkpt>
      <trkpt lat="-27.797715" lon="-64.286817">
        <ele>148.1</ele>
        <time>2025-09-01T13:31:43Z</time>
      </trkpt>
      <trkpt lat="-27.802857" lon="-64.285199">
        <ele>144.2</ele>
        <time>2025-09-01T13:34:23Z</time>
      </trkpt>
      <trkpt lat="-27.8078" lon="-64.293086">
        <ele>147.7</ele>
        <time>2025-09-01T13:38:33Z</time>
      </trkpt>
      <trkpt lat="-27.808118" lon="-64.29423">
        <ele>148.1</ele>
        <time>2025-09-01T13:39:03Z</time>
      </trkpt>
      <trkpt lat="-27.8081" lon="-64.295835">
        <ele>149.0</ele>
        <time>2025-09-01T13:39:43Z</time>
      </trkpt>
      <trkpt lat="-27.808272" lon="-64.296312">
        <ele>149.1</ele>
        <time>2025-09-01T13:39:53Z</time>
      </trkpt>
      <trkpt lat="-27.808853" lon="-64.296905">
        <ele>149.4</ele>
        <time>2025-09-01T13:40:13Z</time>
      </trkpt>
      <trkpt lat="-27.809295" lon="-64.297033">
        <ele>149.2</ele>
        <time>2025-09-01T13:40:23Z</time>
      </trkpt>
      <trkpt lat="-27.80973" lon="-64.296973">
        <ele>149.2</ele>
        <time>2025-09-01T13:40:33Z</time>
      </trkpt>
      <trkpt lat="-27.810406" lon="-64.296446">
        <ele>148.7</ele>
        <time>2025-09-01T13:40:53Z</time>
      </trkpt>
      <trkpt lat="-27.810655" lon="-64.295445">
        <ele>148.8</ele>
        <time>2025-09-01T13:41:13Z</time>
      </trkpt>
      <trkpt lat="-27.810245" lon="-64.294503">
        <ele>148.6</ele>
        <time>2025-09-01T13:41:33Z</time>
      </trkpt>
      <trkpt lat="-27.809413" lon="-64.294098">
        <ele>148.5</ele>
        <time>2025-09-01T13:41:53Z</time>
      </trkpt>
      <trkpt lat="-27.80876" lon="-64.294258">
        <ele>148.7</ele>
        <time>2025-09-01T13:42:13Z</time>
      </trkpt>
      <trkpt lat="-27.808183" lon="-64.294972">
        <ele>148.8</ele>
        <time>2025-09-01T13:42:33Z</time>
      </trkpt>
      <trkpt lat="-27.807821" lon="-64.296923">
        <ele>149.1</ele>
        <time>2025-09-01T13:47:33Z</time>
      </trkpt>
      <trkpt lat="-27.807499" lon="-64.296628">
        <ele>150.6</ele>
        <time>2025-09-01T14:17:23Z</time>
      </trkpt>
      <trkpt lat="-27.806975" lon="-64.297246">
        <ele>151.1</ele>
        <time>2025-09-01T14:18:03Z</time>
      </trkpt>
      <trkpt lat="-27.803311" lon="-64.300075">
        <ele>151.2</ele>
        <time>2025-09-01T14:20:23Z</time>
      </trkpt>
      <trkpt lat="-27.803222" lon="-64.300328">
        <ele>152.5</ele>
        <time>2025-09-01T14:20:33Z</time>
      </trkpt>
      <trkpt lat="-27.801393" lon="-64.302026">
        <ele>153.3</ele>
        <time>2025-09-01T14:21:53Z</time>
      </trkpt>
      <trkpt lat="-27.793006" lon="-64.308809">
        <ele>155.2</ele>
        <time>2025-09-01T14:26:53Z</time>
      </trkpt>
      <trkpt lat="-27.790528" lon="-64.311402">
        <ele>155.6</ele>
        <time>2025-09-01T14:28:03Z</time>
      </trkpt>
      <trkpt lat="-27.788444" lon="-64.314577">
        <ele>156.4</ele>
        <time>2025-09-01T14:29:13Z</time>
      </trkpt>
      <trkpt lat="-27.774361" lon="-64.342347">
        <ele>169.4</ele>
        <time>2025-09-01T14:38:33Z</time>
      </trkpt>
      <trkpt lat="-27.773499" lon="-64.343177">
        <ele>169.4</ele>
        <time>2025-09-01T14:39:03Z</time>
      </trkpt>
      <trkpt lat="-27.772954" lon="-64.344364">
        <ele>169.9</ele>
        <time>2025-09-01T14:39:33Z</time>
      </trkpt>
      <trkpt lat="-27.772645" lon="-64.344436">
        <ele>169.8</ele>
        <time>2025-09-01T14:39:43Z</time>
      </trkpt>
      <trkpt lat="-27.772395" lon="-64.344172">
        <ele>170.2</ele>
        <time>2025-09-01T14:39:53Z</time>
      </trkpt>
      <trkpt lat="-27.772083" lon="-64.344316">
        <ele>169.4</ele>
        <time>2025-09-01T14:40:03Z</time>
      </trkpt>
      <trkpt lat="-27.771676" lon="-64.344676">
        <ele>170.1</ele>
        <time>2025-09-01T14:40:33Z</time>
      </trkpt>
      <trkpt lat="-27.771895" lon="-64.344736">
        <ele>170.9</ele>
        <time>2025-09-01T14:46:03Z</time>
      </trkpt>
      <trkpt lat="-27.771573" lon="-64.344734">
        <ele>171.1</ele>
        <time>2025-09-01T14:48:03Z</time>
      </trkpt>
      <trkpt lat="-27.771794" lon="-64.344798">
        <ele>171.3</ele>
        <time>2025-09-01T14:48:53Z</time>
      </trkpt>
      <trkpt lat="-27.771618" lon="-64.344793">
        <ele>171.5</ele>
        <time>2025-09-01T14:49:23Z</time>
      </trkpt>
      <trkpt lat="-27.771546" lon="-64.345041">
        <ele>171.5</ele>
        <time>2025-09-01T14:49:42Z</time>
      </trkpt>
      <trkpt lat="-27.771656" lon="-64.344539">
        <ele>171.3</ele>
        <time>2025-09-01T14:51:03Z</time>
      </trkpt>
      <trkpt lat="-27.771845" lon="-64.344809">
        <ele>175.6</ele>
        <time>2025-09-01T14:52:13Z</time>
      </trkpt>
      <trkpt lat="-27.771599" lon="-64.344815">
        <ele>173.7</ele>
        <time>2025-09-01T15:18:43Z</time>
      </trkpt>
      <trkpt lat="-27.771722" lon="-64.344683">
        <ele>176.0</ele>
        <time>2025-09-01T15:28:33Z</time>
      </trkpt>
      <trkpt lat="-27.771632" lon="-64.34484">
        <ele>176.4</ele>
        <time>2025-09-01T15:31:23Z</time>
      </trkpt>
      <trkpt lat="-27.771705" lon="-64.344678">
        <ele>176.6</ele>
        <time>2025-09-01T15:32:13Z</time>
      </trkpt>
      <trkpt lat="-27.772095" lon="-64.346107">
        <ele>177.6</ele>
        <time>2025-09-01T15:39:03Z</time>
      </trkpt>
      <trkpt lat="-27.771341" lon="-64.347775">
        <ele>178.4</ele>
        <time>2025-09-01T15:40:03Z</time>
      </trkpt>
      <trkpt lat="-27.771136" lon="-64.348674">
        <ele>178.6</ele>
        <time>2025-09-01T15:40:33Z</time>
      </trkpt>
      <trkpt lat="-27.694947" lon="-64.498633">
        <ele>260.9</ele>
        <time>2025-09-01T17:06:38Z</time>
      </trkpt>
      <trkpt lat="-27.694144" lon="-64.499604">
        <ele>261.3</ele>
        <time>2025-09-01T17:07:08Z</time>
      </trkpt>
      <trkpt lat="-27.693374" lon="-64.50157">
        <ele>262.2</ele>
        <time>2025-09-01T17:07:48Z</time>
      </trkpt>
      <trkpt lat="-27.685999" lon="-64.515512">
        <ele>279.5</ele>
        <time>2025-09-01T17:13:38Z</time>
      </trkpt>
      <trkpt lat="-27.686144" lon="-64.515602">
        <ele>279.7</ele>
        <time>2025-09-01T17:13:48Z</time>
      </trkpt>
      <trkpt lat="-27.681589" lon="-64.524257">
        <ele>293.4</ele>
        <time>2025-09-01T17:17:48Z</time>
      </trkpt>
      <trkpt lat="-27.665968" lon="-64.555305">
        <ele>333.6</ele>
        <time>2025-09-01T17:38:28Z</time>
      </trkpt>
      <trkpt lat="-27.663741" lon="-64.559295">
        <ele>336.0</ele>
        <time>2025-09-01T17:40:08Z</time>
      </trkpt>
      <trkpt lat="-27.663439" lon="-64.559653">
        <ele>335.8</ele>
        <time>2025-09-01T17:40:58Z</time>
      </trkpt>
      <trkpt lat="-27.663325" lon="-64.559589">
        <ele>312.9</ele>
        <time>2025-09-01T17:58:34Z</time>
      </trkpt>
      <trkpt lat="-27.663452" lon="-64.559749">
        <ele>316.5</ele>
        <time>2025-09-01T18:05:34Z</time>
      </trkpt>
      <trkpt lat="-27.663105" lon="-64.560331">
        <ele>320.0</ele>
        <time>2025-09-01T18:17:54Z</time>
      </trkpt>
      <trkpt lat="-27.663304" lon="-64.560198">
        <ele>319.9</ele>
        <time>2025-09-01T18:18:04Z</time>
      </trkpt>
      <trkpt lat="-27.662694" lon="-64.561205">
        <ele>323.8</ele>
        <time>2025-09-01T18:29:04Z</time>
      </trkpt>
      <trkpt lat="-27.663132" lon="-64.560545">
        <ele>323.0</ele>
        <time>2025-09-01T18:29:44Z</time>
      </trkpt>
      <trkpt lat="-27.662747" lon="-64.561089">
        <ele>323.7</ele>
        <time>2025-09-01T18:30:54Z</time>
      </trkpt>
      <trkpt lat="-27.662713" lon="-64.561289">
        <ele>324.1</ele>
        <time>2025-09-01T18:31:04Z</time>
      </trkpt>
      <trkpt lat="-27.66298" lon="-64.560848">
        <ele>323.4</ele>
        <time>2025-09-01T18:32:34Z</time>
      </trkpt>
      <trkpt lat="-27.662753" lon="-64.561414">
        <ele>324.6</ele>
        <time>2025-09-01T18:34:04Z</time>
      </trkpt>
      <trkpt lat="-27.66288" lon="-64.560958">
        <ele>324.3</ele>
        <time>2025-09-01T18:34:54Z</time>
      </trkpt>
      <trkpt lat="-27.662658" lon="-64.56135">
        <ele>325.2</ele>
        <time>2025-09-01T18:36:24Z</time>
      </trkpt>
      <trkpt lat="-27.662767" lon="-64.561121">
        <ele>325.2</ele>
        <time>2025-09-01T18:36:54Z</time>
      </trkpt>
      <trkpt lat="-27.662818" lon="-64.561234">
        <ele>325.2</ele>
        <time>2025-09-01T18:41:24Z</time>
      </trkpt>
      <trkpt lat="-27.662708" lon="-64.561162">
        <ele>325.0</ele>
        <time>2025-09-01T18:41:44Z</time>
      </trkpt>
      <trkpt lat="-27.662818" lon="-64.56114">
        <ele>325.5</ele>
        <time>2025-09-01T18:43:24Z</time>
      </trkpt>
      <trkpt lat="-27.662761" lon="-64.561295">
        <ele>325.7</ele>
        <time>2025-09-01T18:43:54Z</time>
      </trkpt>
      <trkpt lat="-27.662875" lon="-64.560995">
        <ele>325.5</ele>
        <time>2025-09-01T18:44:14Z</time>
      </trkpt>
      <trkpt lat="-27.662856" lon="-64.561154">
        <ele>325.9</ele>
        <time>2025-09-01T18:46:24Z</time>
      </trkpt>
      <trkpt lat="-27.661089" lon="-64.564998">
        <ele>333.5</ele>
        <time>2025-09-01T18:54:04Z</time>
      </trkpt>
      <trkpt lat="-27.650965" lon="-64.584812">
        <ele>348.5</ele>
        <time>2025-09-01T19:03:14Z</time>
      </trkpt>
      <trkpt lat="-27.650127" lon="-64.586527">
        <ele>346.5</ele>
        <time>2025-09-01T19:03:54Z</time>
      </trkpt>
      <trkpt lat="-27.650259" lon="-64.586786">
        <ele>346.4</ele>
        <time>2025-09-01T19:04:54Z</time>
      </trkpt>
      <trkpt lat="-27.627631" lon="-64.631065">
        <ele>319.0</ele>
        <time>2025-09-01T19:16:54Z</time>
      </trkpt>
      <trkpt lat="-27.626913" lon="-64.632455">
        <ele>319.9</ele>
        <time>2025-09-01T19:17:24Z</time>
      </trkpt>
      <trkpt lat="-27.626395" lon="-64.632934">
        <ele>320.5</ele>
        <time>2025-09-01T19:17:44Z</time>
      </trkpt>
      <trkpt lat="-27.626008" lon="-64.633653">
        <ele>321.2</ele>
        <time>2025-09-01T19:18:44Z</time>
      </trkpt>
      <trkpt lat="-27.599627" lon="-64.68537">
        <ele>331.4</ele>
        <time>2025-09-01T19:42:44Z</time>
      </trkpt>
      <trkpt lat="-27.596892" lon="-64.690373">
        <ele>333.8</ele>
        <time>2025-09-01T19:45:04Z</time>
      </trkpt>
      <trkpt lat="-27.595512" lon="-64.693465">
        <ele>332.4</ele>
        <time>2025-09-01T19:47:04Z</time>
      </trkpt>
      <trkpt lat="-27.587021" lon="-64.710115">
        <ele>319.6</ele>
        <time>2025-09-01T19:54:25Z</time>
      </trkpt>
      <trkpt lat="-27.578801" lon="-64.725743">
        <ele>308.0</ele>
        <time>2025-09-01T20:01:15Z</time>
      </trkpt>
      <trkpt lat="-27.576868" lon="-64.729874">
        <ele>309.2</ele>
        <time>2025-09-01T20:03:05Z</time>
      </trkpt>
      <trkpt lat="-27.568585" lon="-64.745972">
        <ele>318.7</ele>
        <time>2025-09-01T20:12:15Z</time>
      </trkpt>
      <trkpt lat="-27.56759" lon="-64.748286">
        <ele>313.7</ele>
        <time>2025-09-01T20:13:05Z</time>
      </trkpt>
      <trkpt lat="-27.567253" lon="-64.748561">
        <ele>312.8</ele>
        <time>2025-09-01T20:13:55Z</time>
      </trkpt>
      <trkpt lat="-27.567287" lon="-64.748714">
        <ele>312.8</ele>
        <time>2025-09-01T20:16:35Z</time>
      </trkpt>
      <trkpt lat="-27.56721" lon="-64.748606">
        <ele>313.9</ele>
        <time>2025-09-01T20:21:25Z</time>
      </trkpt>
      <trkpt lat="-27.559184" lon="-64.764525">
        <ele>293.0</ele>
        <time>2025-09-01T20:26:55Z</time>
      </trkpt>
      <trkpt lat="-27.556396" lon="-64.769588">
        <ele>290.2</ele>
        <time>2025-09-01T20:28:55Z</time>
      </trkpt>
      <trkpt lat="-27.554311" lon="-64.774196">
        <ele>291.4</ele>
        <time>2025-09-01T20:31:35Z</time>
      </trkpt>
      <trkpt lat="-27.543937" lon="-64.794468">
        <ele>313.9</ele>
        <time>2025-09-01T20:41:55Z</time>
      </trkpt>
      <trkpt lat="-27.543641" lon="-64.795063">
        <ele>314.7</ele>
        <time>2025-09-01T20:42:15Z</time>
      </trkpt>
      <trkpt lat="-27.543644" lon="-64.795543">
        <ele>315.5</ele>
        <time>2025-09-01T20:42:35Z</time>
      </trkpt>
      <trkpt lat="-27.539526" lon="-64.803556">
        <ele>323.9</ele>
        <time>2025-09-01T20:46:45Z</time>
      </trkpt>
      <trkpt lat="-27.539957" lon="-64.803703">
        <ele>323.9</ele>
        <time>2025-09-01T20:47:05Z</time>
      </trkpt>
      <trkpt lat="-27.540539" lon="-64.803155">
        <ele>324.3</ele>
        <time>2025-09-01T20:49:45Z</time>
      </trkpt>
      <trkpt lat="-27.540448" lon="-64.80347">
        <ele>324.5</ele>
        <time>2025-09-01T20:51:05Z</time>
      </trkpt>
      <trkpt lat="-27.540576" lon="-64.803068">
        <ele>324.3</ele>
        <time>2025-09-01T21:10:15Z</time>
      </trkpt>
      <trkpt lat="-27.540511" lon="-64.803191">
        <ele>324.1</ele>
        <time>2025-09-01T21:17:25Z</time>
      </trkpt>
      <trkpt lat="-27.54066" lon="-64.803238">
        <ele>322.7</ele>
        <time>2025-09-01T21:30:55Z</time>
      </trkpt>
      <trkpt lat="-27.540518" lon="-64.803281">
        <ele>323.0</ele>
        <time>2025-09-01T21:32:35Z</time>
      </trkpt>
      <trkpt lat="-27.540529" lon="-64.803081">
        <ele>323.0</ele>
        <time>2025-09-01T21:34:44Z</time>
      </trkpt>
      <trkpt lat="-27.540588" lon="-64.803229">
        <ele>323.8</ele>
        <time>2025-09-01T21:35:14Z</time>
      </trkpt>
      <trkpt lat="-27.540303" lon="-64.803189">
        <ele>323.7</ele>
        <time>2025-09-01T21:45:54Z</time>
      </trkpt>
      <trkpt lat="-27.539965" lon="-64.803709">
        <ele>323.4</ele>
        <time>2025-09-01T21:46:14Z</time>
      </trkpt>
      <trkpt lat="-27.539472" lon="-64.803698">
        <ele>323.9</ele>
        <time>2025-09-01T21:46:34Z</time>
      </trkpt>
      <trkpt lat="-27.539359" lon="-64.803859">
        <ele>323.7</ele>
        <time>2025-09-01T21:46:44Z</time>
      </trkpt>
      <trkpt lat="-27.531683" lon="-64.818862">
        <ele>310.5</ele>
        <time>2025-09-01T21:52:24Z</time>
      </trkpt>
      <trkpt lat="-27.514818" lon="-64.844506">
        <ele>280.2</ele>
        <time>2025-09-01T22:01:54Z</time>
      </trkpt>
      <trkpt lat="-27.513595" lon="-64.845855">
        <ele>281.4</ele>
        <time>2025-09-01T22:02:34Z</time>
      </trkpt>
      <trkpt lat="-27.506513" lon="-64.851601">
        <ele>274.2</ele>
        <time>2025-09-01T22:05:24Z</time>
      </trkpt>
      <trkpt lat="-27.506372" lon="-64.852042">
        <ele>273.5</ele>
        <time>2025-09-01T22:05:34Z</time>
      </trkpt>
      <trkpt lat="-27.506972" lon="-64.85172">
        <ele>274.3</ele>
        <time>2025-09-01T22:05:54Z</time>
      </trkpt>
      <trkpt lat="-27.507177" lon="-64.851883">
        <ele>274.4</ele>
        <time>2025-09-01T22:06:14Z</time>
      </trkpt>
      <trkpt lat="-27.509602" lon="-64.857276">
        <ele>275.7</ele>
        <time>2025-09-01T22:08:24Z</time>
      </trkpt>
      <trkpt lat="-27.510404" lon="-64.858518">
        <ele>275.4</ele>
        <time>2025-09-01T22:08:54Z</time>
      </trkpt>
      <trkpt lat="-27.512518" lon="-64.861088">
        <ele>274.5</ele>
        <time>2025-09-01T22:10:04Z</time>
      </trkpt>
      <trkpt lat="-27.514385" lon="-64.864911">
        <ele>275.4</ele>
        <time>2025-09-01T22:11:34Z</time>
      </trkpt>
      <trkpt lat="-27.522131" lon="-64.873834">
        <ele>277.9</ele>
        <time>2025-09-01T22:15:44Z</time>
      </trkpt>
      <trkpt lat="-27.527469" lon="-64.881764">
        <ele>283.9</ele>
        <time>2025-09-01T22:20:24Z</time>
      </trkpt>
      <trkpt lat="-27.527702" lon="-64.881281">
        <ele>282.8</ele>
        <time>2025-09-01T22:21:04Z</time>
      </trkpt>
      <trkpt lat="-27.530018" lon="-64.880018">
        <ele>284.6</ele>
        <time>2025-09-01T22:22:34Z</time>
      </trkpt>
      <trkpt lat="-27.530675" lon="-64.879854">
        <ele>286.8</ele>
        <time>2025-09-01T22:23:04Z</time>
      </trkpt>
      <trkpt lat="-27.536806" lon="-64.875235">
        <ele>291.1</ele>
        <time>2025-09-01T22:26:44Z</time>
      </trkpt>
      <trkpt lat="-27.537435" lon="-64.874581">
        <ele>290.9</ele>
        <time>2025-09-01T22:27:04Z</time>
      </trkpt>
      <trkpt lat="-27.538052" lon="-64.874266">
        <ele>292.0</ele>
        <time>2025-09-01T22:27:34Z</time>
      </trkpt>
      <trkpt lat="-27.537843" lon="-64.874147">
        <ele>291.3</ele>
        <time>2025-09-01T22:28:04Z</time>
      </trkpt>
      <trkpt lat="-27.537457" lon="-64.872646">
        <ele>291.2</ele>
        <time>2025-09-01T22:33:24Z</time>
      </trkpt>
      <trkpt lat="-27.537846" lon="-64.874029">
        <ele>288.8</ele>
        <time>2025-09-01T22:40:34Z</time>
      </trkpt>
      <trkpt lat="-27.537679" lon="-64.874859">
        <ele>295.7</ele>
        <time>2025-09-01T22:41:44Z</time>
      </trkpt>
      <trkpt lat="-27.536555" lon="-64.875779">
        <ele>293.8</ele>
        <time>2025-09-01T22:50:54Z</time>
      </trkpt>
      <trkpt lat="-27.537787" lon="-64.874599">
        <ele>292.5</ele>
        <time>2025-09-01T22:54:54Z</time>
      </trkpt>
      <trkpt lat="-27.537684" lon="-64.873239">
        <ele>288.5</ele>
        <time>2025-09-01T22:56:54Z</time>
      </trkpt>
      <trkpt lat="-27.537388" lon="-64.872716">
        <ele>288.5</ele>
        <time>2025-09-01T23:04:44Z</time>
      </trkpt>
      <trkpt lat="-27.537512" lon="-64.872693">
        <ele>288.2</ele>
        <time>2025-09-01T23:09:24Z</time>
      </trkpt>
      <trkpt lat="-27.537369" lon="-64.872692">
        <ele>288.1</ele>
        <time>2025-09-01T23:10:35Z</time>
      </trkpt>
      <trkpt lat="-27.537428" lon="-64.872857">
        <ele>287.6</ele>
        <time>2025-09-01T23:19:04Z</time>
      </trkpt>
      <trkpt lat="-27.537437" lon="-64.872694">
        <ele>287.7</ele>
        <time>2025-09-01T23:20:14Z</time>
      </trkpt>
      <trkpt lat="-27.537405" lon="-64.872804">
        <ele>287.9</ele>
        <time>2025-09-01T23:20:54Z</time>
      </trkpt>
      <trkpt lat="-27.537587" lon="-64.872729">
        <ele>275.3</ele>
        <time>2025-09-02T02:49:43Z</time>
      </trkpt>
      <trkpt lat="-27.537274" lon="-64.872577">
        <ele>276.1</ele>
        <time>2025-09-02T13:53:45Z</time>
      </trkpt>
      <trkpt lat="-27.537576" lon="-64.872797">
        <ele>277.4</ele>
        <time>2025-09-02T14:11:05Z</time>
      </trkpt>
      <trkpt lat="-27.537834" lon="-64.872485">
        <ele>280.5</ele>
        <time>2025-09-02T14:13:24Z</time>
      </trkpt>
      <trkpt lat="-27.537376" lon="-64.87273">
        <ele>277.9</ele>
        <time>2025-09-02T14:15:04Z</time>
      </trkpt>
      <trkpt lat="-27.537484" lon="-64.87285">
        <ele>277.6</ele>
        <time>2025-09-02T14:15:34Z</time>
      </trkpt>
      <trkpt lat="-27.537365" lon="-64.872693">
        <ele>277.7</ele>
        <time>2025-09-02T14:16:24Z</time>
      </trkpt>
      <trkpt lat="-27.537875" lon="-64.872496">
        <ele>283.3</ele>
        <time>2025-09-02T14:22:44Z</time>
      </trkpt>
      <trkpt lat="-27.537355" lon="-64.872788">
        <ele>278.7</ele>
        <time>2025-09-02T14:24:24Z</time>
      </trkpt>
      <trkpt lat="-27.537555" lon="-64.87276">
        <ele>279.2</ele>
        <time>2025-09-02T14:25:44Z</time>
      </trkpt>
      <trkpt lat="-27.537354" lon="-64.872676">
        <ele>284.4</ele>
        <time>2025-09-02T15:11:15Z</time>
      </trkpt>
      <trkpt lat="-27.537514" lon="-64.872625">
        <ele>287.6</ele>
        <time>2025-09-02T15:20:35Z</time>
      </trkpt>
      <trkpt lat="-27.53769" lon="-64.873268">
        <ele>286.8</ele>
        <time>2025-09-02T15:27:05Z</time>
      </trkpt>
      <trkpt lat="-27.538187" lon="-64.873832">
        <ele>287.8</ele>
        <time>2025-09-02T15:27:35Z</time>
      </trkpt>
      <trkpt lat="-27.53885" lon="-64.873688">
        <ele>289.4</ele>
        <time>2025-09-02T15:28:35Z</time>
      </trkpt>
      <trkpt lat="-27.540753" lon="-64.872209">
        <ele>293.3</ele>
        <time>2025-09-02T15:29:45Z</time>
      </trkpt>
      <trkpt lat="-27.540923" lon="-64.872216">
        <ele>294.0</ele>
        <time>2025-09-02T15:29:55Z</time>
      </trkpt>
      <trkpt lat="-27.540884" lon="-64.872331">
        <ele>294.7</ele>
        <time>2025-09-02T15:30:05Z</time>
      </trkpt>
      <trkpt lat="-27.522792" lon="-64.886473">
        <ele>296.4</ele>
        <time>2025-09-02T15:42:45Z</time>
      </trkpt>
      <trkpt lat="-27.506877" lon="-64.898727">
        <ele>276.4</ele>
        <time>2025-09-02T15:56:39Z</time>
      </trkpt>
      <trkpt lat="-27.506577" lon="-64.89877">
        <ele>276.6</ele>
        <time>2025-09-02T15:56:49Z</time>
      </trkpt>
      <trkpt lat="-27.506623" lon="-64.898351">
        <ele>276.4</ele>
        <time>2025-09-02T15:56:59Z</time>
      </trkpt>
      <trkpt lat="-27.506982" lon="-64.898009">
        <ele>276.2</ele>
        <time>2025-09-02T15:57:09Z</time>
      </trkpt>
      <trkpt lat="-27.512638" lon="-64.893459">
        <ele>258.4</ele>
        <time>2025-09-02T15:59:09Z</time>
      </trkpt>
      <trkpt lat="-27.512991" lon="-64.892981">
        <ele>257.9</ele>
        <time>2025-09-02T15:59:19Z</time>
      </trkpt>
      <trkpt lat="-27.512778" lon="-64.891833">
        <ele>256.3</ele>
        <time>2025-09-02T15:59:39Z</time>
      </trkpt>
      <trkpt lat="-27.513184" lon="-64.891727">
        <ele>255.5</ele>
        <time>2025-09-02T15:59:49Z</time>
      </trkpt>
      <trkpt lat="-27.514098" lon="-64.892119">
        <ele>254.4</ele>
        <time>2025-09-02T16:00:09Z</time>
      </trkpt>
      <trkpt lat="-27.51564" lon="-64.890668">
        <ele>247.9</ele>
        <time>2025-09-02T16:00:39Z</time>
      </trkpt>
      <trkpt lat="-27.517263" lon="-64.888807">
        <ele>251.1</ele>
        <time>2025-09-02T16:01:29Z</time>
      </trkpt>
      <trkpt lat="-27.52068" lon="-64.886195">
        <ele>250.2</ele>
        <time>2025-09-02T16:03:59Z</time>
      </trkpt>
      <trkpt lat="-27.519693" lon="-64.886196">
        <ele>249.9</ele>
        <time>2025-09-02T16:05:49Z</time>
      </trkpt>
      <trkpt lat="-27.517032" lon="-64.883732">
        <ele>248.2</ele>
        <time>2025-09-02T16:07:09Z</time>
      </trkpt>
      <trkpt lat="-27.517213" lon="-64.883362">
        <ele>248.5</ele>
        <time>2025-09-02T16:07:39Z</time>
      </trkpt>
      <trkpt lat="-27.516965" lon="-64.882958">
        <ele>248.4</ele>
        <time>2025-09-02T16:07:59Z</time>
      </trkpt>
      <trkpt lat="-27.515818" lon="-64.882946">
        <ele>248.7</ele>
        <time>2025-09-02T16:09:29Z</time>
      </trkpt>
      <trkpt lat="-27.515113" lon="-64.882527">
        <ele>248.8</ele>
        <time>2025-09-02T16:09:49Z</time>
      </trkpt>
      <trkpt lat="-27.513882" lon="-64.882141">
        <ele>248.9</ele>
        <time>2025-09-02T16:10:29Z</time>
      </trkpt>
      <trkpt lat="-27.51197" lon="-64.880126">
        <ele>249.5</ele>
        <time>2025-09-02T16:11:29Z</time>
      </trkpt>
      <trkpt lat="-27.511752" lon="-64.879722">
        <ele>249.7</ele>
        <time>2025-09-02T16:11:39Z</time>
      </trkpt>
      <trkpt lat="-27.511924" lon="-64.878646">
        <ele>250.5</ele>
        <time>2025-09-02T16:12:09Z</time>
      </trkpt>
      <trkpt lat="-27.511543" lon="-64.878198">
        <ele>250.6</ele>
        <time>2025-09-02T16:12:29Z</time>
      </trkpt>
      <trkpt lat="-27.511437" lon="-64.877299">
        <ele>250.6</ele>
        <time>2025-09-02T16:12:49Z</time>
      </trkpt>
      <trkpt lat="-27.511562" lon="-64.875343">
        <ele>249.3</ele>
        <time>2025-09-02T16:13:29Z</time>
      </trkpt>
      <trkpt lat="-27.510343" lon="-64.872332">
        <ele>249.5</ele>
        <time>2025-09-02T16:14:39Z</time>
      </trkpt>
      <trkpt lat="-27.510131" lon="-64.870837">
        <ele>249.4</ele>
        <time>2025-09-02T16:15:09Z</time>
      </trkpt>
      <trkpt lat="-27.510395" lon="-64.87046">
        <ele>249.6</ele>
        <time>2025-09-02T16:15:19Z</time>
      </trkpt>
      <trkpt lat="-27.510425" lon="-64.870071">
        <ele>249.6</ele>
        <time>2025-09-02T16:15:29Z</time>
      </trkpt>
      <trkpt lat="-27.509858" lon="-64.869461">
        <ele>249.8</ele>
        <time>2025-09-02T16:15:49Z</time>
      </trkpt>
      <trkpt lat="-27.509425" lon="-64.86728">
        <ele>249.5</ele>
        <time>2025-09-02T16:17:29Z</time>
      </trkpt>
      <trkpt lat="-27.508667" lon="-64.86473">
        <ele>249.4</ele>
        <time>2025-09-02T16:18:29Z</time>
      </trkpt>
      <trkpt lat="-27.507918" lon="-64.863511">
        <ele>249.0</ele>
        <time>2025-09-02T16:18:59Z</time>
      </trkpt>
      <trkpt lat="-27.507661" lon="-64.862713">
        <ele>249.5</ele>
        <time>2025-09-02T16:21:39Z</time>
      </trkpt>
      <trkpt lat="-27.506932" lon="-64.86255">
        <ele>249.8</ele>
        <time>2025-09-02T16:21:59Z</time>
      </trkpt>
      <trkpt lat="-27.506632" lon="-64.862264">
        <ele>250.0</ele>
        <time>2025-09-02T16:22:09Z</time>
      </trkpt>
      <trkpt lat="-27.504461" lon="-64.858916">
        <ele>249.4</ele>
        <time>2025-09-02T16:23:39Z</time>
      </trkpt>
      <trkpt lat="-27.503807" lon="-64.858328">
        <ele>249.0</ele>
        <time>2025-09-02T16:23:59Z</time>
      </trkpt>
      <trkpt lat="-27.503424" lon="-64.857684">
        <ele>248.9</ele>
        <time>2025-09-02T16:24:19Z</time>
      </trkpt>
      <trkpt lat="-27.502444" lon="-64.857393">
        <ele>248.3</ele>
        <time>2025-09-02T16:24:49Z</time>
      </trkpt>
      <trkpt lat="-27.502224" lon="-64.856612">
        <ele>248.2</ele>
        <time>2025-09-02T16:25:09Z</time>
      </trkpt>
      <trkpt lat="-27.501818" lon="-64.856704">
        <ele>248.8</ele>
        <time>2025-09-02T16:25:29Z</time>
      </trkpt>
      <trkpt lat="-27.501603" lon="-64.855501">
        <ele>248.5</ele>
        <time>2025-09-02T16:26:49Z</time>
      </trkpt>
      <trkpt lat="-27.501282" lon="-64.855055">
        <ele>248.5</ele>
        <time>2025-09-02T16:28:09Z</time>
      </trkpt>
      <trkpt lat="-27.500831" lon="-64.85484">
        <ele>249.1</ele>
        <time>2025-09-02T16:29:09Z</time>
      </trkpt>
      <trkpt lat="-27.500894" lon="-64.854491">
        <ele>249.5</ele>
        <time>2025-09-02T16:30:59Z</time>
      </trkpt>
      <trkpt lat="-27.500989" lon="-64.854726">
        <ele>249.4</ele>
        <time>2025-09-02T16:31:19Z</time>
      </trkpt>
      <trkpt lat="-27.500378" lon="-64.855576">
        <ele>250.7</ele>
        <time>2025-09-02T16:33:39Z</time>
      </trkpt>
      <trkpt lat="-27.500338" lon="-64.856235">
        <ele>251.2</ele>
        <time>2025-09-02T16:34:39Z</time>
      </trkpt>
      <trkpt lat="-27.50076" lon="-64.856212">
        <ele>251.5</ele>
        <time>2025-09-02T16:34:59Z</time>
      </trkpt>
      <trkpt lat="-27.501193" lon="-64.855586">
        <ele>250.3</ele>
        <time>2025-09-02T16:35:19Z</time>
      </trkpt>
      <trkpt lat="-27.501572" lon="-64.855909">
        <ele>249.8</ele>
        <time>2025-09-02T16:35:39Z</time>
      </trkpt>
      <trkpt lat="-27.501769" lon="-64.856671">
        <ele>251.1</ele>
        <time>2025-09-02T16:37:29Z</time>
      </trkpt>
      <trkpt lat="-27.502011" lon="-64.8566">
        <ele>251.6</ele>
        <time>2025-09-02T16:40:49Z</time>
      </trkpt>
      <trkpt lat="-27.501774" lon="-64.856687">
        <ele>252.5</ele>
        <time>2025-09-02T16:45:28Z</time>
      </trkpt>
      <trkpt lat="-27.501504" lon="-64.857186">
        <ele>254.8</ele>
        <time>2025-09-02T16:45:58Z</time>
      </trkpt>
      <trkpt lat="-27.501041" lon="-64.857146">
        <ele>255.6</ele>
        <time>2025-09-02T16:46:18Z</time>
      </trkpt>
      <trkpt lat="-27.500857" lon="-64.85704">
        <ele>256.2</ele>
        <time>2025-09-02T16:47:08Z</time>
      </trkpt>
      <trkpt lat="-27.500954" lon="-64.85628">
        <ele>257.4</ele>
        <time>2025-09-02T16:47:38Z</time>
      </trkpt>
      <trkpt lat="-27.50167" lon="-64.85558">
        <ele>258.2</ele>
        <time>2025-09-02T16:48:08Z</time>
      </trkpt>
      <trkpt lat="-27.501019" lon="-64.856184">
        <ele>258.1</ele>
        <time>2025-09-02T16:48:48Z</time>
      </trkpt>
      <trkpt lat="-27.500867" lon="-64.856589">
        <ele>257.1</ele>
        <time>2025-09-02T16:48:58Z</time>
      </trkpt>
      <trkpt lat="-27.500893" lon="-64.85828">
        <ele>257.0</ele>
        <time>2025-09-02T16:49:48Z</time>
      </trkpt>
      <trkpt lat="-27.500464" lon="-64.859185">
        <ele>260.9</ele>
        <time>2025-09-02T16:50:18Z</time>
      </trkpt>
      <trkpt lat="-27.49925" lon="-64.860408">
        <ele>268.3</ele>
        <time>2025-09-02T16:51:18Z</time>
      </trkpt>
      <trkpt lat="-27.497213" lon="-64.860431">
        <ele>269.7</ele>
        <time>2025-09-02T16:55:48Z</time>
      </trkpt>
      <trkpt lat="-27.495656" lon="-64.861177">
        <ele>270.4</ele>
        <time>2025-09-02T16:57:18Z</time>
      </trkpt>
      <trkpt lat="-27.497755" lon="-64.863999">
        <ele>272.6</ele>
        <time>2025-09-02T16:58:58Z</time>
      </trkpt>
      <trkpt lat="-27.4977" lon="-64.864384">
        <ele>272.7</ele>
        <time>2025-09-02T16:59:08Z</time>
      </trkpt>
      <trkpt lat="-27.497148" lon="-64.864944">
        <ele>273.1</ele>
        <time>2025-09-02T16:59:28Z</time>
      </trkpt>
      <trkpt lat="-27.497291" lon="-64.865112">
        <ele>273.0</ele>
        <time>2025-09-02T16:59:38Z</time>
      </trkpt>
      <trkpt lat="-27.498556" lon="-64.86356">
        <ele>273.5</ele>
        <time>2025-09-02T17:04:38Z</time>
      </trkpt>
      <trkpt lat="-27.497601" lon="-64.862291">
        <ele>274.4</ele>
        <time>2025-09-02T17:06:58Z</time>
      </trkpt>
      <trkpt lat="-27.498236" lon="-64.861456">
        <ele>273.9</ele>
        <time>2025-09-02T17:07:38Z</time>
      </trkpt>
      <trkpt lat="-27.496977" lon="-64.862761">
        <ele>275.8</ele>
        <time>2025-09-02T17:09:18Z</time>
      </trkpt>
      <trkpt lat="-27.497348" lon="-64.86333">
        <ele>276.1</ele>
        <time>2025-09-02T17:09:48Z</time>
      </trkpt>
      <trkpt lat="-27.497027" lon="-64.862936">
        <ele>276.3</ele>
        <time>2025-09-02T17:10:08Z</time>
      </trkpt>
      <trkpt lat="-27.496678" lon="-64.863069">
        <ele>276.4</ele>
        <time>2025-09-02T17:10:28Z</time>
      </trkpt>
      <trkpt lat="-27.496663" lon="-64.863254">
        <ele>276.3</ele>
        <time>2025-09-02T17:15:08Z</time>
      </trkpt>
      <trkpt lat="-27.496731" lon="-64.863067">
        <ele>276.6</ele>
        <time>2025-09-02T17:15:58Z</time>
      </trkpt>
      <trkpt lat="-27.496822" lon="-64.863164">
        <ele>278.0</ele>
        <time>2025-09-02T17:20:48Z</time>
      </trkpt>
      <trkpt lat="-27.496694" lon="-64.863356">
        <ele>283.2</ele>
        <time>2025-09-02T17:44:48Z</time>
      </trkpt>
      <trkpt lat="-27.49673" lon="-64.863096">
        <ele>285.2</ele>
        <time>2025-09-02T17:52:08Z</time>
      </trkpt>
      <trkpt lat="-27.496655" lon="-64.863387">
        <ele>285.7</ele>
        <time>2025-09-02T17:59:18Z</time>
      </trkpt>
      <trkpt lat="-27.496595" lon="-64.863235">
        <ele>285.9</ele>
        <time>2025-09-02T18:00:08Z</time>
      </trkpt>
      <trkpt lat="-27.496768" lon="-64.863153">
        <ele>287.1</ele>
        <time>2025-09-02T18:05:18Z</time>
      </trkpt>
      <trkpt lat="-27.496802" lon="-64.863329">
        <ele>288.0</ele>
        <time>2025-09-02T18:10:48Z</time>
      </trkpt>
      <trkpt lat="-27.496752" lon="-64.863048">
        <ele>290.6</ele>
        <time>2025-09-02T18:22:58Z</time>
      </trkpt>
      <trkpt lat="-27.496887" lon="-64.863145">
        <ele>291.2</ele>
        <time>2025-09-02T18:28:28Z</time>
      </trkpt>
      <trkpt lat="-27.496545" lon="-64.862962">
        <ele>292.7</ele>
        <time>2025-09-02T18:32:48Z</time>
      </trkpt>
      <trkpt lat="-27.496952" lon="-64.863114">
        <ele>293.0</ele>
        <time>2025-09-02T18:33:28Z</time>
      </trkpt>
      <trkpt lat="-27.49677" lon="-64.863079">
        <ele>292.8</ele>
        <time>2025-09-02T18:33:58Z</time>
      </trkpt>
      <trkpt lat="-27.497143" lon="-64.862741">
        <ele>292.8</ele>
        <time>2025-09-02T18:34:58Z</time>
      </trkpt>
      <trkpt lat="-27.496689" lon="-64.86307">
        <ele>293.5</ele>
        <time>2025-09-02T18:35:48Z</time>
      </trkpt>
      <trkpt lat="-27.496922" lon="-64.863144">
        <ele>293.1</ele>
        <time>2025-09-02T18:37:58Z</time>
      </trkpt>
      <trkpt lat="-27.496738" lon="-64.863132">
        <ele>293.2</ele>
        <time>2025-09-02T18:41:18Z</time>
      </trkpt>
      <trkpt lat="-27.500513" lon="-64.859197">
        <ele>284.9</ele>
        <time>2025-09-02T18:44:48Z</time>
      </trkpt>
      <trkpt lat="-27.500912" lon="-64.8585">
        <ele>280.5</ele>
        <time>2025-09-02T18:44:58Z</time>
      </trkpt>
      <trkpt lat="-27.500882" lon="-64.856383">
        <ele>281.0</ele>
        <time>2025-09-02T18:45:28Z</time>
      </trkpt>
      <trkpt lat="-27.501224" lon="-64.85591">
        <ele>282.4</ele>
        <time>2025-09-02T18:45:38Z</time>
      </trkpt>
      <trkpt lat="-27.504983" lon="-64.852913">
        <ele>281.5</ele>
        <time>2025-09-02T18:47:08Z</time>
      </trkpt>
      <trkpt lat="-27.507002" lon="-64.851729">
        <ele>285.4</ele>
        <time>2025-09-02T18:47:58Z</time>
      </trkpt>
      <trkpt lat="-27.509888" lon="-64.8577">
        <ele>286.1</ele>
        <time>2025-09-02T18:50:08Z</time>
      </trkpt>
      <trkpt lat="-27.512566" lon="-64.86117">
        <ele>285.4</ele>
        <time>2025-09-02T18:51:28Z</time>
      </trkpt>
      <trkpt lat="-27.514351" lon="-64.86482">
        <ele>286.5</ele>
        <time>2025-09-02T18:52:48Z</time>
      </trkpt>
      <trkpt lat="-27.521789" lon="-64.873337">
        <ele>289.1</ele>
        <time>2025-09-02T18:56:38Z</time>
      </trkpt>
      <trkpt lat="-27.523309" lon="-64.875285">
        <ele>290.1</ele>
        <time>2025-09-02T18:57:28Z</time>
      </trkpt>
      <trkpt lat="-27.523663" lon="-64.875514">
        <ele>290.6</ele>
        <time>2025-09-02T18:57:38Z</time>
      </trkpt>
      <trkpt lat="-27.524434" lon="-64.875664">
        <ele>291.5</ele>
        <time>2025-09-02T18:57:58Z</time>
      </trkpt>
      <trkpt lat="-27.525244" lon="-64.8754">
        <ele>292.5</ele>
        <time>2025-09-02T18:58:18Z</time>
      </trkpt>
      <trkpt lat="-27.533737" lon="-64.869677">
        <ele>303.2</ele>
        <time>2025-09-02T19:04:28Z</time>
      </trkpt>
      <trkpt lat="-27.534403" lon="-64.870693">
        <ele>302.0</ele>
        <time>2025-09-02T19:04:58Z</time>
      </trkpt>
      <trkpt lat="-27.53603" lon="-64.872153">
        <ele>302.5</ele>
        <time>2025-09-02T19:05:48Z</time>
      </trkpt>
      <trkpt lat="-27.536799" lon="-64.872419">
        <ele>302.5</ele>
        <time>2025-09-02T19:06:08Z</time>
      </trkpt>
      <trkpt lat="-27.537542" lon="-64.87312">
        <ele>303.0</ele>
        <time>2025-09-02T19:06:38Z</time>
      </trkpt>
      <trkpt lat="-27.537666" lon="-64.873025">
        <ele>302.9</ele>
        <time>2025-09-02T19:06:48Z</time>
      </trkpt>
      <trkpt lat="-27.537469" lon="-64.872728">
        <ele>303.7</ele>
        <time>2025-09-02T19:07:38Z</time>
      </trkpt>
      <trkpt lat="-27.537602" lon="-64.872707">
        <ele>306.0</ele>
        <time>2025-09-02T19:35:39Z</time>
      </trkpt>
      <trkpt lat="-27.537448" lon="-64.87278">
        <ele>302.7</ele>
        <time>2025-09-02T21:38:38Z</time>
      </trkpt>
      <trkpt lat="-27.537491" lon="-64.872647">
        <ele>303.1</ele>
        <time>2025-09-02T21:44:28Z</time>
      </trkpt>
      <trkpt lat="-27.538224" lon="-64.873792">
        <ele>303.3</ele>
        <time>2025-09-02T21:45:28Z</time>
      </trkpt>
      <trkpt lat="-27.539145" lon="-64.873714">
        <ele>308.2</ele>
        <time>2025-09-02T21:47:38Z</time>
      </trkpt>
      <trkpt lat="-27.541322" lon="-64.87217">
        <ele>308.7</ele>
        <time>2025-09-02T21:48:28Z</time>
      </trkpt>
      <trkpt lat="-27.542214" lon="-64.873942">
        <ele>304.3</ele>
        <time>2025-09-02T21:49:28Z</time>
      </trkpt>
      <trkpt lat="-27.542302" lon="-64.874442">
        <ele>303.8</ele>
        <time>2025-09-02T21:49:48Z</time>
      </trkpt>
      <trkpt lat="-27.538909" lon="-64.876983">
        <ele>302.3</ele>
        <time>2025-09-02T21:54:18Z</time>
      </trkpt>
      <trkpt lat="-27.540919" lon="-64.875575">
        <ele>301.3</ele>
        <time>2025-09-02T21:56:38Z</time>
      </trkpt>
      <trkpt lat="-27.539001" lon="-64.876868">
        <ele>301.7</ele>
        <time>2025-09-02T21:58:38Z</time>
      </trkpt>
      <trkpt lat="-27.540774" lon="-64.875667">
        <ele>302.4</ele>
        <time>2025-09-02T22:00:18Z</time>
      </trkpt>
      <trkpt lat="-27.542256" lon="-64.874388">
        <ele>303.5</ele>
        <time>2025-09-02T22:02:08Z</time>
      </trkpt>
      <trkpt lat="-27.542015" lon="-64.873509">
        <ele>304.6</ele>
        <time>2025-09-02T22:04:38Z</time>
      </trkpt>
      <trkpt lat="-27.541355" lon="-64.872321">
        <ele>308.1</ele>
        <time>2025-09-02T22:06:08Z</time>
      </trkpt>
      <trkpt lat="-27.541052" lon="-64.872265">
        <ele>308.6</ele>
        <time>2025-09-02T22:06:18Z</time>
      </trkpt>
      <trkpt lat="-27.536017" lon="-64.876165">
        <ele>307.7</ele>
        <time>2025-09-02T22:17:08Z</time>
      </trkpt>
      <trkpt lat="-27.539444" lon="-64.873485">
        <ele>307.6</ele>
        <time>2025-09-02T22:20:58Z</time>
      </trkpt>
      <trkpt lat="-27.537146" lon="-64.875222">
        <ele>307.2</ele>
        <time>2025-09-02T22:25:18Z</time>
      </trkpt>
      <trkpt lat="-27.539142" lon="-64.873723">
        <ele>306.8</ele>
        <time>2025-09-02T22:32:58Z</time>
      </trkpt>
      <trkpt lat="-27.538174" lon="-64.873732">
        <ele>299.4</ele>
        <time>2025-09-02T22:37:58Z</time>
      </trkpt>
      <trkpt lat="-27.537743" lon="-64.873196">
        <ele>299.3</ele>
        <time>2025-09-02T22:38:49Z</time>
      </trkpt>
      <trkpt lat="-27.537482" lon="-64.872681">
        <ele>299.3</ele>
        <time>2025-09-02T22:39:48Z</time>
      </trkpt>
      <trkpt lat="-27.537629" lon="-64.872723">
        <ele>297.9</ele>
        <time>2025-09-02T22:44:38Z</time>
      </trkpt>
      <trkpt lat="-27.537446" lon="-64.872615">
        <ele>297.0</ele>
        <time>2025-09-02T22:55:58Z</time>
      </trkpt>
      <trkpt lat="-27.537447" lon="-64.872732">
        <ele>296.8</ele>
        <time>2025-09-02T22:56:18Z</time>
      </trkpt>
      <trkpt lat="-27.537601" lon="-64.872645">
        <ele>296.8</ele>
        <time>2025-09-02T22:57:48Z</time>
      </trkpt>
      <trkpt lat="-27.53743" lon="-64.872826">
        <ele>296.6</ele>
        <time>2025-09-02T22:59:58Z</time>
      </trkpt>
      <trkpt lat="-27.537523" lon="-64.872646">
        <ele>296.7</ele>
        <time>2025-09-02T23:01:38Z</time>
      </trkpt>
      <trkpt lat="-27.537451" lon="-64.872821">
        <ele>294.9</ele>
        <time>2025-09-02T23:04:28Z</time>
      </trkpt>
      <trkpt lat="-27.537628" lon="-64.872736">
        <ele>294.2</ele>
        <time>2025-09-02T23:07:49Z</time>
      </trkpt>
      <trkpt lat="-27.537547" lon="-64.872625">
        <ele>294.6</ele>
        <time>2025-09-02T23:11:49Z</time>
      </trkpt>
      <trkpt lat="-27.537455" lon="-64.872813">
        <ele>292.8</ele>
        <time>2025-09-02T23:16:49Z</time>
      </trkpt>
      <trkpt lat="-27.537527" lon="-64.872643">
        <ele>290.8</ele>
        <time>2025-09-02T23:44:59Z</time>
      </trkpt>
      <trkpt lat="-27.537628" lon="-64.872799">
        <ele>289.2</ele>
        <time>2025-09-02T23:50:08Z</time>
      </trkpt>
      <trkpt lat="-27.537597" lon="-64.872637">
        <ele>289.5</ele>
        <time>2025-09-02T23:53:58Z</time>
      </trkpt>
      <trkpt lat="-27.537424" lon="-64.87282">
        <ele>283.0</ele>
        <time>2025-09-03T00:39:08Z</time>
      </trkpt>
      <trkpt lat="-27.537793" lon="-64.872304">
        <ele>279.6</ele>
        <time>2025-09-03T09:40:51Z</time>
      </trkpt>
      <trkpt lat="-27.537405" lon="-64.87271">
        <ele>273.0</ele>
        <time>2025-09-03T10:49:02Z</time>
      </trkpt>
      <trkpt lat="-27.538234" lon="-64.873822">
        <ele>272.7</ele>
        <time>2025-09-03T11:05:22Z</time>
      </trkpt>
      <trkpt lat="-27.538863" lon="-64.873658">
        <ele>273.8</ele>
        <time>2025-09-03T11:06:22Z</time>
      </trkpt>
      <trkpt lat="-27.540782" lon="-64.872174">
        <ele>276.5</ele>
        <time>2025-09-03T11:09:32Z</time>
      </trkpt>
      <trkpt lat="-27.540889" lon="-64.872342">
        <ele>277.0</ele>
        <time>2025-09-03T11:10:22Z</time>
      </trkpt>
      <trkpt lat="-27.506884" lon="-64.898745">
        <ele>275.4</ele>
        <time>2025-09-03T11:32:41Z</time>
      </trkpt>
      <trkpt lat="-27.50607" lon="-64.898543">
        <ele>275.4</ele>
        <time>2025-09-03T11:33:01Z</time>
      </trkpt>
      <trkpt lat="-27.505784" lon="-64.898788">
        <ele>275.7</ele>
        <time>2025-09-03T11:33:11Z</time>
      </trkpt>
      <trkpt lat="-27.505856" lon="-64.899253">
        <ele>274.7</ele>
        <time>2025-09-03T11:33:21Z</time>
      </trkpt>
      <trkpt lat="-27.506212" lon="-64.899555">
        <ele>274.0</ele>
        <time>2025-09-03T11:33:31Z</time>
      </trkpt>
      <trkpt lat="-27.506575" lon="-64.899336">
        <ele>273.6</ele>
        <time>2025-09-03T11:33:41Z</time>
      </trkpt>
      <trkpt lat="-27.506533" lon="-64.898858">
        <ele>274.2</ele>
        <time>2025-09-03T11:33:51Z</time>
      </trkpt>
      <trkpt lat="-27.505635" lon="-64.898151">
        <ele>275.9</ele>
        <time>2025-09-03T11:34:21Z</time>
      </trkpt>
      <trkpt lat="-27.502427" lon="-64.892833">
        <ele>270.1</ele>
        <time>2025-09-03T11:36:21Z</time>
      </trkpt>
      <trkpt lat="-27.50221" lon="-64.892152">
        <ele>268.9</ele>
        <time>2025-09-03T11:36:31Z</time>
      </trkpt>
      <trkpt lat="-27.502302" lon="-64.890873">
        <ele>268.4</ele>
        <time>2025-09-03T11:36:51Z</time>
      </trkpt>
      <trkpt lat="-27.504483" lon="-64.883302">
        <ele>260.2</ele>
        <time>2025-09-03T11:39:02Z</time>
      </trkpt>
      <trkpt lat="-27.504278" lon="-64.88194">
        <ele>259.0</ele>
        <time>2025-09-03T11:39:22Z</time>
      </trkpt>
      <trkpt lat="-27.497522" lon="-64.873466">
        <ele>259.4</ele>
        <time>2025-09-03T11:42:52Z</time>
      </trkpt>
      <trkpt lat="-27.497454" lon="-64.873163">
        <ele>259.2</ele>
        <time>2025-09-03T11:44:22Z</time>
      </trkpt>
      <trkpt lat="-27.496839" lon="-64.872652">
        <ele>259.9</ele>
        <time>2025-09-03T11:45:52Z</time>
      </trkpt>
      <trkpt lat="-27.492709" lon="-64.867475">
        <ele>258.0</ele>
        <time>2025-09-03T11:48:42Z</time>
      </trkpt>
      <trkpt lat="-27.492631" lon="-64.867197">
        <ele>258.5</ele>
        <time>2025-09-03T11:49:32Z</time>
      </trkpt>
      <trkpt lat="-27.492838" lon="-64.866962">
        <ele>258.3</ele>
        <time>2025-09-03T11:49:42Z</time>
      </trkpt>
      <trkpt lat="-27.492827" lon="-64.866597">
        <ele>258.7</ele>
        <time>2025-09-03T11:55:52Z</time>
      </trkpt>
      <trkpt lat="-27.492999" lon="-64.866593">
        <ele>257.0</ele>
        <time>2025-09-03T11:59:22Z</time>
      </trkpt>
      <trkpt lat="-27.492749" lon="-64.866585">
        <ele>257.2</ele>
        <time>2025-09-03T12:02:22Z</time>
      </trkpt>
      <trkpt lat="-27.493033" lon="-64.866736">
        <ele>257.1</ele>
        <time>2025-09-03T12:06:41Z</time>
      </trkpt>
      <trkpt lat="-27.492793" lon="-64.866563">
        <ele>255.7</ele>
        <time>2025-09-03T12:16:12Z</time>
      </trkpt>
      <trkpt lat="-27.492732" lon="-64.866665">
        <ele>254.0</ele>
        <time>2025-09-03T12:26:32Z</time>
      </trkpt>
      <trkpt lat="-27.492942" lon="-64.866568">
        <ele>253.4</ele>
        <time>2025-09-03T12:27:12Z</time>
      </trkpt>
      <trkpt lat="-27.492793" lon="-64.866377">
        <ele>252.8</ele>
        <time>2025-09-03T12:28:22Z</time>
      </trkpt>
      <trkpt lat="-27.493099" lon="-64.866458">
        <ele>251.9</ele>
        <time>2025-09-03T12:28:52Z</time>
      </trkpt>
      <trkpt lat="-27.492671" lon="-64.866754">
        <ele>252.2</ele>
        <time>2025-09-03T12:30:02Z</time>
      </trkpt>
      <trkpt lat="-27.492844" lon="-64.86693">
        <ele>252.1</ele>
        <time>2025-09-03T12:30:32Z</time>
      </trkpt>
      <trkpt lat="-27.492597" lon="-64.866832">
        <ele>251.7</ele>
        <time>2025-09-03T12:32:42Z</time>
      </trkpt>
      <trkpt lat="-27.493042" lon="-64.866511">
        <ele>250.6</ele>
        <time>2025-09-03T12:33:22Z</time>
      </trkpt>
      <trkpt lat="-27.49321" lon="-64.866122">
        <ele>251.0</ele>
        <time>2025-09-03T12:35:52Z</time>
      </trkpt>
      <trkpt lat="-27.493072" lon="-64.866072">
        <ele>251.1</ele>
        <time>2025-09-03T12:36:12Z</time>
      </trkpt>
      <trkpt lat="-27.492784" lon="-64.866331">
        <ele>251.1</ele>
        <time>2025-09-03T12:37:12Z</time>
      </trkpt>
      <trkpt lat="-27.492962" lon="-64.866387">
        <ele>251.5</ele>
        <time>2025-09-03T12:38:22Z</time>
      </trkpt>
      <trkpt lat="-27.492724" lon="-64.866708">
        <ele>252.4</ele>
        <time>2025-09-03T12:42:22Z</time>
      </trkpt>
      <trkpt lat="-27.492937" lon="-64.86664">
        <ele>251.5</ele>
        <time>2025-09-03T12:46:02Z</time>
      </trkpt>
      <trkpt lat="-27.492701" lon="-64.866798">
        <ele>253.5</ele>
        <time>2025-09-03T13:00:32Z</time>
      </trkpt>
      <trkpt lat="-27.492736" lon="-64.867057">
        <ele>253.7</ele>
        <time>2025-09-03T13:02:32Z</time>
      </trkpt>
      <trkpt lat="-27.491929" lon="-64.868219">
        <ele>256.5</ele>
        <time>2025-09-03T13:03:32Z</time>
      </trkpt>
      <trkpt lat="-27.484266" lon="-64.875922">
        <ele>266.0</ele>
        <time>2025-09-03T13:09:12Z</time>
      </trkpt>
      <trkpt lat="-27.484185" lon="-64.876289">
        <ele>266.0</ele>
        <time>2025-09-03T13:09:22Z</time>
      </trkpt>
      <trkpt lat="-27.484548" lon="-64.876286">
        <ele>265.6</ele>
        <time>2025-09-03T13:09:32Z</time>
      </trkpt>
      <trkpt lat="-27.484608" lon="-64.875873">
        <ele>265.5</ele>
        <time>2025-09-03T13:09:42Z</time>
      </trkpt>
      <trkpt lat="-27.484308" lon="-64.87597">
        <ele>265.8</ele>
        <time>2025-09-03T13:09:52Z</time>
      </trkpt>
      <trkpt lat="-27.484268" lon="-64.876309">
        <ele>265.9</ele>
        <time>2025-09-03T13:10:02Z</time>
      </trkpt>
      <trkpt lat="-27.484598" lon="-64.875987">
        <ele>265.6</ele>
        <time>2025-09-03T13:10:12Z</time>
      </trkpt>
      <trkpt lat="-27.484305" lon="-64.875962">
        <ele>265.8</ele>
        <time>2025-09-03T13:10:22Z</time>
      </trkpt>
      <trkpt lat="-27.484227" lon="-64.87624">
        <ele>265.7</ele>
        <time>2025-09-03T13:10:42Z</time>
      </trkpt>
      <trkpt lat="-27.484354" lon="-64.876304">
        <ele>264.5</ele>
        <time>2025-09-03T13:17:52Z</time>
      </trkpt>
      <trkpt lat="-27.484596" lon="-64.876007">
        <ele>264.3</ele>
        <time>2025-09-03T13:18:02Z</time>
      </trkpt>
      <trkpt lat="-27.48423" lon="-64.875927">
        <ele>265.0</ele>
        <time>2025-09-03T13:18:42Z</time>
      </trkpt>
      <trkpt lat="-27.481633" lon="-64.878735">
        <ele>263.5</ele>
        <time>2025-09-03T13:22:32Z</time>
      </trkpt>
      <trkpt lat="-27.480216" lon="-64.88132">
        <ele>264.7</ele>
        <time>2025-09-03T13:23:42Z</time>
      </trkpt>
      <trkpt lat="-27.478723" lon="-64.886414">
        <ele>264.4</ele>
        <time>2025-09-03T13:25:32Z</time>
      </trkpt>
      <trkpt lat="-27.478101" lon="-64.887741">
        <ele>265.3</ele>
        <time>2025-09-03T13:26:02Z</time>
      </trkpt>
      <trkpt lat="-27.468493" lon="-64.898414">
        <ele>268.1</ele>
        <time>2025-09-03T13:30:42Z</time>
      </trkpt>
      <trkpt lat="-27.467015" lon="-64.899614">
        <ele>269.0</ele>
        <time>2025-09-03T13:31:22Z</time>
      </trkpt>
      <trkpt lat="-27.451655" lon="-64.909691">
        <ele>264.8</ele>
        <time>2025-09-03T13:36:51Z</time>
      </trkpt>
      <trkpt lat="-27.437679" lon="-64.919844">
        <ele>271.9</ele>
        <time>2025-09-03T13:42:11Z</time>
      </trkpt>
      <trkpt lat="-27.424249" lon="-64.928119">
        <ele>279.5</ele>
        <time>2025-09-03T13:47:21Z</time>
      </trkpt>
      <trkpt lat="-27.380423" lon="-64.948133">
        <ele>283.1</ele>
        <time>2025-09-03T14:04:01Z</time>
      </trkpt>
      <trkpt lat="-27.372344" lon="-64.952498">
        <ele>284.2</ele>
        <time>2025-09-03T14:14:51Z</time>
      </trkpt>
      <trkpt lat="-27.370924" lon="-64.952969">
        <ele>284.6</ele>
        <time>2025-09-03T14:15:41Z</time>
      </trkpt>
      <trkpt lat="-27.369925" lon="-64.953523">
        <ele>285.4</ele>
        <time>2025-09-03T14:16:11Z</time>
      </trkpt>
      <trkpt lat="-27.369063" lon="-64.95427">
        <ele>285.1</ele>
        <time>2025-09-03T14:16:41Z</time>
      </trkpt>
      <trkpt lat="-27.321189" lon="-64.980204">
        <ele>292.1</ele>
        <time>2025-09-03T14:35:31Z</time>
      </trkpt>
      <trkpt lat="-27.319618" lon="-64.981534">
        <ele>292.0</ele>
        <time>2025-09-03T14:36:11Z</time>
      </trkpt>
      <trkpt lat="-27.294937" lon="-65.005232">
        <ele>294.6</ele>
        <time>2025-09-03T14:47:01Z</time>
      </trkpt>
      <trkpt lat="-27.226502" lon="-65.071515">
        <ele>309.5</ele>
        <time>2025-09-03T15:18:41Z</time>
      </trkpt>
      <trkpt lat="-27.225189" lon="-65.072754">
        <ele>309.6</ele>
        <time>2025-09-03T15:19:21Z</time>
      </trkpt>
      <trkpt lat="-27.224705" lon="-65.072789">
        <ele>307.4</ele>
        <time>2025-09-03T15:23:31Z</time>
      </trkpt>
      <trkpt lat="-27.22451" lon="-65.073089">
        <ele>308.0</ele>
        <time>2025-09-03T15:25:11Z</time>
      </trkpt>
      <trkpt lat="-27.224702" lon="-65.072779">
        <ele>308.3</ele>
        <time>2025-09-03T15:27:31Z</time>
      </trkpt>
      <trkpt lat="-27.22486" lon="-65.0727">
        <ele>308.0</ele>
        <time>2025-09-03T15:30:31Z</time>
      </trkpt>
      <trkpt lat="-27.224733" lon="-65.072842">
        <ele>312.4</ele>
        <time>2025-09-03T15:59:41Z</time>
      </trkpt>
      <trkpt lat="-27.225039" lon="-65.07288">
        <ele>314.4</ele>
        <time>2025-09-03T16:05:41Z</time>
      </trkpt>
      <trkpt lat="-27.224854" lon="-65.07311">
        <ele>315.8</ele>
        <time>2025-09-03T16:07:51Z</time>
      </trkpt>
      <trkpt lat="-27.207722" lon="-65.089613">
        <ele>319.5</ele>
        <time>2025-09-03T16:15:31Z</time>
      </trkpt>
      <trkpt lat="-27.184939" lon="-65.111454">
        <ele>324.9</ele>
        <time>2025-09-03T16:26:31Z</time>
      </trkpt>
      <trkpt lat="-27.181646" lon="-65.114316">
        <ele>325.6</ele>
        <time>2025-09-03T16:28:21Z</time>
      </trkpt>
      <trkpt lat="-27.16663" lon="-65.128637">
        <ele>331.2</ele>
        <time>2025-09-03T16:35:21Z</time>
      </trkpt>
      <trkpt lat="-27.164934" lon="-65.129852">
        <ele>331.6</ele>
        <time>2025-09-03T16:36:01Z</time>
      </trkpt>
      <trkpt lat="-27.142752" lon="-65.141444">
        <ele>337.7</ele>
        <time>2025-09-03T16:43:51Z</time>
      </trkpt>
      <trkpt lat="-27.122016" lon="-65.150732">
        <ele>342.8</ele>
        <time>2025-09-03T16:50:41Z</time>
      </trkpt>
      <trkpt lat="-27.120023" lon="-65.151272">
        <ele>343.4</ele>
        <time>2025-09-03T16:51:21Z</time>
      </trkpt>
      <trkpt lat="-27.072404" lon="-65.153898">
        <ele>358.0</ele>
        <time>2025-09-03T17:09:11Z</time>
      </trkpt>
      <trkpt lat="-27.018841" lon="-65.156535">
        <ele>377.1</ele>
        <time>2025-09-03T17:29:11Z</time>
      </trkpt>
      <trkpt lat="-26.992182" lon="-65.157739">
        <ele>386.2</ele>
        <time>2025-09-03T17:38:01Z</time>
      </trkpt>
      <trkpt lat="-26.991958" lon="-65.157634">
        <ele>385.5</ele>
        <time>2025-09-03T17:38:11Z</time>
      </trkpt>
      <trkpt lat="-26.992898" lon="-65.157494">
        <ele>384.6</ele>
        <time>2025-09-03T17:39:31Z</time>
      </trkpt>
      <trkpt lat="-26.992725" lon="-65.157441">
        <ele>384.2</ele>
        <time>2025-09-03T17:41:01Z</time>
      </trkpt>
      <trkpt lat="-26.992974" lon="-65.157421">
        <ele>385.4</ele>
        <time>2025-09-03T17:43:21Z</time>
      </trkpt>
      <trkpt lat="-26.992817" lon="-65.157343">
        <ele>386.8</ele>
        <time>2025-09-03T17:58:01Z</time>
      </trkpt>
      <trkpt lat="-26.993022" lon="-65.157432">
        <ele>388.1</ele>
        <time>2025-09-03T18:20:22Z</time>
      </trkpt>
      <trkpt lat="-26.99279" lon="-65.157356">
        <ele>388.6</ele>
        <time>2025-09-03T18:31:52Z</time>
      </trkpt>
      <trkpt lat="-26.992914" lon="-65.157511">
        <ele>389.0</ele>
        <time>2025-09-03T18:33:22Z</time>
      </trkpt>
      <trkpt lat="-26.992148" lon="-65.157549">
        <ele>389.7</ele>
        <time>2025-09-03T18:35:22Z</time>
      </trkpt>
      <trkpt lat="-26.991406" lon="-65.15781">
        <ele>391.1</ele>
        <time>2025-09-03T18:36:01Z</time>
      </trkpt>
      <trkpt lat="-26.944703" lon="-65.160545">
        <ele>406.9</ele>
        <time>2025-09-03T18:52:22Z</time>
      </trkpt>
      <trkpt lat="-26.887478" lon="-65.164364">
        <ele>426.5</ele>
        <time>2025-09-03T19:11:11Z</time>
      </trkpt>
      <trkpt lat="-26.887214" lon="-65.164186">
        <ele>424.3</ele>
        <time>2025-09-03T19:14:11Z</time>
      </trkpt>
      <trkpt lat="-26.887383" lon="-65.164338">
        <ele>425.3</ele>
        <time>2025-09-03T19:16:41Z</time>
      </trkpt>
      <trkpt lat="-26.886993" lon="-65.164391">
        <ele>425.8</ele>
        <time>2025-09-03T19:17:01Z</time>
      </trkpt>
      <trkpt lat="-26.878247" lon="-65.164986">
        <ele>429.6</ele>
        <time>2025-09-03T19:20:21Z</time>
      </trkpt>
      <trkpt lat="-26.876967" lon="-65.16503">
        <ele>430.7</ele>
        <time>2025-09-03T19:20:51Z</time>
      </trkpt>
      <trkpt lat="-26.87609" lon="-65.164732">
        <ele>431.1</ele>
        <time>2025-09-03T19:21:11Z</time>
      </trkpt>
      <trkpt lat="-26.875623" lon="-65.164794">
        <ele>431.3</ele>
        <time>2025-09-03T19:21:21Z</time>
      </trkpt>
      <trkpt lat="-26.875237" lon="-65.165137">
        <ele>431.7</ele>
        <time>2025-09-03T19:21:31Z</time>
      </trkpt>
      <trkpt lat="-26.875366" lon="-65.166212">
        <ele>430.9</ele>
        <time>2025-09-03T19:21:51Z</time>
      </trkpt>
      <trkpt lat="-26.875797" lon="-65.166401">
        <ele>431.0</ele>
        <time>2025-09-03T19:22:01Z</time>
      </trkpt>
      <trkpt lat="-26.876736" lon="-65.165715">
        <ele>431.0</ele>
        <time>2025-09-03T19:22:21Z</time>
      </trkpt>
      <trkpt lat="-26.876733" lon="-65.165137">
        <ele>431.3</ele>
        <time>2025-09-03T19:22:31Z</time>
      </trkpt>
      <trkpt lat="-26.876254" lon="-65.164859">
        <ele>431.7</ele>
        <time>2025-09-03T19:22:41Z</time>
      </trkpt>
      <trkpt lat="-26.87567" lon="-65.164796">
        <ele>432.3</ele>
        <time>2025-09-03T19:22:51Z</time>
      </trkpt>
      <trkpt lat="-26.875233" lon="-65.165115">
        <ele>432.6</ele>
        <time>2025-09-03T19:23:01Z</time>
      </trkpt>
      <trkpt lat="-26.875232" lon="-65.166215">
        <ele>431.6</ele>
        <time>2025-09-03T19:23:21Z</time>
      </trkpt>
      <trkpt lat="-26.875064" lon="-65.166698">
        <ele>431.3</ele>
        <time>2025-09-03T19:23:31Z</time>
      </trkpt>
      <trkpt lat="-26.872546" lon="-65.171969">
        <ele>431.6</ele>
        <time>2025-09-03T19:27:11Z</time>
      </trkpt>
      <trkpt lat="-26.868348" lon="-65.181882">
        <ele>433.7</ele>
        <time>2025-09-03T19:31:11Z</time>
      </trkpt>
      <trkpt lat="-26.867443" lon="-65.183482">
        <ele>434.2</ele>
        <time>2025-09-03T19:31:41Z</time>
      </trkpt>
      <trkpt lat="-26.866657" lon="-65.184444">
        <ele>434.7</ele>
        <time>2025-09-03T19:32:01Z</time>
      </trkpt>
      <trkpt lat="-26.86533" lon="-65.18558">
        <ele>435.1</ele>
        <time>2025-09-03T19:32:31Z</time>
      </trkpt>
      <trkpt lat="-26.861736" lon="-65.188157">
        <ele>435.4</ele>
        <time>2025-09-03T19:34:01Z</time>
      </trkpt>
      <trkpt lat="-26.860374" lon="-65.188829">
        <ele>435.2</ele>
        <time>2025-09-03T19:34:31Z</time>
      </trkpt>
      <trkpt lat="-26.857122" lon="-65.191042">
        <ele>434.7</ele>
        <time>2025-09-03T19:36:01Z</time>
      </trkpt>
      <trkpt lat="-26.857178" lon="-65.191184">
        <ele>434.5</ele>
        <time>2025-09-03T19:45:41Z</time>
      </trkpt>
      <trkpt lat="-26.857051" lon="-65.191041">
        <ele>431.4</ele>
        <time>2025-09-03T20:04:01Z</time>
      </trkpt>
      <trkpt lat="-26.855867" lon="-65.191184">
        <ele>432.5</ele>
        <time>2025-09-03T20:05:41Z</time>
      </trkpt>
      <trkpt lat="-26.853794" lon="-65.192194">
        <ele>432.1</ele>
        <time>2025-09-03T20:06:41Z</time>
      </trkpt>
      <trkpt lat="-26.848104" lon="-65.192424">
        <ele>433.6</ele>
        <time>2025-09-03T20:08:51Z</time>
      </trkpt>
      <trkpt lat="-26.847296" lon="-65.192157">
        <ele>433.8</ele>
        <time>2025-09-03T20:09:11Z</time>
      </trkpt>
      <trkpt lat="-26.846602" lon="-65.192476">
        <ele>434.3</ele>
        <time>2025-09-03T20:09:31Z</time>
      </trkpt>
      <trkpt lat="-26.843663" lon="-65.192653">
        <ele>435.3</ele>
        <time>2025-09-03T20:10:41Z</time>
      </trkpt>
      <trkpt lat="-26.833364" lon="-65.192885">
        <ele>436.2</ele>
        <time>2025-09-03T20:14:31Z</time>
      </trkpt>
      <trkpt lat="-26.832682" lon="-65.192934">
        <ele>436.9</ele>
        <time>2025-09-03T20:14:51Z</time>
      </trkpt>
      <trkpt lat="-26.831883" lon="-65.193468">
        <ele>438.4</ele>
        <time>2025-09-03T20:17:21Z</time>
      </trkpt>
      <trkpt lat="-26.829915" lon="-65.192258">
        <ele>439.9</ele>
        <time>2025-09-03T20:19:31Z</time>
      </trkpt>
      <trkpt lat="-26.828561" lon="-65.191714">
        <ele>440.4</ele>
        <time>2025-09-03T20:20:11Z</time>
      </trkpt>
      <trkpt lat="-26.826315" lon="-65.191125">
        <ele>441.3</ele>
        <time>2025-09-03T20:21:11Z</time>
      </trkpt>
      <trkpt lat="-26.823855" lon="-65.19079">
        <ele>442.2</ele>
        <time>2025-09-03T20:22:21Z</time>
      </trkpt>
      <trkpt lat="-26.820815" lon="-65.191198">
        <ele>444.4</ele>
        <time>2025-09-03T20:25:51Z</time>
      </trkpt>
      <trkpt lat="-26.820557" lon="-65.191435">
        <ele>444.5</ele>
        <time>2025-09-03T20:26:01Z</time>
      </trkpt>
      <trkpt lat="-26.820341" lon="-65.192311">
        <ele>445.0</ele>
        <time>2025-09-03T20:26:21Z</time>
      </trkpt>
      <trkpt lat="-26.818758" lon="-65.201256">
        <ele>453.5</ele>
        <time>2025-09-03T20:32:11Z</time>
      </trkpt>
      <trkpt lat="-26.818651" lon="-65.201755">
        <ele>454.1</ele>
        <time>2025-09-03T20:32:31Z</time>
      </trkpt>
      <trkpt lat="-26.818454" lon="-65.201913">
        <ele>453.1</ele>
        <time>2025-09-03T20:37:11Z</time>
      </trkpt>
    </trkseg>
  </trk>
</gpx>
